Setting up a new session...
----------------- Options ---------------
                 CUT_mode: CUT                           
               batch_size: 1                             
                    beta1: 0.5                           
                    beta2: 0.999                         
          checkpoints_dir: ./checkpoints                 
           continue_train: False                         
                crop_size: 256                           
                 dataroot: ../doctr_cut_2d               	[default: placeholder]
             dataset_mode: unaligned                     
                direction: BtoA                          	[default: AtoB]
              display_env: main                          
             display_freq: 400                           
               display_id: None                          
            display_ncols: 4                             
             display_port: 8097                          
           display_server: http://localhost              
          display_winsize: 256                           
               easy_label: experiment_name               
                    epoch: latest                        
              epoch_count: 1                             
          evaluation_freq: 5000                          
        flip_equivariance: False                         
                 gan_mode: lsgan                         
                  gpu_ids: 0                             
                init_gain: 0.02                          
                init_type: xavier                        
                 input_nc: 3                             
                  isTrain: True                          	[default: None]
               lambda_GAN: 1.0                           
               lambda_NCE: 1.0                           
                load_size: 286                           
                       lr: 0.0002                        
           lr_decay_iters: 50                            
                lr_policy: linear                        
         max_dataset_size: inf                           
                    model: cut                           
                 n_epochs: 30                            	[default: 200]
           n_epochs_decay: 30                            	[default: 200]
               n_layers_D: 2                             	[default: 3]
                     name: doctr_SD_to_SELFF_nl2         	[default: experiment_name]
                    nce_T: 0.07                          
                  nce_idt: True                          
nce_includes_all_negatives_from_minibatch: False                         
               nce_layers: 0,4,8,12,16                   
                      ndf: 64                            
                     netD: n_layers                      	[default: basic]
                     netF: mlp_sample                    
                  netF_nc: 256                           
                     netG: resnet_9blocks                
                      ngf: 64                            
             no_antialias: False                         
          no_antialias_up: False                         
               no_dropout: True                          
                  no_flip: False                         
                  no_html: False                         
                    normD: instance                      
                    normG: instance                      
              num_patches: 256                           
              num_threads: 4                             
                output_nc: 3                             
                    phase: train                         
                pool_size: 0                             
               preprocess: none                          	[default: resize_and_crop]
          pretrained_name: None                          
               print_freq: 100                           
         random_scale_max: 3.0                           
             save_by_iter: False                         
          save_epoch_freq: 5                             
         save_latest_freq: 5000                          
           serial_batches: False                         
stylegan2_G_num_downsampling: 1                             
                   suffix:                               
         update_html_freq: 1000                          
                  verbose: False                         
----------------- End -------------------
dataset [UnalignedDataset] was created
model [CUTModel] was created
The number of training images = 3712
create web directory ./checkpoints/doctr_SD_to_SELFF_nl2/web...
/home/vogg/contrastive-unpaired-translation/models/networks.py:569: UserWarning: To copy construct from a tensor, it is recommended to use sourceTensor.detach().clone() or sourceTensor.detach().clone().requires_grad_(True), rather than torch.tensor(sourceTensor).
  patch_id = torch.tensor(patch_id, dtype=torch.long, device=feat.device)
/home/vogg/contrastive-unpaired-translation/models/base_model.py:161: UserWarning: Converting a tensor with requires_grad=True to a scalar may lead to unexpected behavior.
Consider using tensor.detach() first. (Triggered internally at /pytorch/torch/csrc/autograd/generated/python_variable_methods.cpp:835.)
  errors_ret[name] = float(getattr(self, 'loss_' + name))  # float(...) works for both scalar tensor and float number
---------- Networks initialized -------------
[Network G] Total number of parameters : 11.378 M
[Network F] Total number of parameters : 0.560 M
[Network D] Total number of parameters : 0.663 M
-----------------------------------------------
(epoch: 1, iters: 100, time: 0.133, data: 0.061) G_GAN: 0.355 D_real: 0.155 D_fake: 0.185 G: 5.136 NCE: 4.744 NCE_Y: 4.817 
(epoch: 1, iters: 200, time: 0.122, data: 0.001) G_GAN: 0.752 D_real: 0.026 D_fake: 0.067 G: 4.961 NCE: 4.131 NCE_Y: 4.288 
(epoch: 1, iters: 300, time: 0.116, data: 0.001) G_GAN: 0.841 D_real: 0.130 D_fake: 0.138 G: 5.377 NCE: 4.592 NCE_Y: 4.479 
(epoch: 1, iters: 400, time: 0.112, data: 0.002) G_GAN: 0.585 D_real: 0.093 D_fake: 0.346 G: 4.782 NCE: 4.339 NCE_Y: 4.055 
(epoch: 1, iters: 500, time: 0.109, data: 0.002) G_GAN: 0.334 D_real: 0.296 D_fake: 0.164 G: 3.782 NCE: 3.572 NCE_Y: 3.326 
(epoch: 1, iters: 600, time: 0.108, data: 0.001) G_GAN: 0.489 D_real: 0.168 D_fake: 0.216 G: 3.763 NCE: 3.450 NCE_Y: 3.098 
(epoch: 1, iters: 700, time: 0.107, data: 0.001) G_GAN: 0.642 D_real: 0.176 D_fake: 0.076 G: 4.078 NCE: 3.581 NCE_Y: 3.290 
(epoch: 1, iters: 800, time: 0.106, data: 0.002) G_GAN: 0.479 D_real: 0.192 D_fake: 0.094 G: 2.924 NCE: 2.608 NCE_Y: 2.283 
(epoch: 1, iters: 900, time: 0.106, data: 0.001) G_GAN: 0.587 D_real: 0.138 D_fake: 0.215 G: 3.189 NCE: 2.665 NCE_Y: 2.540 
(epoch: 1, iters: 1000, time: 0.106, data: 0.001) G_GAN: 0.437 D_real: 0.344 D_fake: 0.254 G: 2.923 NCE: 2.704 NCE_Y: 2.269 
(epoch: 1, iters: 1100, time: 0.107, data: 0.001) G_GAN: 0.458 D_real: 0.196 D_fake: 0.102 G: 2.732 NCE: 2.575 NCE_Y: 1.972 
(epoch: 1, iters: 1200, time: 0.107, data: 0.001) G_GAN: 0.531 D_real: 0.136 D_fake: 0.132 G: 2.426 NCE: 2.075 NCE_Y: 1.715 
(epoch: 1, iters: 1300, time: 0.107, data: 0.001) G_GAN: 0.571 D_real: 0.170 D_fake: 0.165 G: 2.416 NCE: 1.889 NCE_Y: 1.799 
(epoch: 1, iters: 1400, time: 0.107, data: 0.001) G_GAN: 0.575 D_real: 0.317 D_fake: 0.109 G: 3.191 NCE: 2.686 NCE_Y: 2.546 
(epoch: 1, iters: 1500, time: 0.107, data: 0.001) G_GAN: 0.612 D_real: 0.258 D_fake: 0.035 G: 2.629 NCE: 2.359 NCE_Y: 1.676 
(epoch: 1, iters: 1600, time: 0.107, data: 0.001) G_GAN: 0.518 D_real: 0.092 D_fake: 0.130 G: 2.378 NCE: 1.993 NCE_Y: 1.725 
(epoch: 1, iters: 1700, time: 0.107, data: 0.001) G_GAN: 0.693 D_real: 0.160 D_fake: 0.073 G: 2.625 NCE: 2.121 NCE_Y: 1.741 
(epoch: 1, iters: 1800, time: 0.107, data: 0.001) G_GAN: 0.486 D_real: 0.153 D_fake: 0.101 G: 2.209 NCE: 1.830 NCE_Y: 1.615 
(epoch: 1, iters: 1900, time: 0.107, data: 0.001) G_GAN: 0.668 D_real: 0.280 D_fake: 0.064 G: 3.109 NCE: 2.264 NCE_Y: 2.618 
(epoch: 1, iters: 2000, time: 0.107, data: 0.001) G_GAN: 0.917 D_real: 0.131 D_fake: 0.042 G: 3.013 NCE: 2.203 NCE_Y: 1.987 
(epoch: 1, iters: 2100, time: 0.107, data: 0.001) G_GAN: 0.695 D_real: 0.030 D_fake: 0.109 G: 2.645 NCE: 2.269 NCE_Y: 1.631 
(epoch: 1, iters: 2200, time: 0.107, data: 0.002) G_GAN: 0.766 D_real: 0.436 D_fake: 0.081 G: 2.453 NCE: 1.870 NCE_Y: 1.504 
(epoch: 1, iters: 2300, time: 0.107, data: 0.001) G_GAN: 0.687 D_real: 0.205 D_fake: 0.103 G: 2.486 NCE: 2.129 NCE_Y: 1.469 
(epoch: 1, iters: 2400, time: 0.106, data: 0.001) G_GAN: 0.652 D_real: 0.037 D_fake: 0.138 G: 2.403 NCE: 1.890 NCE_Y: 1.613 
(epoch: 1, iters: 2500, time: 0.106, data: 0.001) G_GAN: 0.703 D_real: 0.143 D_fake: 0.112 G: 2.323 NCE: 1.856 NCE_Y: 1.385 
(epoch: 1, iters: 2600, time: 0.106, data: 0.001) G_GAN: 0.414 D_real: 0.166 D_fake: 0.151 G: 1.970 NCE: 1.802 NCE_Y: 1.312 
(epoch: 1, iters: 2700, time: 0.106, data: 0.001) G_GAN: 0.456 D_real: 0.278 D_fake: 0.115 G: 1.980 NCE: 1.572 NCE_Y: 1.475 
(epoch: 1, iters: 2800, time: 0.107, data: 0.001) G_GAN: 0.566 D_real: 0.082 D_fake: 0.187 G: 2.533 NCE: 2.444 NCE_Y: 1.491 
(epoch: 1, iters: 2900, time: 0.107, data: 0.001) G_GAN: 0.433 D_real: 0.204 D_fake: 0.203 G: 2.070 NCE: 1.892 NCE_Y: 1.382 
(epoch: 1, iters: 3000, time: 0.107, data: 0.001) G_GAN: 0.743 D_real: 0.093 D_fake: 0.042 G: 2.677 NCE: 2.130 NCE_Y: 1.737 
(epoch: 1, iters: 3100, time: 0.107, data: 0.001) G_GAN: 0.847 D_real: 0.008 D_fake: 0.038 G: 2.272 NCE: 1.528 NCE_Y: 1.323 
(epoch: 1, iters: 3200, time: 0.106, data: 0.001) G_GAN: 0.756 D_real: 0.010 D_fake: 0.109 G: 2.267 NCE: 1.678 NCE_Y: 1.343 
(epoch: 1, iters: 3300, time: 0.107, data: 0.001) G_GAN: 0.829 D_real: 0.116 D_fake: 0.223 G: 2.793 NCE: 2.398 NCE_Y: 1.530 
(epoch: 1, iters: 3400, time: 0.107, data: 0.001) G_GAN: 0.696 D_real: 0.041 D_fake: 0.073 G: 2.373 NCE: 1.903 NCE_Y: 1.451 
(epoch: 1, iters: 3500, time: 0.107, data: 0.001) G_GAN: 0.738 D_real: 0.459 D_fake: 0.075 G: 2.511 NCE: 2.069 NCE_Y: 1.477 
(epoch: 1, iters: 3600, time: 0.106, data: 0.001) G_GAN: 0.452 D_real: 0.176 D_fake: 0.157 G: 2.071 NCE: 1.833 NCE_Y: 1.404 
(epoch: 1, iters: 3700, time: 0.106, data: 0.001) G_GAN: 0.352 D_real: 0.110 D_fake: 0.186 G: 1.832 NCE: 1.562 NCE_Y: 1.397 
End of epoch 1 / 60 	 Time Taken: 412 sec
learning rate = 0.0002000
(epoch: 2, iters: 88, time: 0.106, data: 0.001) G_GAN: 0.594 D_real: 0.149 D_fake: 0.077 G: 2.145 NCE: 1.799 NCE_Y: 1.304 
(epoch: 2, iters: 188, time: 0.107, data: 0.001) G_GAN: 0.464 D_real: 0.736 D_fake: 0.162 G: 2.056 NCE: 1.773 NCE_Y: 1.412 
(epoch: 2, iters: 288, time: 0.107, data: 0.001) G_GAN: 0.338 D_real: 0.310 D_fake: 0.223 G: 1.783 NCE: 1.568 NCE_Y: 1.321 
(epoch: 2, iters: 388, time: 0.107, data: 0.002) G_GAN: 0.337 D_real: 0.135 D_fake: 0.298 G: 1.768 NCE: 1.601 NCE_Y: 1.261 
(epoch: 2, iters: 488, time: 0.107, data: 0.001) G_GAN: 0.468 D_real: 0.298 D_fake: 0.110 G: 1.851 NCE: 1.523 NCE_Y: 1.243 
(epoch: 2, iters: 588, time: 0.107, data: 0.001) G_GAN: 0.454 D_real: 0.140 D_fake: 0.224 G: 1.985 NCE: 1.719 NCE_Y: 1.343 
(epoch: 2, iters: 688, time: 0.107, data: 0.001) G_GAN: 0.708 D_real: 0.026 D_fake: 0.061 G: 2.334 NCE: 1.710 NCE_Y: 1.541 
(epoch: 2, iters: 788, time: 0.107, data: 0.002) G_GAN: 0.883 D_real: 0.085 D_fake: 0.072 G: 2.544 NCE: 1.862 NCE_Y: 1.460 
(epoch: 2, iters: 888, time: 0.107, data: 0.001) G_GAN: 0.790 D_real: 0.090 D_fake: 0.118 G: 2.256 NCE: 1.656 NCE_Y: 1.276 
(epoch: 2, iters: 988, time: 0.107, data: 0.001) G_GAN: 0.845 D_real: 0.013 D_fake: 0.100 G: 2.284 NCE: 1.617 NCE_Y: 1.262 
(epoch: 2, iters: 1088, time: 0.107, data: 0.002) G_GAN: 0.538 D_real: 0.280 D_fake: 0.054 G: 1.970 NCE: 1.562 NCE_Y: 1.301 
(epoch: 2, iters: 1188, time: 0.107, data: 0.002) G_GAN: 0.324 D_real: 0.176 D_fake: 0.461 G: 1.812 NCE: 1.743 NCE_Y: 1.233 
(epoch: 2, iters: 1288, time: 0.107, data: 0.002) G_GAN: 0.359 D_real: 0.381 D_fake: 0.172 G: 1.717 NCE: 1.493 NCE_Y: 1.223 
saving the latest model (epoch 2, total_iters 5000)
doctr_SD_to_SELFF_nl2
(epoch: 2, iters: 1388, time: 0.107, data: 0.002) G_GAN: 0.419 D_real: 0.124 D_fake: 0.194 G: 1.859 NCE: 1.612 NCE_Y: 1.269 
(epoch: 2, iters: 1488, time: 0.107, data: 0.002) G_GAN: 0.728 D_real: 0.055 D_fake: 0.036 G: 2.391 NCE: 2.088 NCE_Y: 1.239 
(epoch: 2, iters: 1588, time: 0.107, data: 0.001) G_GAN: 0.776 D_real: 0.072 D_fake: 0.025 G: 2.280 NCE: 1.745 NCE_Y: 1.263 
(epoch: 2, iters: 1688, time: 0.107, data: 0.002) G_GAN: 0.419 D_real: 0.036 D_fake: 0.269 G: 1.887 NCE: 1.634 NCE_Y: 1.302 
(epoch: 2, iters: 1788, time: 0.107, data: 0.001) G_GAN: 0.365 D_real: 0.289 D_fake: 0.153 G: 1.815 NCE: 1.649 NCE_Y: 1.250 
(epoch: 2, iters: 1888, time: 0.107, data: 0.001) G_GAN: 0.283 D_real: 0.370 D_fake: 0.859 G: 1.926 NCE: 1.938 NCE_Y: 1.348 
(epoch: 2, iters: 1988, time: 0.107, data: 0.001) G_GAN: 0.638 D_real: 0.075 D_fake: 0.323 G: 2.031 NCE: 1.606 NCE_Y: 1.179 
(epoch: 2, iters: 2088, time: 0.107, data: 0.001) G_GAN: 0.471 D_real: 0.144 D_fake: 0.219 G: 1.844 NCE: 1.512 NCE_Y: 1.234 
(epoch: 2, iters: 2188, time: 0.107, data: 0.001) G_GAN: 0.428 D_real: 0.259 D_fake: 0.242 G: 1.727 NCE: 1.418 NCE_Y: 1.179 
(epoch: 2, iters: 2288, time: 0.107, data: 0.001) G_GAN: 0.657 D_real: 0.302 D_fake: 0.044 G: 2.023 NCE: 1.520 NCE_Y: 1.211 
(epoch: 2, iters: 2388, time: 0.107, data: 0.001) G_GAN: 0.834 D_real: 0.070 D_fake: 0.034 G: 2.408 NCE: 1.587 NCE_Y: 1.562 
(epoch: 2, iters: 2488, time: 0.107, data: 0.001) G_GAN: 0.337 D_real: 0.239 D_fake: 0.147 G: 1.687 NCE: 1.532 NCE_Y: 1.169 
(epoch: 2, iters: 2588, time: 0.107, data: 0.001) G_GAN: 0.421 D_real: 0.295 D_fake: 0.177 G: 1.777 NCE: 1.534 NCE_Y: 1.178 
(epoch: 2, iters: 2688, time: 0.106, data: 0.001) G_GAN: 1.048 D_real: 0.050 D_fake: 0.122 G: 2.588 NCE: 1.688 NCE_Y: 1.393 
(epoch: 2, iters: 2788, time: 0.107, data: 0.002) G_GAN: 0.399 D_real: 0.247 D_fake: 0.202 G: 1.881 NCE: 1.695 NCE_Y: 1.269 
(epoch: 2, iters: 2888, time: 0.107, data: 0.001) G_GAN: 0.448 D_real: 0.362 D_fake: 0.208 G: 1.800 NCE: 1.461 NCE_Y: 1.244 
(epoch: 2, iters: 2988, time: 0.107, data: 0.001) G_GAN: 0.651 D_real: 0.021 D_fake: 0.102 G: 2.130 NCE: 1.678 NCE_Y: 1.278 
(epoch: 2, iters: 3088, time: 0.107, data: 0.001) G_GAN: 0.754 D_real: 0.051 D_fake: 0.049 G: 2.067 NCE: 1.431 NCE_Y: 1.196 
(epoch: 2, iters: 3188, time: 0.107, data: 0.001) G_GAN: 0.562 D_real: 0.165 D_fake: 0.231 G: 2.039 NCE: 1.639 NCE_Y: 1.316 
(epoch: 2, iters: 3288, time: 0.107, data: 0.001) G_GAN: 0.651 D_real: 0.191 D_fake: 0.240 G: 2.075 NCE: 1.600 NCE_Y: 1.248 
(epoch: 2, iters: 3388, time: 0.107, data: 0.001) G_GAN: 1.068 D_real: 0.090 D_fake: 0.075 G: 2.580 NCE: 1.541 NCE_Y: 1.483 
(epoch: 2, iters: 3488, time: 0.107, data: 0.001) G_GAN: 0.677 D_real: 0.059 D_fake: 0.119 G: 2.176 NCE: 1.700 NCE_Y: 1.298 
(epoch: 2, iters: 3588, time: 0.107, data: 0.001) G_GAN: 0.893 D_real: 0.049 D_fake: 0.023 G: 2.366 NCE: 1.490 NCE_Y: 1.455 
(epoch: 2, iters: 3688, time: 0.107, data: 0.001) G_GAN: 0.878 D_real: 0.030 D_fake: 0.028 G: 2.416 NCE: 1.632 NCE_Y: 1.442 
End of epoch 2 / 60 	 Time Taken: 404 sec
learning rate = 0.0002000
(epoch: 3, iters: 76, time: 0.107, data: 0.001) G_GAN: 0.635 D_real: 0.129 D_fake: 0.167 G: 2.038 NCE: 1.499 NCE_Y: 1.307 
(epoch: 3, iters: 176, time: 0.107, data: 0.001) G_GAN: 0.653 D_real: 0.118 D_fake: 0.169 G: 1.989 NCE: 1.418 NCE_Y: 1.253 
(epoch: 3, iters: 276, time: 0.107, data: 0.001) G_GAN: 0.352 D_real: 0.322 D_fake: 0.203 G: 1.679 NCE: 1.449 NCE_Y: 1.204 
(epoch: 3, iters: 376, time: 0.107, data: 0.001) G_GAN: 0.334 D_real: 0.209 D_fake: 0.158 G: 1.674 NCE: 1.485 NCE_Y: 1.194 
(epoch: 3, iters: 476, time: 0.107, data: 0.001) G_GAN: 0.533 D_real: 0.253 D_fake: 0.113 G: 1.906 NCE: 1.565 NCE_Y: 1.180 
(epoch: 3, iters: 576, time: 0.107, data: 0.001) G_GAN: 0.429 D_real: 0.344 D_fake: 0.266 G: 1.863 NCE: 1.577 NCE_Y: 1.291 
(epoch: 3, iters: 676, time: 0.107, data: 0.001) G_GAN: 0.403 D_real: 0.136 D_fake: 0.269 G: 1.785 NCE: 1.581 NCE_Y: 1.185 
(epoch: 3, iters: 776, time: 0.107, data: 0.001) G_GAN: 0.738 D_real: 0.050 D_fake: 0.128 G: 2.121 NCE: 1.476 NCE_Y: 1.290 
(epoch: 3, iters: 876, time: 0.107, data: 0.001) G_GAN: 0.993 D_real: 0.223 D_fake: 0.111 G: 2.355 NCE: 1.489 NCE_Y: 1.234 
(epoch: 3, iters: 976, time: 0.107, data: 0.001) G_GAN: 0.621 D_real: 0.233 D_fake: 0.402 G: 2.087 NCE: 1.711 NCE_Y: 1.221 
(epoch: 3, iters: 1076, time: 0.107, data: 0.001) G_GAN: 0.418 D_real: 0.144 D_fake: 0.257 G: 1.705 NCE: 1.438 NCE_Y: 1.137 
(epoch: 3, iters: 1176, time: 0.107, data: 0.001) G_GAN: 0.537 D_real: 0.092 D_fake: 0.256 G: 1.884 NCE: 1.488 NCE_Y: 1.207 
(epoch: 3, iters: 1276, time: 0.106, data: 0.001) G_GAN: 0.387 D_real: 0.130 D_fake: 0.282 G: 1.670 NCE: 1.414 NCE_Y: 1.152 
(epoch: 3, iters: 1376, time: 0.106, data: 0.001) G_GAN: 0.457 D_real: 0.163 D_fake: 0.185 G: 1.737 NCE: 1.414 NCE_Y: 1.146 
(epoch: 3, iters: 1476, time: 0.106, data: 0.001) G_GAN: 0.461 D_real: 0.154 D_fake: 0.218 G: 1.778 NCE: 1.405 NCE_Y: 1.230 
(epoch: 3, iters: 1576, time: 0.106, data: 0.001) G_GAN: 0.341 D_real: 0.218 D_fake: 0.260 G: 1.583 NCE: 1.211 NCE_Y: 1.274 
(epoch: 3, iters: 1676, time: 0.107, data: 0.001) G_GAN: 0.366 D_real: 0.273 D_fake: 0.176 G: 1.675 NCE: 1.415 NCE_Y: 1.204 
(epoch: 3, iters: 1776, time: 0.107, data: 0.001) G_GAN: 0.382 D_real: 0.257 D_fake: 0.119 G: 1.627 NCE: 1.353 NCE_Y: 1.138 
(epoch: 3, iters: 1876, time: 0.107, data: 0.001) G_GAN: 0.570 D_real: 0.165 D_fake: 0.160 G: 1.926 NCE: 1.538 NCE_Y: 1.174 
(epoch: 3, iters: 1976, time: 0.106, data: 0.002) G_GAN: 0.386 D_real: 0.153 D_fake: 0.388 G: 1.694 NCE: 1.449 NCE_Y: 1.166 
(epoch: 3, iters: 2076, time: 0.106, data: 0.002) G_GAN: 0.591 D_real: 0.135 D_fake: 0.173 G: 1.977 NCE: 1.558 NCE_Y: 1.215 
(epoch: 3, iters: 2176, time: 0.106, data: 0.002) G_GAN: 0.741 D_real: 0.537 D_fake: 0.289 G: 2.123 NCE: 1.554 NCE_Y: 1.210 
(epoch: 3, iters: 2276, time: 0.107, data: 0.001) G_GAN: 0.380 D_real: 0.048 D_fake: 0.388 G: 1.715 NCE: 1.488 NCE_Y: 1.181 
(epoch: 3, iters: 2376, time: 0.107, data: 0.002) G_GAN: 0.746 D_real: 0.073 D_fake: 0.204 G: 2.258 NCE: 1.863 NCE_Y: 1.162 
(epoch: 3, iters: 2476, time: 0.107, data: 0.001) G_GAN: 0.694 D_real: 0.057 D_fake: 0.080 G: 2.166 NCE: 1.473 NCE_Y: 1.471 
(epoch: 3, iters: 2576, time: 0.107, data: 0.001) G_GAN: 0.556 D_real: 0.144 D_fake: 0.247 G: 1.963 NCE: 1.604 NCE_Y: 1.211 
saving the latest model (epoch 3, total_iters 10000)
doctr_SD_to_SELFF_nl2
(epoch: 3, iters: 2676, time: 0.107, data: 0.001) G_GAN: 0.461 D_real: 0.180 D_fake: 0.270 G: 1.720 NCE: 1.362 NCE_Y: 1.155 
(epoch: 3, iters: 2776, time: 0.106, data: 0.001) G_GAN: 0.295 D_real: 0.413 D_fake: 0.071 G: 1.613 NCE: 1.355 NCE_Y: 1.281 
(epoch: 3, iters: 2876, time: 0.106, data: 0.001) G_GAN: 0.895 D_real: 0.142 D_fake: 0.027 G: 2.200 NCE: 1.386 NCE_Y: 1.225 
(epoch: 3, iters: 2976, time: 0.106, data: 0.001) G_GAN: 0.673 D_real: 0.037 D_fake: 0.136 G: 1.952 NCE: 1.401 NCE_Y: 1.159 
(epoch: 3, iters: 3076, time: 0.106, data: 0.001) G_GAN: 0.664 D_real: 0.128 D_fake: 0.125 G: 1.997 NCE: 1.454 NCE_Y: 1.213 
(epoch: 3, iters: 3176, time: 0.107, data: 0.001) G_GAN: 0.338 D_real: 0.180 D_fake: 0.284 G: 1.631 NCE: 1.448 NCE_Y: 1.137 
(epoch: 3, iters: 3276, time: 0.106, data: 0.001) G_GAN: 0.339 D_real: 0.322 D_fake: 0.289 G: 1.640 NCE: 1.425 NCE_Y: 1.176 
(epoch: 3, iters: 3376, time: 0.106, data: 0.002) G_GAN: 0.610 D_real: 0.188 D_fake: 0.347 G: 2.040 NCE: 1.664 NCE_Y: 1.196 
(epoch: 3, iters: 3476, time: 0.105, data: 0.001) G_GAN: 0.657 D_real: 0.084 D_fake: 0.224 G: 1.937 NCE: 1.437 NCE_Y: 1.123 
(epoch: 3, iters: 3576, time: 0.106, data: 0.001) G_GAN: 0.499 D_real: 0.229 D_fake: 0.193 G: 1.775 NCE: 1.419 NCE_Y: 1.133 
(epoch: 3, iters: 3676, time: 0.106, data: 0.001) G_GAN: 0.356 D_real: 0.166 D_fake: 0.118 G: 1.619 NCE: 1.381 NCE_Y: 1.146 
End of epoch 3 / 60 	 Time Taken: 402 sec
learning rate = 0.0002000
(epoch: 4, iters: 64, time: 0.106, data: 0.001) G_GAN: 0.461 D_real: 0.122 D_fake: 0.253 G: 1.739 NCE: 1.398 NCE_Y: 1.158 
(epoch: 4, iters: 164, time: 0.106, data: 0.001) G_GAN: 0.402 D_real: 0.343 D_fake: 0.114 G: 1.692 NCE: 1.435 NCE_Y: 1.145 
(epoch: 4, iters: 264, time: 0.107, data: 0.001) G_GAN: 0.382 D_real: 0.137 D_fake: 0.216 G: 1.668 NCE: 1.448 NCE_Y: 1.125 
(epoch: 4, iters: 364, time: 0.107, data: 0.001) G_GAN: 0.540 D_real: 0.045 D_fake: 0.094 G: 1.851 NCE: 1.395 NCE_Y: 1.227 
(epoch: 4, iters: 464, time: 0.107, data: 0.001) G_GAN: 0.774 D_real: 0.059 D_fake: 0.065 G: 2.095 NCE: 1.445 NCE_Y: 1.197 
(epoch: 4, iters: 564, time: 0.107, data: 0.001) G_GAN: 0.453 D_real: 0.275 D_fake: 0.169 G: 1.715 NCE: 1.377 NCE_Y: 1.145 
(epoch: 4, iters: 664, time: 0.107, data: 0.001) G_GAN: 0.876 D_real: 0.055 D_fake: 0.249 G: 2.193 NCE: 1.438 NCE_Y: 1.195 
(epoch: 4, iters: 764, time: 0.107, data: 0.002) G_GAN: 0.560 D_real: 0.165 D_fake: 0.171 G: 1.895 NCE: 1.475 NCE_Y: 1.196 
(epoch: 4, iters: 864, time: 0.107, data: 0.001) G_GAN: 0.675 D_real: 0.116 D_fake: 0.213 G: 2.235 NCE: 1.856 NCE_Y: 1.264 
(epoch: 4, iters: 964, time: 0.107, data: 0.001) G_GAN: 0.696 D_real: 0.206 D_fake: 0.018 G: 2.070 NCE: 1.407 NCE_Y: 1.343 
(epoch: 4, iters: 1064, time: 0.107, data: 0.001) G_GAN: 0.922 D_real: 0.216 D_fake: 0.082 G: 2.306 NCE: 1.513 NCE_Y: 1.254 
(epoch: 4, iters: 1164, time: 0.107, data: 0.001) G_GAN: 0.896 D_real: 0.036 D_fake: 0.165 G: 2.260 NCE: 1.480 NCE_Y: 1.248 
(epoch: 4, iters: 1264, time: 0.107, data: 0.001) G_GAN: 0.369 D_real: 0.154 D_fake: 0.191 G: 1.678 NCE: 1.438 NCE_Y: 1.181 
(epoch: 4, iters: 1364, time: 0.107, data: 0.001) G_GAN: 0.419 D_real: 0.115 D_fake: 0.283 G: 1.726 NCE: 1.395 NCE_Y: 1.218 
(epoch: 4, iters: 1464, time: 0.107, data: 0.001) G_GAN: 0.393 D_real: 0.101 D_fake: 0.369 G: 1.680 NCE: 1.382 NCE_Y: 1.191 
(epoch: 4, iters: 1564, time: 0.107, data: 0.001) G_GAN: 0.720 D_real: 0.112 D_fake: 0.220 G: 2.028 NCE: 1.411 NCE_Y: 1.205 
(epoch: 4, iters: 1664, time: 0.107, data: 0.001) G_GAN: 0.551 D_real: 0.116 D_fake: 0.129 G: 1.814 NCE: 1.383 NCE_Y: 1.144 
(epoch: 4, iters: 1764, time: 0.107, data: 0.001) G_GAN: 0.751 D_real: 0.087 D_fake: 0.221 G: 1.973 NCE: 1.316 NCE_Y: 1.128 
(epoch: 4, iters: 1864, time: 0.107, data: 0.001) G_GAN: 0.446 D_real: 0.247 D_fake: 0.149 G: 1.733 NCE: 1.442 NCE_Y: 1.132 
(epoch: 4, iters: 1964, time: 0.107, data: 0.001) G_GAN: 0.425 D_real: 0.226 D_fake: 0.148 G: 1.668 NCE: 1.334 NCE_Y: 1.152 
(epoch: 4, iters: 2064, time: 0.106, data: 0.001) G_GAN: 0.636 D_real: 0.094 D_fake: 0.121 G: 1.993 NCE: 1.572 NCE_Y: 1.143 
(epoch: 4, iters: 2164, time: 0.106, data: 0.001) G_GAN: 0.362 D_real: 0.325 D_fake: 0.110 G: 1.567 NCE: 1.310 NCE_Y: 1.099 
(epoch: 4, iters: 2264, time: 0.106, data: 0.001) G_GAN: 0.616 D_real: 0.153 D_fake: 0.113 G: 1.886 NCE: 1.424 NCE_Y: 1.118 
(epoch: 4, iters: 2364, time: 0.106, data: 0.001) G_GAN: 0.397 D_real: 0.198 D_fake: 0.251 G: 1.668 NCE: 1.422 NCE_Y: 1.120 
(epoch: 4, iters: 2464, time: 0.106, data: 0.001) G_GAN: 0.538 D_real: 0.232 D_fake: 0.239 G: 1.879 NCE: 1.450 NCE_Y: 1.232 
(epoch: 4, iters: 2564, time: 0.107, data: 0.001) G_GAN: 0.325 D_real: 0.215 D_fake: 0.265 G: 1.580 NCE: 1.387 NCE_Y: 1.123 
(epoch: 4, iters: 2664, time: 0.106, data: 0.001) G_GAN: 0.423 D_real: 0.179 D_fake: 0.276 G: 1.642 NCE: 1.340 NCE_Y: 1.099 
(epoch: 4, iters: 2764, time: 0.106, data: 0.002) G_GAN: 0.383 D_real: 0.190 D_fake: 0.182 G: 1.586 NCE: 1.304 NCE_Y: 1.104 
(epoch: 4, iters: 2864, time: 0.106, data: 0.001) G_GAN: 0.493 D_real: 0.174 D_fake: 0.202 G: 1.784 NCE: 1.454 NCE_Y: 1.129 
(epoch: 4, iters: 2964, time: 0.106, data: 0.001) G_GAN: 0.426 D_real: 0.140 D_fake: 0.217 G: 1.658 NCE: 1.348 NCE_Y: 1.115 
(epoch: 4, iters: 3064, time: 0.106, data: 0.001) G_GAN: 0.420 D_real: 0.348 D_fake: 0.126 G: 1.639 NCE: 1.299 NCE_Y: 1.138 
(epoch: 4, iters: 3164, time: 0.106, data: 0.001) G_GAN: 0.439 D_real: 0.200 D_fake: 0.186 G: 1.637 NCE: 1.271 NCE_Y: 1.126 
(epoch: 4, iters: 3264, time: 0.106, data: 0.001) G_GAN: 1.128 D_real: 0.073 D_fake: 0.177 G: 2.483 NCE: 1.425 NCE_Y: 1.286 
(epoch: 4, iters: 3364, time: 0.106, data: 0.001) G_GAN: 0.921 D_real: 0.088 D_fake: 0.034 G: 2.285 NCE: 1.517 NCE_Y: 1.211 
(epoch: 4, iters: 3464, time: 0.107, data: 0.001) G_GAN: 0.862 D_real: 0.196 D_fake: 0.038 G: 2.124 NCE: 1.398 NCE_Y: 1.126 
(epoch: 4, iters: 3564, time: 0.107, data: 0.001) G_GAN: 0.792 D_real: 0.028 D_fake: 0.170 G: 2.076 NCE: 1.340 NCE_Y: 1.229 
(epoch: 4, iters: 3664, time: 0.106, data: 0.001) G_GAN: 0.525 D_real: 0.209 D_fake: 0.178 G: 1.823 NCE: 1.414 NCE_Y: 1.180 
End of epoch 4 / 60 	 Time Taken: 402 sec
learning rate = 0.0002000
(epoch: 5, iters: 52, time: 0.107, data: 0.001) G_GAN: 0.423 D_real: 0.453 D_fake: 0.102 G: 1.628 NCE: 1.315 NCE_Y: 1.095 
(epoch: 5, iters: 152, time: 0.107, data: 0.001) G_GAN: 0.366 D_real: 0.127 D_fake: 0.298 G: 1.591 NCE: 1.335 NCE_Y: 1.115 
saving the latest model (epoch 5, total_iters 15000)
doctr_SD_to_SELFF_nl2
(epoch: 5, iters: 252, time: 0.106, data: 0.002) G_GAN: 0.875 D_real: 0.070 D_fake: 0.023 G: 2.072 NCE: 1.242 NCE_Y: 1.152 
(epoch: 5, iters: 352, time: 0.106, data: 0.001) G_GAN: 0.398 D_real: 0.208 D_fake: 0.201 G: 1.614 NCE: 1.319 NCE_Y: 1.114 
(epoch: 5, iters: 452, time: 0.106, data: 0.001) G_GAN: 0.591 D_real: 0.204 D_fake: 0.167 G: 1.837 NCE: 1.387 NCE_Y: 1.105 
(epoch: 5, iters: 552, time: 0.106, data: 0.001) G_GAN: 0.347 D_real: 0.203 D_fake: 0.232 G: 1.618 NCE: 1.439 NCE_Y: 1.103 
(epoch: 5, iters: 652, time: 0.105, data: 0.001) G_GAN: 0.545 D_real: 0.244 D_fake: 0.056 G: 1.833 NCE: 1.472 NCE_Y: 1.104 
(epoch: 5, iters: 752, time: 0.106, data: 0.001) G_GAN: 0.548 D_real: 0.083 D_fake: 0.431 G: 1.775 NCE: 1.323 NCE_Y: 1.130 
(epoch: 5, iters: 852, time: 0.106, data: 0.001) G_GAN: 0.642 D_real: 0.127 D_fake: 0.156 G: 1.948 NCE: 1.448 NCE_Y: 1.166 
(epoch: 5, iters: 952, time: 0.107, data: 0.001) G_GAN: 0.333 D_real: 0.224 D_fake: 0.186 G: 1.543 NCE: 1.298 NCE_Y: 1.124 
(epoch: 5, iters: 1052, time: 0.107, data: 0.001) G_GAN: 0.356 D_real: 0.221 D_fake: 0.241 G: 1.595 NCE: 1.371 NCE_Y: 1.107 
(epoch: 5, iters: 1152, time: 0.107, data: 0.001) G_GAN: 0.605 D_real: 0.280 D_fake: 0.351 G: 1.848 NCE: 1.389 NCE_Y: 1.097 
(epoch: 5, iters: 1252, time: 0.107, data: 0.002) G_GAN: 0.267 D_real: 0.162 D_fake: 0.335 G: 1.466 NCE: 1.329 NCE_Y: 1.070 
(epoch: 5, iters: 1352, time: 0.107, data: 0.001) G_GAN: 0.371 D_real: 0.353 D_fake: 0.275 G: 1.633 NCE: 1.375 NCE_Y: 1.149 
(epoch: 5, iters: 1452, time: 0.107, data: 0.002) G_GAN: 0.330 D_real: 0.311 D_fake: 0.117 G: 1.549 NCE: 1.331 NCE_Y: 1.109 
(epoch: 5, iters: 1552, time: 0.107, data: 0.001) G_GAN: 0.369 D_real: 0.095 D_fake: 0.310 G: 1.613 NCE: 1.361 NCE_Y: 1.128 
(epoch: 5, iters: 1652, time: 0.107, data: 0.001) G_GAN: 0.343 D_real: 0.348 D_fake: 0.229 G: 1.549 NCE: 1.264 NCE_Y: 1.148 
(epoch: 5, iters: 1752, time: 0.107, data: 0.002) G_GAN: 0.366 D_real: 0.176 D_fake: 0.194 G: 1.530 NCE: 1.259 NCE_Y: 1.069 
(epoch: 5, iters: 1852, time: 0.107, data: 0.001) G_GAN: 0.340 D_real: 0.212 D_fake: 0.249 G: 1.516 NCE: 1.260 NCE_Y: 1.093 
(epoch: 5, iters: 1952, time: 0.107, data: 0.001) G_GAN: 0.336 D_real: 0.128 D_fake: 0.284 G: 1.571 NCE: 1.321 NCE_Y: 1.149 
(epoch: 5, iters: 2052, time: 0.107, data: 0.001) G_GAN: 0.334 D_real: 0.627 D_fake: 0.153 G: 1.609 NCE: 1.406 NCE_Y: 1.144 
(epoch: 5, iters: 2152, time: 0.107, data: 0.001) G_GAN: 0.337 D_real: 0.296 D_fake: 0.210 G: 1.517 NCE: 1.278 NCE_Y: 1.083 
(epoch: 5, iters: 2252, time: 0.107, data: 0.001) G_GAN: 0.438 D_real: 0.205 D_fake: 0.167 G: 1.669 NCE: 1.367 NCE_Y: 1.096 
(epoch: 5, iters: 2352, time: 0.107, data: 0.001) G_GAN: 0.483 D_real: 0.218 D_fake: 0.212 G: 1.695 NCE: 1.274 NCE_Y: 1.149 
(epoch: 5, iters: 2452, time: 0.107, data: 0.001) G_GAN: 1.042 D_real: 0.620 D_fake: 1.011 G: 2.272 NCE: 1.366 NCE_Y: 1.094 
(epoch: 5, iters: 2552, time: 0.107, data: 0.001) G_GAN: 0.438 D_real: 0.271 D_fake: 0.144 G: 1.645 NCE: 1.297 NCE_Y: 1.117 
(epoch: 5, iters: 2652, time: 0.107, data: 0.001) G_GAN: 0.768 D_real: 0.133 D_fake: 0.226 G: 1.966 NCE: 1.311 NCE_Y: 1.083 
(epoch: 5, iters: 2752, time: 0.107, data: 0.001) G_GAN: 0.882 D_real: 0.209 D_fake: 0.071 G: 2.556 NCE: 1.642 NCE_Y: 1.707 
(epoch: 5, iters: 2852, time: 0.107, data: 0.001) G_GAN: 0.655 D_real: 0.089 D_fake: 0.255 G: 2.063 NCE: 1.591 NCE_Y: 1.225 
(epoch: 5, iters: 2952, time: 0.107, data: 0.001) G_GAN: 0.368 D_real: 0.420 D_fake: 0.024 G: 1.681 NCE: 1.445 NCE_Y: 1.180 
(epoch: 5, iters: 3052, time: 0.107, data: 0.001) G_GAN: 0.338 D_real: 0.137 D_fake: 0.332 G: 1.582 NCE: 1.348 NCE_Y: 1.140 
(epoch: 5, iters: 3152, time: 0.107, data: 0.001) G_GAN: 0.449 D_real: 0.346 D_fake: 0.060 G: 1.774 NCE: 1.479 NCE_Y: 1.170 
(epoch: 5, iters: 3252, time: 0.106, data: 0.001) G_GAN: 0.567 D_real: 0.089 D_fake: 0.186 G: 1.797 NCE: 1.329 NCE_Y: 1.130 
(epoch: 5, iters: 3352, time: 0.106, data: 0.001) G_GAN: 0.428 D_real: 0.285 D_fake: 0.245 G: 1.669 NCE: 1.317 NCE_Y: 1.166 
(epoch: 5, iters: 3452, time: 0.109, data: 0.001) G_GAN: 0.599 D_real: 0.077 D_fake: 0.249 G: 1.829 NCE: 1.322 NCE_Y: 1.138 
(epoch: 5, iters: 3552, time: 0.108, data: 0.001) G_GAN: 0.384 D_real: 0.212 D_fake: 0.161 G: 1.599 NCE: 1.298 NCE_Y: 1.132 
(epoch: 5, iters: 3652, time: 0.108, data: 0.002) G_GAN: 1.391 D_real: 0.246 D_fake: 1.351 G: 2.798 NCE: 1.540 NCE_Y: 1.274 
saving the model at the end of epoch 5, iters 18560
End of epoch 5 / 60 	 Time Taken: 405 sec
learning rate = 0.0002000
(epoch: 6, iters: 40, time: 0.108, data: 0.001) G_GAN: 0.690 D_real: 0.051 D_fake: 0.085 G: 1.926 NCE: 1.352 NCE_Y: 1.121 
(epoch: 6, iters: 140, time: 0.107, data: 0.001) G_GAN: 0.329 D_real: 0.225 D_fake: 0.275 G: 1.601 NCE: 1.380 NCE_Y: 1.163 
(epoch: 6, iters: 240, time: 0.107, data: 0.001) G_GAN: 0.333 D_real: 0.336 D_fake: 0.215 G: 1.606 NCE: 1.442 NCE_Y: 1.103 
(epoch: 6, iters: 340, time: 0.107, data: 0.001) G_GAN: 0.234 D_real: 0.280 D_fake: 0.206 G: 1.458 NCE: 1.328 NCE_Y: 1.120 
(epoch: 6, iters: 440, time: 0.107, data: 0.001) G_GAN: 0.403 D_real: 0.545 D_fake: 0.049 G: 1.605 NCE: 1.334 NCE_Y: 1.071 
(epoch: 6, iters: 540, time: 0.107, data: 0.001) G_GAN: 0.323 D_real: 0.155 D_fake: 0.218 G: 1.526 NCE: 1.294 NCE_Y: 1.113 
(epoch: 6, iters: 640, time: 0.107, data: 0.001) G_GAN: 0.247 D_real: 0.298 D_fake: 0.163 G: 1.513 NCE: 1.421 NCE_Y: 1.111 
(epoch: 6, iters: 740, time: 0.107, data: 0.001) G_GAN: 0.298 D_real: 0.227 D_fake: 0.259 G: 1.510 NCE: 1.304 NCE_Y: 1.120 
(epoch: 6, iters: 840, time: 0.107, data: 0.001) G_GAN: 0.349 D_real: 0.230 D_fake: 0.205 G: 1.594 NCE: 1.329 NCE_Y: 1.161 
(epoch: 6, iters: 940, time: 0.107, data: 0.002) G_GAN: 0.351 D_real: 0.277 D_fake: 0.229 G: 1.650 NCE: 1.495 NCE_Y: 1.101 
(epoch: 6, iters: 1040, time: 0.108, data: 0.002) G_GAN: 0.846 D_real: 0.098 D_fake: 0.025 G: 2.102 NCE: 1.274 NCE_Y: 1.238 
(epoch: 6, iters: 1140, time: 0.107, data: 0.002) G_GAN: 0.502 D_real: 0.080 D_fake: 0.126 G: 1.747 NCE: 1.361 NCE_Y: 1.129 
(epoch: 6, iters: 1240, time: 0.107, data: 0.001) G_GAN: 0.418 D_real: 0.493 D_fake: 0.293 G: 1.663 NCE: 1.369 NCE_Y: 1.121 
(epoch: 6, iters: 1340, time: 0.107, data: 0.001) G_GAN: 0.894 D_real: 0.111 D_fake: 0.158 G: 2.075 NCE: 1.243 NCE_Y: 1.118 
(epoch: 6, iters: 1440, time: 0.107, data: 0.001) G_GAN: 0.419 D_real: 0.435 D_fake: 0.322 G: 1.642 NCE: 1.314 NCE_Y: 1.132 
saving the latest model (epoch 6, total_iters 20000)
doctr_SD_to_SELFF_nl2
(epoch: 6, iters: 1540, time: 0.107, data: 0.001) G_GAN: 0.510 D_real: 0.180 D_fake: 0.342 G: 1.833 NCE: 1.522 NCE_Y: 1.125 
(epoch: 6, iters: 1640, time: 0.107, data: 0.001) G_GAN: 0.634 D_real: 0.221 D_fake: 0.105 G: 1.919 NCE: 1.418 NCE_Y: 1.152 
(epoch: 6, iters: 1740, time: 0.107, data: 0.002) G_GAN: 0.320 D_real: 0.877 D_fake: 0.017 G: 1.578 NCE: 1.280 NCE_Y: 1.235 
(epoch: 6, iters: 1840, time: 0.107, data: 0.001) G_GAN: 1.221 D_real: 0.056 D_fake: 0.022 G: 2.473 NCE: 1.348 NCE_Y: 1.155 
(epoch: 6, iters: 1940, time: 0.107, data: 0.001) G_GAN: 0.361 D_real: 0.474 D_fake: 0.216 G: 1.712 NCE: 1.518 NCE_Y: 1.183 
(epoch: 6, iters: 2040, time: 0.107, data: 0.001) G_GAN: 0.344 D_real: 0.214 D_fake: 0.237 G: 1.563 NCE: 1.359 NCE_Y: 1.079 
(epoch: 6, iters: 2140, time: 0.107, data: 0.002) G_GAN: 0.375 D_real: 0.232 D_fake: 0.162 G: 3.865 NCE: 3.589 NCE_Y: 3.390 
(epoch: 6, iters: 2240, time: 0.106, data: 0.001) G_GAN: 0.478 D_real: 0.177 D_fake: 0.236 G: 2.202 NCE: 1.756 NCE_Y: 1.691 
(epoch: 6, iters: 2340, time: 0.106, data: 0.001) G_GAN: 0.403 D_real: 0.258 D_fake: 0.180 G: 1.669 NCE: 1.354 NCE_Y: 1.177 
(epoch: 6, iters: 2440, time: 0.107, data: 0.001) G_GAN: 0.333 D_real: 0.339 D_fake: 0.278 G: 1.628 NCE: 1.422 NCE_Y: 1.169 
(epoch: 6, iters: 2540, time: 0.107, data: 0.001) G_GAN: 0.352 D_real: 0.169 D_fake: 0.225 G: 1.459 NCE: 1.154 NCE_Y: 1.058 
(epoch: 6, iters: 2640, time: 0.106, data: 0.001) G_GAN: 0.350 D_real: 0.209 D_fake: 0.207 G: 1.540 NCE: 1.221 NCE_Y: 1.160 
(epoch: 6, iters: 2740, time: 0.106, data: 0.001) G_GAN: 0.438 D_real: 0.220 D_fake: 0.218 G: 1.534 NCE: 1.145 NCE_Y: 1.048 
(epoch: 6, iters: 2840, time: 0.107, data: 0.001) G_GAN: 0.460 D_real: 0.213 D_fake: 0.152 G: 1.798 NCE: 1.309 NCE_Y: 1.368 
(epoch: 6, iters: 2940, time: 0.107, data: 0.001) G_GAN: 0.349 D_real: 0.338 D_fake: 0.154 G: 1.449 NCE: 1.158 NCE_Y: 1.041 
(epoch: 6, iters: 3040, time: 0.106, data: 0.001) G_GAN: 0.348 D_real: 0.186 D_fake: 0.193 G: 1.482 NCE: 1.160 NCE_Y: 1.107 
(epoch: 6, iters: 3140, time: 0.106, data: 0.001) G_GAN: 0.409 D_real: 0.133 D_fake: 0.171 G: 1.578 NCE: 1.297 NCE_Y: 1.041 
(epoch: 6, iters: 3240, time: 0.106, data: 0.001) G_GAN: 0.389 D_real: 0.157 D_fake: 0.208 G: 1.513 NCE: 1.188 NCE_Y: 1.061 
(epoch: 6, iters: 3340, time: 0.106, data: 0.001) G_GAN: 0.329 D_real: 0.179 D_fake: 0.314 G: 1.570 NCE: 1.372 NCE_Y: 1.110 
(epoch: 6, iters: 3440, time: 0.106, data: 0.001) G_GAN: 0.303 D_real: 0.219 D_fake: 0.230 G: 1.441 NCE: 1.232 NCE_Y: 1.045 
(epoch: 6, iters: 3540, time: 0.106, data: 0.001) G_GAN: 0.272 D_real: 0.275 D_fake: 0.241 G: 1.449 NCE: 1.276 NCE_Y: 1.078 
(epoch: 6, iters: 3640, time: 0.106, data: 0.001) G_GAN: 0.314 D_real: 0.275 D_fake: 0.296 G: 1.505 NCE: 1.308 NCE_Y: 1.073 
End of epoch 6 / 60 	 Time Taken: 403 sec
learning rate = 0.0002000
(epoch: 7, iters: 28, time: 0.106, data: 0.001) G_GAN: 0.316 D_real: 0.178 D_fake: 0.279 G: 1.459 NCE: 1.218 NCE_Y: 1.068 
(epoch: 7, iters: 128, time: 0.107, data: 0.002) G_GAN: 0.398 D_real: 0.290 D_fake: 0.136 G: 1.567 NCE: 1.276 NCE_Y: 1.063 
(epoch: 7, iters: 228, time: 0.107, data: 0.002) G_GAN: 0.254 D_real: 0.256 D_fake: 0.244 G: 1.413 NCE: 1.254 NCE_Y: 1.065 
(epoch: 7, iters: 328, time: 0.107, data: 0.001) G_GAN: 0.324 D_real: 0.329 D_fake: 0.189 G: 1.472 NCE: 1.214 NCE_Y: 1.082 
(epoch: 7, iters: 428, time: 0.107, data: 0.001) G_GAN: 0.300 D_real: 0.159 D_fake: 0.238 G: 1.442 NCE: 1.246 NCE_Y: 1.038 
(epoch: 7, iters: 528, time: 0.107, data: 0.001) G_GAN: 0.355 D_real: 0.186 D_fake: 0.199 G: 1.597 NCE: 1.406 NCE_Y: 1.078 
(epoch: 7, iters: 628, time: 0.107, data: 0.002) G_GAN: 0.280 D_real: 0.271 D_fake: 0.259 G: 1.437 NCE: 1.246 NCE_Y: 1.069 
(epoch: 7, iters: 728, time: 0.107, data: 0.001) G_GAN: 0.448 D_real: 0.235 D_fake: 0.244 G: 1.644 NCE: 1.279 NCE_Y: 1.112 
(epoch: 7, iters: 828, time: 0.107, data: 0.001) G_GAN: 0.333 D_real: 0.211 D_fake: 0.261 G: 1.492 NCE: 1.252 NCE_Y: 1.065 
(epoch: 7, iters: 928, time: 0.107, data: 0.001) G_GAN: 0.295 D_real: 0.312 D_fake: 0.206 G: 1.543 NCE: 1.414 NCE_Y: 1.082 
(epoch: 7, iters: 1028, time: 0.107, data: 0.002) G_GAN: 0.313 D_real: 0.184 D_fake: 0.219 G: 1.440 NCE: 1.230 NCE_Y: 1.023 
(epoch: 7, iters: 1128, time: 0.107, data: 0.001) G_GAN: 0.323 D_real: 0.177 D_fake: 0.232 G: 1.464 NCE: 1.239 NCE_Y: 1.043 
(epoch: 7, iters: 1228, time: 0.107, data: 0.001) G_GAN: 0.424 D_real: 0.227 D_fake: 0.192 G: 1.621 NCE: 1.288 NCE_Y: 1.107 
(epoch: 7, iters: 1328, time: 0.107, data: 0.001) G_GAN: 0.356 D_real: 0.350 D_fake: 0.392 G: 1.521 NCE: 1.243 NCE_Y: 1.086 
(epoch: 7, iters: 1428, time: 0.107, data: 0.001) G_GAN: 0.338 D_real: 0.186 D_fake: 0.202 G: 1.470 NCE: 1.234 NCE_Y: 1.031 
(epoch: 7, iters: 1528, time: 0.107, data: 0.001) G_GAN: 0.442 D_real: 0.137 D_fake: 0.236 G: 1.646 NCE: 1.323 NCE_Y: 1.083 
(epoch: 7, iters: 1628, time: 0.107, data: 0.001) G_GAN: 0.275 D_real: 0.314 D_fake: 0.177 G: 1.461 NCE: 1.307 NCE_Y: 1.065 
(epoch: 7, iters: 1728, time: 0.107, data: 0.001) G_GAN: 0.321 D_real: 0.250 D_fake: 0.198 G: 1.525 NCE: 1.291 NCE_Y: 1.118 
(epoch: 7, iters: 1828, time: 0.107, data: 0.001) G_GAN: 0.520 D_real: 0.113 D_fake: 0.142 G: 1.728 NCE: 1.226 NCE_Y: 1.191 
(epoch: 7, iters: 1928, time: 0.107, data: 0.001) G_GAN: 0.549 D_real: 0.313 D_fake: 0.091 G: 1.735 NCE: 1.295 NCE_Y: 1.078 
(epoch: 7, iters: 2028, time: 0.107, data: 0.002) G_GAN: 0.762 D_real: 0.150 D_fake: 0.302 G: 1.962 NCE: 1.304 NCE_Y: 1.096 
(epoch: 7, iters: 2128, time: 0.107, data: 0.002) G_GAN: 0.449 D_real: 0.184 D_fake: 0.162 G: 1.668 NCE: 1.300 NCE_Y: 1.139 
(epoch: 7, iters: 2228, time: 0.107, data: 0.001) G_GAN: 0.322 D_real: 0.385 D_fake: 0.181 G: 1.534 NCE: 1.322 NCE_Y: 1.101 
(epoch: 7, iters: 2328, time: 0.106, data: 0.001) G_GAN: 0.419 D_real: 0.368 D_fake: 0.098 G: 1.638 NCE: 1.294 NCE_Y: 1.144 
(epoch: 7, iters: 2428, time: 0.106, data: 0.001) G_GAN: 3.479 D_real: 5.064 D_fake: 5.585 G: 6.350 NCE: 3.077 NCE_Y: 2.664 
(epoch: 7, iters: 2528, time: 0.106, data: 0.001) G_GAN: 0.948 D_real: 0.247 D_fake: 0.137 G: 2.683 NCE: 1.771 NCE_Y: 1.700 
(epoch: 7, iters: 2628, time: 0.106, data: 0.002) G_GAN: 0.764 D_real: 0.009 D_fake: 0.087 G: 2.099 NCE: 1.329 NCE_Y: 1.341 
(epoch: 7, iters: 2728, time: 0.106, data: 0.001) G_GAN: 1.016 D_real: 0.011 D_fake: 0.018 G: 2.272 NCE: 1.335 NCE_Y: 1.177 
saving the latest model (epoch 7, total_iters 25000)
doctr_SD_to_SELFF_nl2
(epoch: 7, iters: 2828, time: 0.106, data: 0.001) G_GAN: 0.942 D_real: 0.032 D_fake: 0.016 G: 2.572 NCE: 1.827 NCE_Y: 1.432 
(epoch: 7, iters: 2928, time: 0.106, data: 0.001) G_GAN: 0.715 D_real: 0.080 D_fake: 0.043 G: 2.056 NCE: 1.470 NCE_Y: 1.213 
(epoch: 7, iters: 3028, time: 0.107, data: 0.001) G_GAN: 0.754 D_real: 0.088 D_fake: 0.044 G: 2.107 NCE: 1.492 NCE_Y: 1.214 
(epoch: 7, iters: 3128, time: 0.107, data: 0.001) G_GAN: 0.451 D_real: 0.110 D_fake: 0.136 G: 1.762 NCE: 1.416 NCE_Y: 1.207 
(epoch: 7, iters: 3228, time: 0.107, data: 0.001) G_GAN: 1.116 D_real: 0.040 D_fake: 0.052 G: 2.715 NCE: 1.959 NCE_Y: 1.239 
(epoch: 7, iters: 3328, time: 0.106, data: 0.002) G_GAN: 0.527 D_real: 0.128 D_fake: 0.068 G: 1.792 NCE: 1.325 NCE_Y: 1.205 
(epoch: 7, iters: 3428, time: 0.106, data: 0.001) G_GAN: 1.045 D_real: 0.207 D_fake: 0.029 G: 2.310 NCE: 1.335 NCE_Y: 1.196 
(epoch: 7, iters: 3528, time: 0.106, data: 0.001) G_GAN: 0.781 D_real: 0.020 D_fake: 0.037 G: 2.095 NCE: 1.393 NCE_Y: 1.235 
(epoch: 7, iters: 3628, time: 0.106, data: 0.001) G_GAN: 0.748 D_real: 0.083 D_fake: 0.110 G: 2.151 NCE: 1.559 NCE_Y: 1.248 
End of epoch 7 / 60 	 Time Taken: 404 sec
learning rate = 0.0002000
(epoch: 8, iters: 16, time: 0.106, data: 0.001) G_GAN: 0.571 D_real: 0.313 D_fake: 0.026 G: 1.885 NCE: 1.268 NCE_Y: 1.361 
(epoch: 8, iters: 116, time: 0.106, data: 0.001) G_GAN: 0.633 D_real: 0.115 D_fake: 0.113 G: 1.835 NCE: 1.297 NCE_Y: 1.107 
(epoch: 8, iters: 216, time: 0.107, data: 0.001) G_GAN: 0.608 D_real: 0.144 D_fake: 0.043 G: 1.836 NCE: 1.317 NCE_Y: 1.138 
(epoch: 8, iters: 316, time: 0.107, data: 0.001) G_GAN: 0.415 D_real: 0.220 D_fake: 0.148 G: 1.639 NCE: 1.298 NCE_Y: 1.150 
(epoch: 8, iters: 416, time: 0.107, data: 0.001) G_GAN: 1.096 D_real: 0.024 D_fake: 0.017 G: 2.389 NCE: 1.295 NCE_Y: 1.291 
(epoch: 8, iters: 516, time: 0.107, data: 0.001) G_GAN: 0.809 D_real: 0.025 D_fake: 0.036 G: 2.252 NCE: 1.505 NCE_Y: 1.381 
(epoch: 8, iters: 616, time: 0.106, data: 0.001) G_GAN: 0.919 D_real: 0.042 D_fake: 0.073 G: 2.155 NCE: 1.321 NCE_Y: 1.151 
(epoch: 8, iters: 716, time: 0.107, data: 0.001) G_GAN: 0.473 D_real: 0.525 D_fake: 0.065 G: 1.721 NCE: 1.299 NCE_Y: 1.196 
(epoch: 8, iters: 816, time: 0.106, data: 0.001) G_GAN: 0.680 D_real: 0.041 D_fake: 0.169 G: 1.942 NCE: 1.343 NCE_Y: 1.180 
(epoch: 8, iters: 916, time: 0.107, data: 0.001) G_GAN: 0.707 D_real: 0.062 D_fake: 0.078 G: 1.958 NCE: 1.327 NCE_Y: 1.174 
(epoch: 8, iters: 1016, time: 0.106, data: 0.001) G_GAN: 0.640 D_real: 0.301 D_fake: 0.038 G: 2.096 NCE: 1.508 NCE_Y: 1.404 
(epoch: 8, iters: 1116, time: 0.106, data: 0.001) G_GAN: 0.688 D_real: 0.021 D_fake: 0.102 G: 1.953 NCE: 1.436 NCE_Y: 1.095 
(epoch: 8, iters: 1216, time: 0.106, data: 0.002) G_GAN: 0.747 D_real: 0.130 D_fake: 0.033 G: 1.952 NCE: 1.280 NCE_Y: 1.129 
(epoch: 8, iters: 1316, time: 0.107, data: 0.002) G_GAN: 0.637 D_real: 0.259 D_fake: 0.073 G: 1.892 NCE: 1.362 NCE_Y: 1.149 
(epoch: 8, iters: 1416, time: 0.108, data: 0.001) G_GAN: 0.731 D_real: 0.223 D_fake: 0.019 G: 1.958 NCE: 1.310 NCE_Y: 1.143 
(epoch: 8, iters: 1516, time: 0.107, data: 0.001) G_GAN: 0.605 D_real: 0.207 D_fake: 0.037 G: 1.830 NCE: 1.297 NCE_Y: 1.153 
(epoch: 8, iters: 1616, time: 0.106, data: 0.001) G_GAN: 0.517 D_real: 0.191 D_fake: 0.090 G: 1.851 NCE: 1.520 NCE_Y: 1.147 
(epoch: 8, iters: 1716, time: 0.106, data: 0.001) G_GAN: 0.764 D_real: 0.112 D_fake: 0.041 G: 2.021 NCE: 1.394 NCE_Y: 1.119 
(epoch: 8, iters: 1816, time: 0.107, data: 0.001) G_GAN: 1.014 D_real: 0.035 D_fake: 0.022 G: 2.389 NCE: 1.331 NCE_Y: 1.418 
(epoch: 8, iters: 1916, time: 0.106, data: 0.001) G_GAN: 0.530 D_real: 0.236 D_fake: 0.136 G: 1.753 NCE: 1.253 NCE_Y: 1.194 
(epoch: 8, iters: 2016, time: 0.107, data: 0.001) G_GAN: 0.818 D_real: 0.068 D_fake: 0.016 G: 2.128 NCE: 1.320 NCE_Y: 1.300 
(epoch: 8, iters: 2116, time: 0.107, data: 0.001) G_GAN: 0.948 D_real: 0.123 D_fake: 0.073 G: 2.180 NCE: 1.377 NCE_Y: 1.087 
(epoch: 8, iters: 2216, time: 0.106, data: 0.001) G_GAN: 0.746 D_real: 0.057 D_fake: 0.041 G: 2.012 NCE: 1.423 NCE_Y: 1.109 
(epoch: 8, iters: 2316, time: 0.107, data: 0.001) G_GAN: 0.512 D_real: 0.221 D_fake: 0.188 G: 1.865 NCE: 1.501 NCE_Y: 1.206 
(epoch: 8, iters: 2416, time: 0.107, data: 0.001) G_GAN: 0.788 D_real: 0.212 D_fake: 0.103 G: 2.078 NCE: 1.428 NCE_Y: 1.153 
(epoch: 8, iters: 2516, time: 0.107, data: 0.001) G_GAN: 0.829 D_real: 0.063 D_fake: 0.042 G: 2.101 NCE: 1.377 NCE_Y: 1.168 
(epoch: 8, iters: 2616, time: 0.107, data: 0.001) G_GAN: 0.647 D_real: 0.030 D_fake: 0.056 G: 1.860 NCE: 1.315 NCE_Y: 1.111 
(epoch: 8, iters: 2716, time: 0.105, data: 0.002) G_GAN: 0.796 D_real: 0.018 D_fake: 0.032 G: 2.063 NCE: 1.376 NCE_Y: 1.157 
(epoch: 8, iters: 2816, time: 0.105, data: 0.001) G_GAN: 0.915 D_real: 0.012 D_fake: 0.038 G: 2.180 NCE: 1.395 NCE_Y: 1.135 
(epoch: 8, iters: 2916, time: 0.104, data: 0.001) G_GAN: 0.994 D_real: 0.071 D_fake: 0.121 G: 2.271 NCE: 1.346 NCE_Y: 1.208 
(epoch: 8, iters: 3016, time: 0.104, data: 0.001) G_GAN: 0.472 D_real: 0.028 D_fake: 0.185 G: 1.724 NCE: 1.398 NCE_Y: 1.107 
(epoch: 8, iters: 3116, time: 0.104, data: 0.001) G_GAN: 0.591 D_real: 0.101 D_fake: 0.074 G: 1.860 NCE: 1.426 NCE_Y: 1.111 
(epoch: 8, iters: 3216, time: 0.105, data: 0.001) G_GAN: 0.619 D_real: 0.073 D_fake: 0.079 G: 1.794 NCE: 1.235 NCE_Y: 1.117 
(epoch: 8, iters: 3316, time: 0.105, data: 0.001) G_GAN: 0.884 D_real: 0.065 D_fake: 0.013 G: 2.272 NCE: 1.347 NCE_Y: 1.429 
(epoch: 8, iters: 3416, time: 0.106, data: 0.001) G_GAN: 0.951 D_real: 0.033 D_fake: 0.126 G: 2.356 NCE: 1.497 NCE_Y: 1.313 
(epoch: 8, iters: 3516, time: 0.106, data: 0.001) G_GAN: 0.888 D_real: 0.009 D_fake: 0.024 G: 2.192 NCE: 1.355 NCE_Y: 1.254 
(epoch: 8, iters: 3616, time: 0.106, data: 0.001) G_GAN: 0.803 D_real: 0.130 D_fake: 0.031 G: 2.108 NCE: 1.350 NCE_Y: 1.260 
End of epoch 8 / 60 	 Time Taken: 401 sec
learning rate = 0.0002000
(epoch: 9, iters: 4, time: 0.106, data: 0.001) G_GAN: 1.072 D_real: 0.012 D_fake: 0.033 G: 2.399 NCE: 1.362 NCE_Y: 1.293 
(epoch: 9, iters: 104, time: 0.107, data: 0.002) G_GAN: 0.958 D_real: 0.024 D_fake: 0.022 G: 2.201 NCE: 1.263 NCE_Y: 1.223 
(epoch: 9, iters: 204, time: 0.107, data: 0.002) G_GAN: 0.900 D_real: 0.034 D_fake: 0.078 G: 2.152 NCE: 1.305 NCE_Y: 1.198 
(epoch: 9, iters: 304, time: 0.107, data: 0.001) G_GAN: 0.509 D_real: 0.076 D_fake: 0.171 G: 1.767 NCE: 1.450 NCE_Y: 1.067 
saving the latest model (epoch 9, total_iters 30000)
doctr_SD_to_SELFF_nl2
(epoch: 9, iters: 404, time: 0.107, data: 0.001) G_GAN: 0.371 D_real: 0.298 D_fake: 0.065 G: 1.547 NCE: 1.256 NCE_Y: 1.095 
(epoch: 9, iters: 504, time: 0.107, data: 0.001) G_GAN: 0.768 D_real: 0.090 D_fake: 0.035 G: 2.004 NCE: 1.383 NCE_Y: 1.087 
(epoch: 9, iters: 604, time: 0.107, data: 0.001) G_GAN: 0.546 D_real: 0.119 D_fake: 0.124 G: 1.790 NCE: 1.343 NCE_Y: 1.145 
(epoch: 9, iters: 704, time: 0.107, data: 0.001) G_GAN: 0.514 D_real: 0.177 D_fake: 0.113 G: 1.742 NCE: 1.315 NCE_Y: 1.141 
(epoch: 9, iters: 804, time: 0.106, data: 0.002) G_GAN: 1.040 D_real: 0.083 D_fake: 0.115 G: 2.242 NCE: 1.289 NCE_Y: 1.115 
(epoch: 9, iters: 904, time: 0.106, data: 0.002) G_GAN: 0.942 D_real: 0.029 D_fake: 0.049 G: 2.233 NCE: 1.322 NCE_Y: 1.259 
(epoch: 9, iters: 1004, time: 0.106, data: 0.001) G_GAN: 0.371 D_real: 0.443 D_fake: 0.096 G: 1.619 NCE: 1.380 NCE_Y: 1.116 
(epoch: 9, iters: 1104, time: 0.108, data: 0.001) G_GAN: 0.944 D_real: 0.050 D_fake: 0.053 G: 2.145 NCE: 1.298 NCE_Y: 1.104 
(epoch: 9, iters: 1204, time: 0.108, data: 0.001) G_GAN: 0.768 D_real: 0.039 D_fake: 0.045 G: 1.951 NCE: 1.312 NCE_Y: 1.054 
(epoch: 9, iters: 1304, time: 0.107, data: 0.001) G_GAN: 0.994 D_real: 0.020 D_fake: 0.088 G: 2.267 NCE: 1.296 NCE_Y: 1.250 
(epoch: 9, iters: 1404, time: 0.108, data: 0.001) G_GAN: 0.779 D_real: 0.008 D_fake: 0.050 G: 2.165 NCE: 1.422 NCE_Y: 1.350 
(epoch: 9, iters: 1504, time: 0.108, data: 0.001) G_GAN: 0.963 D_real: 0.051 D_fake: 0.059 G: 2.350 NCE: 1.463 NCE_Y: 1.312 
(epoch: 9, iters: 1604, time: 0.107, data: 0.001) G_GAN: 0.826 D_real: 0.060 D_fake: 0.054 G: 2.122 NCE: 1.476 NCE_Y: 1.115 
(epoch: 9, iters: 1704, time: 0.107, data: 0.001) G_GAN: 0.932 D_real: 0.012 D_fake: 0.025 G: 2.240 NCE: 1.395 NCE_Y: 1.220 
(epoch: 9, iters: 1804, time: 0.107, data: 0.001) G_GAN: 0.653 D_real: 0.129 D_fake: 0.016 G: 1.935 NCE: 1.353 NCE_Y: 1.212 
(epoch: 9, iters: 1904, time: 0.107, data: 0.001) G_GAN: 1.133 D_real: 0.019 D_fake: 0.055 G: 2.789 NCE: 1.841 NCE_Y: 1.472 
(epoch: 9, iters: 2004, time: 0.106, data: 0.001) G_GAN: 1.364 D_real: 0.275 D_fake: 0.427 G: 2.643 NCE: 1.426 NCE_Y: 1.132 
(epoch: 9, iters: 2104, time: 0.107, data: 0.001) G_GAN: 0.968 D_real: 0.016 D_fake: 0.015 G: 2.265 NCE: 1.288 NCE_Y: 1.306 
(epoch: 9, iters: 2204, time: 0.107, data: 0.001) G_GAN: 0.681 D_real: 0.122 D_fake: 0.058 G: 2.054 NCE: 1.380 NCE_Y: 1.366 
(epoch: 9, iters: 2304, time: 0.107, data: 0.001) G_GAN: 0.314 D_real: 0.496 D_fake: 0.051 G: 1.594 NCE: 1.437 NCE_Y: 1.122 
(epoch: 9, iters: 2404, time: 0.107, data: 0.003) G_GAN: 0.973 D_real: 0.016 D_fake: 0.018 G: 2.270 NCE: 1.354 NCE_Y: 1.240 
(epoch: 9, iters: 2504, time: 0.107, data: 0.001) G_GAN: 1.022 D_real: 0.022 D_fake: 0.028 G: 2.433 NCE: 1.413 NCE_Y: 1.408 
(epoch: 9, iters: 2604, time: 0.107, data: 0.001) G_GAN: 1.027 D_real: 0.029 D_fake: 0.019 G: 2.298 NCE: 1.334 NCE_Y: 1.207 
(epoch: 9, iters: 2704, time: 0.107, data: 0.001) G_GAN: 0.883 D_real: 0.035 D_fake: 0.074 G: 2.081 NCE: 1.249 NCE_Y: 1.148 
(epoch: 9, iters: 2804, time: 0.107, data: 0.001) G_GAN: 0.877 D_real: 0.009 D_fake: 0.067 G: 2.112 NCE: 1.339 NCE_Y: 1.131 
(epoch: 9, iters: 2904, time: 0.106, data: 0.001) G_GAN: 0.955 D_real: 0.168 D_fake: 0.043 G: 2.191 NCE: 1.295 NCE_Y: 1.178 
(epoch: 9, iters: 3004, time: 0.107, data: 0.001) G_GAN: 0.896 D_real: 0.020 D_fake: 0.044 G: 2.159 NCE: 1.345 NCE_Y: 1.179 
(epoch: 9, iters: 3104, time: 0.107, data: 0.001) G_GAN: 0.494 D_real: 0.018 D_fake: 0.177 G: 1.738 NCE: 1.322 NCE_Y: 1.165 
(epoch: 9, iters: 3204, time: 0.106, data: 0.001) G_GAN: 0.784 D_real: 0.035 D_fake: 0.055 G: 2.061 NCE: 1.377 NCE_Y: 1.177 
(epoch: 9, iters: 3304, time: 0.106, data: 0.001) G_GAN: 0.773 D_real: 0.194 D_fake: 0.039 G: 2.245 NCE: 1.706 NCE_Y: 1.237 
(epoch: 9, iters: 3404, time: 0.107, data: 0.002) G_GAN: 0.875 D_real: 0.028 D_fake: 0.036 G: 2.176 NCE: 1.426 NCE_Y: 1.177 
(epoch: 9, iters: 3504, time: 0.107, data: 0.001) G_GAN: 0.533 D_real: 0.289 D_fake: 0.171 G: 1.809 NCE: 1.419 NCE_Y: 1.131 
(epoch: 9, iters: 3604, time: 0.106, data: 0.001) G_GAN: 1.110 D_real: 0.023 D_fake: 0.038 G: 2.367 NCE: 1.371 NCE_Y: 1.144 
(epoch: 9, iters: 3704, time: 0.106, data: 0.001) G_GAN: 0.711 D_real: 0.034 D_fake: 0.136 G: 1.971 NCE: 1.331 NCE_Y: 1.189 
End of epoch 9 / 60 	 Time Taken: 404 sec
learning rate = 0.0002000
(epoch: 10, iters: 92, time: 0.107, data: 0.002) G_GAN: 0.490 D_real: 0.112 D_fake: 0.155 G: 1.702 NCE: 1.304 NCE_Y: 1.119 
(epoch: 10, iters: 192, time: 0.107, data: 0.002) G_GAN: 0.647 D_real: 0.055 D_fake: 0.226 G: 1.800 NCE: 1.242 NCE_Y: 1.063 
(epoch: 10, iters: 292, time: 0.107, data: 0.002) G_GAN: 0.417 D_real: 0.184 D_fake: 0.270 G: 1.623 NCE: 1.352 NCE_Y: 1.060 
(epoch: 10, iters: 392, time: 0.108, data: 0.001) G_GAN: 0.315 D_real: 0.175 D_fake: 0.297 G: 1.520 NCE: 1.318 NCE_Y: 1.093 
(epoch: 10, iters: 492, time: 0.107, data: 0.001) G_GAN: 0.316 D_real: 0.186 D_fake: 0.238 G: 1.506 NCE: 1.300 NCE_Y: 1.081 
(epoch: 10, iters: 592, time: 0.106, data: 0.001) G_GAN: 0.378 D_real: 0.170 D_fake: 0.201 G: 1.577 NCE: 1.297 NCE_Y: 1.102 
(epoch: 10, iters: 692, time: 0.107, data: 0.001) G_GAN: 0.324 D_real: 0.288 D_fake: 0.239 G: 1.656 NCE: 1.565 NCE_Y: 1.099 
(epoch: 10, iters: 792, time: 0.107, data: 0.001) G_GAN: 0.529 D_real: 0.121 D_fake: 0.083 G: 1.668 NCE: 1.193 NCE_Y: 1.086 
(epoch: 10, iters: 892, time: 0.107, data: 0.001) G_GAN: 0.322 D_real: 0.260 D_fake: 0.168 G: 1.634 NCE: 1.522 NCE_Y: 1.102 
(epoch: 10, iters: 992, time: 0.107, data: 0.001) G_GAN: 0.365 D_real: 0.195 D_fake: 0.163 G: 1.511 NCE: 1.218 NCE_Y: 1.074 
(epoch: 10, iters: 1092, time: 0.107, data: 0.002) G_GAN: 0.409 D_real: 0.188 D_fake: 0.164 G: 1.556 NCE: 1.228 NCE_Y: 1.066 
(epoch: 10, iters: 1192, time: 0.107, data: 0.001) G_GAN: 0.385 D_real: 0.261 D_fake: 0.233 G: 1.566 NCE: 1.285 NCE_Y: 1.076 
(epoch: 10, iters: 1292, time: 0.107, data: 0.001) G_GAN: 0.484 D_real: 0.112 D_fake: 0.232 G: 1.674 NCE: 1.267 NCE_Y: 1.112 
(epoch: 10, iters: 1392, time: 0.108, data: 0.001) G_GAN: 0.553 D_real: 0.177 D_fake: 0.349 G: 1.770 NCE: 1.312 NCE_Y: 1.121 
(epoch: 10, iters: 1492, time: 0.108, data: 0.001) G_GAN: 0.293 D_real: 0.179 D_fake: 0.309 G: 1.505 NCE: 1.308 NCE_Y: 1.116 
(epoch: 10, iters: 1592, time: 0.107, data: 0.002) G_GAN: 0.403 D_real: 0.147 D_fake: 0.213 G: 1.600 NCE: 1.280 NCE_Y: 1.115 
saving the latest model (epoch 10, total_iters 35000)
doctr_SD_to_SELFF_nl2
(epoch: 10, iters: 1692, time: 0.107, data: 0.001) G_GAN: 0.380 D_real: 0.133 D_fake: 0.245 G: 1.562 NCE: 1.295 NCE_Y: 1.069 
(epoch: 10, iters: 1792, time: 0.106, data: 0.001) G_GAN: 0.557 D_real: 0.175 D_fake: 0.275 G: 1.948 NCE: 1.696 NCE_Y: 1.086 
(epoch: 10, iters: 1892, time: 0.106, data: 0.001) G_GAN: 0.425 D_real: 0.155 D_fake: 0.211 G: 1.593 NCE: 1.235 NCE_Y: 1.101 
(epoch: 10, iters: 1992, time: 0.107, data: 0.001) G_GAN: 0.651 D_real: 0.073 D_fake: 0.144 G: 1.865 NCE: 1.287 NCE_Y: 1.139 
(epoch: 10, iters: 2092, time: 0.107, data: 0.001) G_GAN: 0.271 D_real: 0.385 D_fake: 0.228 G: 1.565 NCE: 1.486 NCE_Y: 1.103 
(epoch: 10, iters: 2192, time: 0.107, data: 0.001) G_GAN: 1.022 D_real: 0.030 D_fake: 0.186 G: 2.218 NCE: 1.328 NCE_Y: 1.064 
(epoch: 10, iters: 2292, time: 0.106, data: 0.001) G_GAN: 0.296 D_real: 0.346 D_fake: 0.190 G: 1.473 NCE: 1.282 NCE_Y: 1.073 
(epoch: 10, iters: 2392, time: 0.106, data: 0.001) G_GAN: 0.284 D_real: 0.277 D_fake: 0.216 G: 1.445 NCE: 1.247 NCE_Y: 1.074 
(epoch: 10, iters: 2492, time: 0.106, data: 0.002) G_GAN: 0.254 D_real: 0.546 D_fake: 0.190 G: 1.467 NCE: 1.315 NCE_Y: 1.111 
(epoch: 10, iters: 2592, time: 0.106, data: 0.001) G_GAN: 0.457 D_real: 0.124 D_fake: 0.269 G: 1.695 NCE: 1.300 NCE_Y: 1.176 
(epoch: 10, iters: 2692, time: 0.106, data: 0.001) G_GAN: 1.279 D_real: 0.103 D_fake: 0.039 G: 2.618 NCE: 1.552 NCE_Y: 1.127 
(epoch: 10, iters: 2792, time: 0.106, data: 0.001) G_GAN: 0.450 D_real: 0.231 D_fake: 0.121 G: 1.640 NCE: 1.290 NCE_Y: 1.090 
(epoch: 10, iters: 2892, time: 0.107, data: 0.001) G_GAN: 0.326 D_real: 0.147 D_fake: 0.307 G: 1.526 NCE: 1.302 NCE_Y: 1.098 
(epoch: 10, iters: 2992, time: 0.107, data: 0.001) G_GAN: 0.193 D_real: 0.449 D_fake: 0.224 G: 1.436 NCE: 1.372 NCE_Y: 1.115 
(epoch: 10, iters: 3092, time: 0.107, data: 0.001) G_GAN: 0.609 D_real: 0.117 D_fake: 0.179 G: 1.784 NCE: 1.262 NCE_Y: 1.088 
(epoch: 10, iters: 3192, time: 0.107, data: 0.001) G_GAN: 0.671 D_real: 0.371 D_fake: 0.139 G: 1.876 NCE: 1.329 NCE_Y: 1.081 
(epoch: 10, iters: 3292, time: 0.106, data: 0.002) G_GAN: 0.635 D_real: 0.091 D_fake: 0.153 G: 1.808 NCE: 1.236 NCE_Y: 1.108 
(epoch: 10, iters: 3392, time: 0.107, data: 0.001) G_GAN: 0.413 D_real: 0.115 D_fake: 0.202 G: 1.566 NCE: 1.255 NCE_Y: 1.050 
(epoch: 10, iters: 3492, time: 0.107, data: 0.001) G_GAN: 0.332 D_real: 0.278 D_fake: 0.199 G: 1.680 NCE: 1.573 NCE_Y: 1.122 
(epoch: 10, iters: 3592, time: 0.107, data: 0.001) G_GAN: 0.369 D_real: 0.339 D_fake: 0.258 G: 1.765 NCE: 1.670 NCE_Y: 1.124 
(epoch: 10, iters: 3692, time: 0.106, data: 0.001) G_GAN: 0.477 D_real: 0.258 D_fake: 0.103 G: 1.698 NCE: 1.345 NCE_Y: 1.097 
saving the model at the end of epoch 10, iters 37120
End of epoch 10 / 60 	 Time Taken: 404 sec
learning rate = 0.0002000
(epoch: 11, iters: 80, time: 0.107, data: 0.001) G_GAN: 0.335 D_real: 0.228 D_fake: 0.206 G: 1.500 NCE: 1.258 NCE_Y: 1.072 
(epoch: 11, iters: 180, time: 0.107, data: 0.001) G_GAN: 0.321 D_real: 0.197 D_fake: 0.235 G: 1.510 NCE: 1.279 NCE_Y: 1.100 
(epoch: 11, iters: 280, time: 0.107, data: 0.001) G_GAN: 0.334 D_real: 0.169 D_fake: 0.257 G: 1.561 NCE: 1.363 NCE_Y: 1.090 
(epoch: 11, iters: 380, time: 0.107, data: 0.001) G_GAN: 0.348 D_real: 0.191 D_fake: 0.251 G: 1.547 NCE: 1.289 NCE_Y: 1.109 
(epoch: 11, iters: 480, time: 0.107, data: 0.001) G_GAN: 0.357 D_real: 0.215 D_fake: 0.181 G: 1.539 NCE: 1.301 NCE_Y: 1.063 
(epoch: 11, iters: 580, time: 0.107, data: 0.001) G_GAN: 0.493 D_real: 0.042 D_fake: 0.317 G: 1.678 NCE: 1.249 NCE_Y: 1.122 
(epoch: 11, iters: 680, time: 0.107, data: 0.001) G_GAN: 0.391 D_real: 0.253 D_fake: 0.182 G: 1.644 NCE: 1.310 NCE_Y: 1.197 
(epoch: 11, iters: 780, time: 0.107, data: 0.001) G_GAN: 0.328 D_real: 0.254 D_fake: 0.254 G: 1.573 NCE: 1.383 NCE_Y: 1.108 
(epoch: 11, iters: 880, time: 0.107, data: 0.001) G_GAN: 0.517 D_real: 0.208 D_fake: 0.451 G: 1.713 NCE: 1.326 NCE_Y: 1.067 
(epoch: 11, iters: 980, time: 0.107, data: 0.001) G_GAN: 0.342 D_real: 0.217 D_fake: 0.223 G: 1.587 NCE: 1.352 NCE_Y: 1.138 
(epoch: 11, iters: 1080, time: 0.107, data: 0.001) G_GAN: 0.402 D_real: 0.169 D_fake: 0.175 G: 1.621 NCE: 1.249 NCE_Y: 1.188 
(epoch: 11, iters: 1180, time: 0.107, data: 0.001) G_GAN: 0.466 D_real: 0.315 D_fake: 0.148 G: 1.704 NCE: 1.406 NCE_Y: 1.070 
(epoch: 11, iters: 1280, time: 0.107, data: 0.001) G_GAN: 0.339 D_real: 0.194 D_fake: 0.244 G: 1.578 NCE: 1.372 NCE_Y: 1.107 
(epoch: 11, iters: 1380, time: 0.107, data: 0.001) G_GAN: 0.330 D_real: 0.242 D_fake: 0.255 G: 1.516 NCE: 1.280 NCE_Y: 1.094 
(epoch: 11, iters: 1480, time: 0.107, data: 0.001) G_GAN: 1.928 D_real: 1.090 D_fake: 0.813 G: 3.445 NCE: 1.693 NCE_Y: 1.339 
(epoch: 11, iters: 1580, time: 0.106, data: 0.001) G_GAN: 0.327 D_real: 0.264 D_fake: 0.169 G: 1.528 NCE: 1.312 NCE_Y: 1.092 
(epoch: 11, iters: 1680, time: 0.107, data: 0.001) G_GAN: 0.877 D_real: 0.097 D_fake: 0.051 G: 2.031 NCE: 1.236 NCE_Y: 1.072 
(epoch: 11, iters: 1780, time: 0.107, data: 0.001) G_GAN: 0.406 D_real: 0.164 D_fake: 0.191 G: 1.609 NCE: 1.350 NCE_Y: 1.056 
(epoch: 11, iters: 1880, time: 0.107, data: 0.002) G_GAN: 0.624 D_real: 0.114 D_fake: 0.283 G: 1.837 NCE: 1.289 NCE_Y: 1.137 
(epoch: 11, iters: 1980, time: 0.107, data: 0.001) G_GAN: 0.373 D_real: 0.291 D_fake: 0.193 G: 1.623 NCE: 1.387 NCE_Y: 1.111 
(epoch: 11, iters: 2080, time: 0.107, data: 0.001) G_GAN: 0.277 D_real: 0.297 D_fake: 0.252 G: 1.464 NCE: 1.292 NCE_Y: 1.083 
(epoch: 11, iters: 2180, time: 0.107, data: 0.001) G_GAN: 0.268 D_real: 0.353 D_fake: 0.201 G: 1.453 NCE: 1.276 NCE_Y: 1.094 
(epoch: 11, iters: 2280, time: 0.107, data: 0.001) G_GAN: 0.365 D_real: 0.519 D_fake: 0.120 G: 1.558 NCE: 1.341 NCE_Y: 1.044 
(epoch: 11, iters: 2380, time: 0.107, data: 0.001) G_GAN: 0.416 D_real: 0.189 D_fake: 0.210 G: 1.595 NCE: 1.240 NCE_Y: 1.118 
(epoch: 11, iters: 2480, time: 0.107, data: 0.001) G_GAN: 0.461 D_real: 0.171 D_fake: 0.201 G: 1.807 NCE: 1.627 NCE_Y: 1.066 
(epoch: 11, iters: 2580, time: 0.107, data: 0.001) G_GAN: 0.529 D_real: 0.093 D_fake: 0.131 G: 1.724 NCE: 1.284 NCE_Y: 1.107 
(epoch: 11, iters: 2680, time: 0.107, data: 0.001) G_GAN: 0.414 D_real: 0.406 D_fake: 0.097 G: 1.588 NCE: 1.261 NCE_Y: 1.087 
(epoch: 11, iters: 2780, time: 0.107, data: 0.001) G_GAN: 0.313 D_real: 0.273 D_fake: 0.218 G: 1.572 NCE: 1.384 NCE_Y: 1.132 
(epoch: 11, iters: 2880, time: 0.107, data: 0.001) G_GAN: 0.285 D_real: 0.240 D_fake: 0.247 G: 1.450 NCE: 1.274 NCE_Y: 1.055 
saving the latest model (epoch 11, total_iters 40000)
doctr_SD_to_SELFF_nl2
(epoch: 11, iters: 2980, time: 0.107, data: 0.002) G_GAN: 0.259 D_real: 0.121 D_fake: 0.444 G: 1.463 NCE: 1.309 NCE_Y: 1.101 
(epoch: 11, iters: 3080, time: 0.107, data: 0.001) G_GAN: 0.332 D_real: 0.286 D_fake: 0.194 G: 1.529 NCE: 1.310 NCE_Y: 1.083 
(epoch: 11, iters: 3180, time: 0.107, data: 0.001) G_GAN: 0.658 D_real: 0.195 D_fake: 0.035 G: 1.839 NCE: 1.255 NCE_Y: 1.108 
(epoch: 11, iters: 3280, time: 0.107, data: 0.001) G_GAN: 0.469 D_real: 0.175 D_fake: 0.363 G: 1.680 NCE: 1.300 NCE_Y: 1.123 
(epoch: 11, iters: 3380, time: 0.107, data: 0.001) G_GAN: 0.618 D_real: 0.106 D_fake: 0.213 G: 1.799 NCE: 1.271 NCE_Y: 1.091 
(epoch: 11, iters: 3480, time: 0.107, data: 0.001) G_GAN: 0.310 D_real: 0.203 D_fake: 0.256 G: 1.520 NCE: 1.315 NCE_Y: 1.105 
(epoch: 11, iters: 3580, time: 0.107, data: 0.001) G_GAN: 0.388 D_real: 0.776 D_fake: 0.044 G: 1.551 NCE: 1.244 NCE_Y: 1.083 
(epoch: 11, iters: 3680, time: 0.107, data: 0.001) G_GAN: 0.367 D_real: 0.298 D_fake: 0.281 G: 1.616 NCE: 1.369 NCE_Y: 1.129 
End of epoch 11 / 60 	 Time Taken: 405 sec
learning rate = 0.0002000
(epoch: 12, iters: 68, time: 0.107, data: 0.001) G_GAN: 0.838 D_real: 0.175 D_fake: 0.134 G: 2.124 NCE: 1.413 NCE_Y: 1.161 
(epoch: 12, iters: 168, time: 0.107, data: 0.002) G_GAN: 0.357 D_real: 0.207 D_fake: 0.162 G: 1.530 NCE: 1.235 NCE_Y: 1.110 
(epoch: 12, iters: 268, time: 0.107, data: 0.002) G_GAN: 0.380 D_real: 0.339 D_fake: 0.283 G: 1.530 NCE: 1.214 NCE_Y: 1.085 
(epoch: 12, iters: 368, time: 0.107, data: 0.001) G_GAN: 0.299 D_real: 0.308 D_fake: 0.279 G: 1.495 NCE: 1.277 NCE_Y: 1.115 
(epoch: 12, iters: 468, time: 0.107, data: 0.002) G_GAN: 0.397 D_real: 0.248 D_fake: 0.181 G: 1.594 NCE: 1.302 NCE_Y: 1.092 
(epoch: 12, iters: 568, time: 0.107, data: 0.001) G_GAN: 0.309 D_real: 0.292 D_fake: 0.265 G: 1.554 NCE: 1.440 NCE_Y: 1.051 
(epoch: 12, iters: 668, time: 0.107, data: 0.001) G_GAN: 0.456 D_real: 0.117 D_fake: 0.278 G: 1.643 NCE: 1.265 NCE_Y: 1.109 
(epoch: 12, iters: 768, time: 0.107, data: 0.001) G_GAN: 0.419 D_real: 0.101 D_fake: 0.246 G: 1.612 NCE: 1.269 NCE_Y: 1.117 
(epoch: 12, iters: 868, time: 0.107, data: 0.002) G_GAN: 0.429 D_real: 0.262 D_fake: 0.124 G: 1.561 NCE: 1.230 NCE_Y: 1.035 
(epoch: 12, iters: 968, time: 0.107, data: 0.001) G_GAN: 0.218 D_real: 0.138 D_fake: 0.245 G: 1.407 NCE: 1.291 NCE_Y: 1.088 
(epoch: 12, iters: 1068, time: 0.107, data: 0.002) G_GAN: 0.422 D_real: 0.158 D_fake: 0.217 G: 1.609 NCE: 1.304 NCE_Y: 1.069 
(epoch: 12, iters: 1168, time: 0.107, data: 0.001) G_GAN: 0.445 D_real: 0.074 D_fake: 0.218 G: 1.644 NCE: 1.346 NCE_Y: 1.053 
(epoch: 12, iters: 1268, time: 0.107, data: 0.001) G_GAN: 0.328 D_real: 0.176 D_fake: 0.266 G: 1.609 NCE: 1.454 NCE_Y: 1.108 
(epoch: 12, iters: 1368, time: 0.107, data: 0.002) G_GAN: 0.278 D_real: 0.463 D_fake: 0.264 G: 1.461 NCE: 1.268 NCE_Y: 1.098 
(epoch: 12, iters: 1468, time: 0.106, data: 0.001) G_GAN: 0.376 D_real: 0.718 D_fake: 0.071 G: 1.595 NCE: 1.338 NCE_Y: 1.101 
(epoch: 12, iters: 1568, time: 0.106, data: 0.001) G_GAN: 0.402 D_real: 0.175 D_fake: 0.185 G: 1.578 NCE: 1.249 NCE_Y: 1.103 
(epoch: 12, iters: 1668, time: 0.106, data: 0.001) G_GAN: 1.309 D_real: 0.013 D_fake: 0.041 G: 3.720 NCE: 2.344 NCE_Y: 2.477 
(epoch: 12, iters: 1768, time: 0.106, data: 0.001) G_GAN: 0.910 D_real: 0.045 D_fake: 0.022 G: 2.201 NCE: 1.246 NCE_Y: 1.336 
(epoch: 12, iters: 1868, time: 0.106, data: 0.001) G_GAN: 0.431 D_real: 0.275 D_fake: 0.143 G: 1.692 NCE: 1.398 NCE_Y: 1.125 
(epoch: 12, iters: 1968, time: 0.106, data: 0.001) G_GAN: 0.430 D_real: 0.262 D_fake: 0.111 G: 1.677 NCE: 1.360 NCE_Y: 1.135 
(epoch: 12, iters: 2068, time: 0.106, data: 0.001) G_GAN: 0.495 D_real: 0.069 D_fake: 0.212 G: 1.678 NCE: 1.263 NCE_Y: 1.104 
(epoch: 12, iters: 2168, time: 0.106, data: 0.001) G_GAN: 0.405 D_real: 0.246 D_fake: 0.142 G: 1.642 NCE: 1.370 NCE_Y: 1.105 
(epoch: 12, iters: 2268, time: 0.106, data: 0.001) G_GAN: 0.338 D_real: 0.363 D_fake: 0.172 G: 1.552 NCE: 1.299 NCE_Y: 1.130 
(epoch: 12, iters: 2368, time: 0.106, data: 0.001) G_GAN: 0.378 D_real: 0.172 D_fake: 0.319 G: 1.579 NCE: 1.296 NCE_Y: 1.107 
(epoch: 12, iters: 2468, time: 0.107, data: 0.001) G_GAN: 0.307 D_real: 0.200 D_fake: 0.252 G: 1.487 NCE: 1.270 NCE_Y: 1.090 
(epoch: 12, iters: 2568, time: 0.107, data: 0.001) G_GAN: 0.514 D_real: 0.166 D_fake: 0.210 G: 1.694 NCE: 1.280 NCE_Y: 1.080 
(epoch: 12, iters: 2668, time: 0.107, data: 0.001) G_GAN: 0.908 D_real: 0.048 D_fake: 0.029 G: 2.257 NCE: 1.320 NCE_Y: 1.380 
(epoch: 12, iters: 2768, time: 0.107, data: 0.001) G_GAN: 0.990 D_real: 0.010 D_fake: 0.021 G: 2.296 NCE: 1.335 NCE_Y: 1.277 
(epoch: 12, iters: 2868, time: 0.107, data: 0.001) G_GAN: 1.105 D_real: 0.010 D_fake: 0.007 G: 2.508 NCE: 1.506 NCE_Y: 1.299 
(epoch: 12, iters: 2968, time: 0.107, data: 0.001) G_GAN: 0.779 D_real: 0.008 D_fake: 0.097 G: 2.092 NCE: 1.391 NCE_Y: 1.236 
(epoch: 12, iters: 3068, time: 0.106, data: 0.001) G_GAN: 0.937 D_real: 0.015 D_fake: 0.033 G: 2.361 NCE: 1.472 NCE_Y: 1.376 
(epoch: 12, iters: 3168, time: 0.106, data: 0.001) G_GAN: 0.834 D_real: 0.047 D_fake: 0.023 G: 2.181 NCE: 1.444 NCE_Y: 1.249 
(epoch: 12, iters: 3268, time: 0.106, data: 0.001) G_GAN: 0.940 D_real: 0.027 D_fake: 0.011 G: 2.128 NCE: 1.271 NCE_Y: 1.105 
(epoch: 12, iters: 3368, time: 0.107, data: 0.002) G_GAN: 1.177 D_real: 0.015 D_fake: 0.062 G: 2.452 NCE: 1.336 NCE_Y: 1.215 
(epoch: 12, iters: 3468, time: 0.106, data: 0.001) G_GAN: 0.339 D_real: 0.208 D_fake: 0.201 G: 1.607 NCE: 1.427 NCE_Y: 1.108 
(epoch: 12, iters: 3568, time: 0.106, data: 0.002) G_GAN: 0.392 D_real: 0.188 D_fake: 0.157 G: 1.658 NCE: 1.386 NCE_Y: 1.145 
(epoch: 12, iters: 3668, time: 0.106, data: 0.001) G_GAN: 0.381 D_real: 0.261 D_fake: 0.156 G: 1.597 NCE: 1.324 NCE_Y: 1.108 
End of epoch 12 / 60 	 Time Taken: 403 sec
learning rate = 0.0002000
(epoch: 13, iters: 56, time: 0.107, data: 0.001) G_GAN: 0.656 D_real: 0.225 D_fake: 0.363 G: 1.877 NCE: 1.339 NCE_Y: 1.103 
(epoch: 13, iters: 156, time: 0.106, data: 0.001) G_GAN: 0.367 D_real: 0.229 D_fake: 0.178 G: 1.802 NCE: 1.790 NCE_Y: 1.082 
(epoch: 13, iters: 256, time: 0.106, data: 0.001) G_GAN: 0.304 D_real: 0.189 D_fake: 0.319 G: 1.555 NCE: 1.398 NCE_Y: 1.103 
(epoch: 13, iters: 356, time: 0.106, data: 0.002) G_GAN: 0.366 D_real: 0.292 D_fake: 0.274 G: 1.588 NCE: 1.348 NCE_Y: 1.097 
(epoch: 13, iters: 456, time: 0.106, data: 0.001) G_GAN: 0.419 D_real: 0.101 D_fake: 0.225 G: 1.595 NCE: 1.279 NCE_Y: 1.073 
saving the latest model (epoch 13, total_iters 45000)
doctr_SD_to_SELFF_nl2
(epoch: 13, iters: 556, time: 0.107, data: 0.002) G_GAN: 0.396 D_real: 0.143 D_fake: 0.222 G: 1.580 NCE: 1.258 NCE_Y: 1.112 
(epoch: 13, iters: 656, time: 0.107, data: 0.001) G_GAN: 0.355 D_real: 0.174 D_fake: 0.273 G: 1.564 NCE: 1.308 NCE_Y: 1.111 
(epoch: 13, iters: 756, time: 0.107, data: 0.001) G_GAN: 0.285 D_real: 0.208 D_fake: 0.302 G: 1.516 NCE: 1.361 NCE_Y: 1.101 
(epoch: 13, iters: 856, time: 0.107, data: 0.002) G_GAN: 0.362 D_real: 0.287 D_fake: 0.169 G: 1.563 NCE: 1.328 NCE_Y: 1.074 
(epoch: 13, iters: 956, time: 0.107, data: 0.002) G_GAN: 0.321 D_real: 0.358 D_fake: 0.157 G: 1.462 NCE: 1.208 NCE_Y: 1.073 
(epoch: 13, iters: 1056, time: 0.107, data: 0.001) G_GAN: 0.391 D_real: 0.290 D_fake: 0.135 G: 1.597 NCE: 1.345 NCE_Y: 1.068 
(epoch: 13, iters: 1156, time: 0.107, data: 0.001) G_GAN: 0.276 D_real: 0.194 D_fake: 0.250 G: 1.550 NCE: 1.440 NCE_Y: 1.108 
(epoch: 13, iters: 1256, time: 0.107, data: 0.001) G_GAN: 0.307 D_real: 0.179 D_fake: 0.259 G: 1.468 NCE: 1.235 NCE_Y: 1.087 
(epoch: 13, iters: 1356, time: 0.107, data: 0.001) G_GAN: 0.324 D_real: 0.354 D_fake: 0.174 G: 1.481 NCE: 1.236 NCE_Y: 1.078 
(epoch: 13, iters: 1456, time: 0.107, data: 0.001) G_GAN: 0.319 D_real: 0.211 D_fake: 0.212 G: 1.565 NCE: 1.428 NCE_Y: 1.063 
(epoch: 13, iters: 1556, time: 0.107, data: 0.002) G_GAN: 0.606 D_real: 0.199 D_fake: 0.115 G: 1.819 NCE: 1.351 NCE_Y: 1.076 
(epoch: 13, iters: 1656, time: 0.106, data: 0.001) G_GAN: 0.418 D_real: 0.288 D_fake: 0.191 G: 1.605 NCE: 1.251 NCE_Y: 1.123 
(epoch: 13, iters: 1756, time: 0.106, data: 0.001) G_GAN: 0.311 D_real: 0.310 D_fake: 0.201 G: 1.523 NCE: 1.324 NCE_Y: 1.101 
(epoch: 13, iters: 1856, time: 0.107, data: 0.001) G_GAN: 0.325 D_real: 0.352 D_fake: 0.165 G: 1.522 NCE: 1.298 NCE_Y: 1.095 
(epoch: 13, iters: 1956, time: 0.107, data: 0.001) G_GAN: 0.354 D_real: 0.229 D_fake: 0.227 G: 1.553 NCE: 1.283 NCE_Y: 1.114 
(epoch: 13, iters: 2056, time: 0.106, data: 0.001) G_GAN: 0.359 D_real: 0.241 D_fake: 0.191 G: 1.609 NCE: 1.418 NCE_Y: 1.080 
(epoch: 13, iters: 2156, time: 0.107, data: 0.001) G_GAN: 0.491 D_real: 0.222 D_fake: 0.171 G: 1.781 NCE: 1.470 NCE_Y: 1.110 
(epoch: 13, iters: 2256, time: 0.107, data: 0.001) G_GAN: 0.433 D_real: 0.202 D_fake: 0.235 G: 1.701 NCE: 1.439 NCE_Y: 1.098 
(epoch: 13, iters: 2356, time: 0.107, data: 0.001) G_GAN: 0.441 D_real: 0.149 D_fake: 0.239 G: 1.670 NCE: 1.327 NCE_Y: 1.130 
(epoch: 13, iters: 2456, time: 0.107, data: 0.001) G_GAN: 0.775 D_real: 0.036 D_fake: 0.253 G: 2.006 NCE: 1.386 NCE_Y: 1.077 
(epoch: 13, iters: 2556, time: 0.107, data: 0.001) G_GAN: 0.355 D_real: 0.213 D_fake: 0.246 G: 1.513 NCE: 1.254 NCE_Y: 1.063 
(epoch: 13, iters: 2656, time: 0.107, data: 0.002) G_GAN: 0.445 D_real: 0.607 D_fake: 0.059 G: 1.626 NCE: 1.254 NCE_Y: 1.108 
(epoch: 13, iters: 2756, time: 0.107, data: 0.002) G_GAN: 0.409 D_real: 0.158 D_fake: 0.275 G: 1.583 NCE: 1.266 NCE_Y: 1.081 
(epoch: 13, iters: 2856, time: 0.107, data: 0.001) G_GAN: 0.429 D_real: 0.161 D_fake: 0.155 G: 1.605 NCE: 1.245 NCE_Y: 1.108 
(epoch: 13, iters: 2956, time: 0.107, data: 0.001) G_GAN: 0.524 D_real: 0.313 D_fake: 0.051 G: 1.720 NCE: 1.270 NCE_Y: 1.122 
(epoch: 13, iters: 3056, time: 0.107, data: 0.002) G_GAN: 0.316 D_real: 0.258 D_fake: 0.204 G: 1.566 NCE: 1.378 NCE_Y: 1.123 
(epoch: 13, iters: 3156, time: 0.107, data: 0.001) G_GAN: 0.477 D_real: 0.331 D_fake: 0.116 G: 1.688 NCE: 1.368 NCE_Y: 1.056 
(epoch: 13, iters: 3256, time: 0.107, data: 0.001) G_GAN: 0.556 D_real: 0.176 D_fake: 0.123 G: 1.760 NCE: 1.285 NCE_Y: 1.123 
(epoch: 13, iters: 3356, time: 0.107, data: 0.001) G_GAN: 0.934 D_real: 0.017 D_fake: 0.089 G: 2.412 NCE: 1.725 NCE_Y: 1.232 
(epoch: 13, iters: 3456, time: 0.107, data: 0.001) G_GAN: 0.333 D_real: 0.196 D_fake: 0.221 G: 1.497 NCE: 1.258 NCE_Y: 1.069 
(epoch: 13, iters: 3556, time: 0.107, data: 0.001) G_GAN: 0.579 D_real: 0.020 D_fake: 0.278 G: 1.803 NCE: 1.344 NCE_Y: 1.104 
(epoch: 13, iters: 3656, time: 0.107, data: 0.001) G_GAN: 0.317 D_real: 0.127 D_fake: 0.216 G: 1.549 NCE: 1.401 NCE_Y: 1.062 
End of epoch 13 / 60 	 Time Taken: 404 sec
learning rate = 0.0002000
(epoch: 14, iters: 44, time: 0.107, data: 0.001) G_GAN: 0.563 D_real: 0.081 D_fake: 0.141 G: 1.801 NCE: 1.342 NCE_Y: 1.134 
(epoch: 14, iters: 144, time: 0.107, data: 0.001) G_GAN: 0.379 D_real: 0.179 D_fake: 0.177 G: 1.549 NCE: 1.257 NCE_Y: 1.083 
(epoch: 14, iters: 244, time: 0.107, data: 0.001) G_GAN: 0.482 D_real: 0.037 D_fake: 0.240 G: 1.671 NCE: 1.308 NCE_Y: 1.070 
(epoch: 14, iters: 344, time: 0.107, data: 0.001) G_GAN: 0.422 D_real: 0.310 D_fake: 0.154 G: 1.602 NCE: 1.264 NCE_Y: 1.096 
(epoch: 14, iters: 444, time: 0.107, data: 0.001) G_GAN: 0.455 D_real: 0.140 D_fake: 0.189 G: 1.704 NCE: 1.426 NCE_Y: 1.072 
(epoch: 14, iters: 544, time: 0.107, data: 0.001) G_GAN: 0.397 D_real: 0.170 D_fake: 0.242 G: 1.596 NCE: 1.335 NCE_Y: 1.063 
(epoch: 14, iters: 644, time: 0.107, data: 0.001) G_GAN: 0.397 D_real: 0.203 D_fake: 0.169 G: 1.658 NCE: 1.442 NCE_Y: 1.080 
(epoch: 14, iters: 744, time: 0.107, data: 0.001) G_GAN: 0.347 D_real: 0.173 D_fake: 0.214 G: 1.549 NCE: 1.319 NCE_Y: 1.085 
(epoch: 14, iters: 844, time: 0.107, data: 0.001) G_GAN: 0.613 D_real: 0.059 D_fake: 0.238 G: 1.885 NCE: 1.429 NCE_Y: 1.115 
(epoch: 14, iters: 944, time: 0.107, data: 0.001) G_GAN: 0.346 D_real: 0.211 D_fake: 0.174 G: 1.497 NCE: 1.232 NCE_Y: 1.071 
(epoch: 14, iters: 1044, time: 0.106, data: 0.001) G_GAN: 0.375 D_real: 0.258 D_fake: 0.156 G: 1.550 NCE: 1.244 NCE_Y: 1.106 
(epoch: 14, iters: 1144, time: 0.106, data: 0.001) G_GAN: 0.375 D_real: 0.170 D_fake: 0.191 G: 1.551 NCE: 1.271 NCE_Y: 1.081 
(epoch: 14, iters: 1244, time: 0.106, data: 0.001) G_GAN: 0.303 D_real: 0.300 D_fake: 0.222 G: 1.466 NCE: 1.266 NCE_Y: 1.061 
(epoch: 14, iters: 1344, time: 0.107, data: 0.001) G_GAN: 0.441 D_real: 0.089 D_fake: 0.335 G: 1.666 NCE: 1.324 NCE_Y: 1.126 
(epoch: 14, iters: 1444, time: 0.107, data: 0.001) G_GAN: 0.921 D_real: 0.059 D_fake: 0.135 G: 2.255 NCE: 1.333 NCE_Y: 1.334 
(epoch: 14, iters: 1544, time: 0.107, data: 0.001) G_GAN: 0.679 D_real: 0.015 D_fake: 0.300 G: 1.863 NCE: 1.301 NCE_Y: 1.066 
(epoch: 14, iters: 1644, time: 0.107, data: 0.001) G_GAN: 0.454 D_real: 0.110 D_fake: 0.205 G: 1.638 NCE: 1.278 NCE_Y: 1.091 
(epoch: 14, iters: 1744, time: 0.107, data: 0.001) G_GAN: 0.377 D_real: 0.235 D_fake: 0.158 G: 1.574 NCE: 1.284 NCE_Y: 1.110 
saving the latest model (epoch 14, total_iters 50000)
doctr_SD_to_SELFF_nl2
(epoch: 14, iters: 1844, time: 0.106, data: 0.002) G_GAN: 0.349 D_real: 0.242 D_fake: 0.208 G: 1.602 NCE: 1.410 NCE_Y: 1.096 
(epoch: 14, iters: 1944, time: 0.106, data: 0.001) G_GAN: 0.341 D_real: 0.233 D_fake: 0.218 G: 1.492 NCE: 1.200 NCE_Y: 1.101 
(epoch: 14, iters: 2044, time: 0.106, data: 0.001) G_GAN: 0.301 D_real: 0.303 D_fake: 0.233 G: 1.480 NCE: 1.253 NCE_Y: 1.106 
(epoch: 14, iters: 2144, time: 0.106, data: 0.001) G_GAN: 0.571 D_real: 0.089 D_fake: 0.160 G: 1.731 NCE: 1.231 NCE_Y: 1.088 
(epoch: 14, iters: 2244, time: 0.106, data: 0.001) G_GAN: 0.311 D_real: 0.320 D_fake: 0.301 G: 1.491 NCE: 1.263 NCE_Y: 1.098 
(epoch: 14, iters: 2344, time: 0.106, data: 0.001) G_GAN: 0.337 D_real: 0.130 D_fake: 0.265 G: 1.500 NCE: 1.250 NCE_Y: 1.076 
(epoch: 14, iters: 2444, time: 0.106, data: 0.001) G_GAN: 0.426 D_real: 0.106 D_fake: 0.239 G: 1.716 NCE: 1.294 NCE_Y: 1.286 
(epoch: 14, iters: 2544, time: 0.106, data: 0.001) G_GAN: 0.317 D_real: 0.218 D_fake: 0.248 G: 1.531 NCE: 1.348 NCE_Y: 1.079 
(epoch: 14, iters: 2644, time: 0.106, data: 0.001) G_GAN: 0.682 D_real: 0.249 D_fake: 0.157 G: 1.890 NCE: 1.353 NCE_Y: 1.063 
(epoch: 14, iters: 2744, time: 0.106, data: 0.001) G_GAN: 0.383 D_real: 0.238 D_fake: 0.186 G: 1.542 NCE: 1.226 NCE_Y: 1.093 
(epoch: 14, iters: 2844, time: 0.106, data: 0.001) G_GAN: 0.315 D_real: 0.558 D_fake: 0.033 G: 1.541 NCE: 1.345 NCE_Y: 1.109 
(epoch: 14, iters: 2944, time: 0.106, data: 0.001) G_GAN: 1.095 D_real: 0.248 D_fake: 0.059 G: 2.282 NCE: 1.291 NCE_Y: 1.084 
(epoch: 14, iters: 3044, time: 0.107, data: 0.001) G_GAN: 0.412 D_real: 0.166 D_fake: 0.136 G: 1.589 NCE: 1.288 NCE_Y: 1.064 
(epoch: 14, iters: 3144, time: 0.107, data: 0.001) G_GAN: 0.323 D_real: 0.215 D_fake: 0.205 G: 1.473 NCE: 1.225 NCE_Y: 1.075 
(epoch: 14, iters: 3244, time: 0.107, data: 0.001) G_GAN: 0.386 D_real: 0.203 D_fake: 0.228 G: 1.586 NCE: 1.296 NCE_Y: 1.105 
(epoch: 14, iters: 3344, time: 0.107, data: 0.001) G_GAN: 0.582 D_real: 0.157 D_fake: 0.512 G: 1.784 NCE: 1.312 NCE_Y: 1.093 
(epoch: 14, iters: 3444, time: 0.107, data: 0.001) G_GAN: 0.487 D_real: 0.255 D_fake: 0.057 G: 1.652 NCE: 1.251 NCE_Y: 1.080 
(epoch: 14, iters: 3544, time: 0.107, data: 0.001) G_GAN: 0.660 D_real: 0.138 D_fake: 0.173 G: 1.867 NCE: 1.279 NCE_Y: 1.134 
(epoch: 14, iters: 3644, time: 0.106, data: 0.001) G_GAN: 0.317 D_real: 0.187 D_fake: 0.253 G: 1.523 NCE: 1.333 NCE_Y: 1.080 
End of epoch 14 / 60 	 Time Taken: 403 sec
learning rate = 0.0002000
(epoch: 15, iters: 32, time: 0.106, data: 0.001) G_GAN: 0.285 D_real: 0.265 D_fake: 0.244 G: 1.473 NCE: 1.264 NCE_Y: 1.110 
(epoch: 15, iters: 132, time: 0.106, data: 0.001) G_GAN: 0.349 D_real: 0.232 D_fake: 0.174 G: 1.534 NCE: 1.273 NCE_Y: 1.096 
(epoch: 15, iters: 232, time: 0.106, data: 0.001) G_GAN: 0.419 D_real: 0.136 D_fake: 0.229 G: 1.614 NCE: 1.296 NCE_Y: 1.094 
(epoch: 15, iters: 332, time: 0.107, data: 0.001) G_GAN: 0.392 D_real: 0.206 D_fake: 0.191 G: 1.583 NCE: 1.291 NCE_Y: 1.091 
(epoch: 15, iters: 432, time: 0.107, data: 0.001) G_GAN: 0.345 D_real: 0.192 D_fake: 0.139 G: 1.567 NCE: 1.345 NCE_Y: 1.098 
(epoch: 15, iters: 532, time: 0.107, data: 0.001) G_GAN: 0.571 D_real: 0.226 D_fake: 0.102 G: 1.802 NCE: 1.308 NCE_Y: 1.155 
(epoch: 15, iters: 632, time: 0.106, data: 0.001) G_GAN: 0.320 D_real: 0.281 D_fake: 0.200 G: 1.498 NCE: 1.277 NCE_Y: 1.081 
(epoch: 15, iters: 732, time: 0.106, data: 0.001) G_GAN: 0.287 D_real: 0.143 D_fake: 0.280 G: 1.477 NCE: 1.265 NCE_Y: 1.115 
(epoch: 15, iters: 832, time: 0.106, data: 0.001) G_GAN: 0.467 D_real: 0.533 D_fake: 0.029 G: 1.775 NCE: 1.447 NCE_Y: 1.168 
(epoch: 15, iters: 932, time: 0.106, data: 0.001) G_GAN: 0.556 D_real: 0.074 D_fake: 0.170 G: 1.762 NCE: 1.305 NCE_Y: 1.108 
(epoch: 15, iters: 1032, time: 0.106, data: 0.001) G_GAN: 0.405 D_real: 0.217 D_fake: 0.226 G: 1.616 NCE: 1.341 NCE_Y: 1.082 
(epoch: 15, iters: 1132, time: 0.106, data: 0.001) G_GAN: 0.390 D_real: 0.124 D_fake: 0.242 G: 1.583 NCE: 1.302 NCE_Y: 1.085 
(epoch: 15, iters: 1232, time: 0.107, data: 0.001) G_GAN: 0.314 D_real: 0.372 D_fake: 0.108 G: 1.516 NCE: 1.281 NCE_Y: 1.123 
(epoch: 15, iters: 1332, time: 0.106, data: 0.001) G_GAN: 0.498 D_real: 0.125 D_fake: 0.068 G: 1.668 NCE: 1.233 NCE_Y: 1.108 
(epoch: 15, iters: 1432, time: 0.107, data: 0.001) G_GAN: 0.543 D_real: 0.104 D_fake: 0.209 G: 1.750 NCE: 1.285 NCE_Y: 1.128 
(epoch: 15, iters: 1532, time: 0.107, data: 0.001) G_GAN: 0.758 D_real: 0.193 D_fake: 0.072 G: 2.000 NCE: 1.407 NCE_Y: 1.078 
(epoch: 15, iters: 1632, time: 0.107, data: 0.001) G_GAN: 0.392 D_real: 0.276 D_fake: 0.201 G: 1.539 NCE: 1.208 NCE_Y: 1.084 
(epoch: 15, iters: 1732, time: 0.107, data: 0.001) G_GAN: 0.388 D_real: 0.320 D_fake: 0.133 G: 1.555 NCE: 1.241 NCE_Y: 1.092 
(epoch: 15, iters: 1832, time: 0.107, data: 0.001) G_GAN: 0.517 D_real: 0.160 D_fake: 0.133 G: 1.690 NCE: 1.259 NCE_Y: 1.087 
(epoch: 15, iters: 1932, time: 0.107, data: 0.001) G_GAN: 0.951 D_real: 0.077 D_fake: 0.039 G: 2.145 NCE: 1.283 NCE_Y: 1.104 
(epoch: 15, iters: 2032, time: 0.107, data: 0.001) G_GAN: 0.380 D_real: 0.212 D_fake: 0.253 G: 1.557 NCE: 1.245 NCE_Y: 1.110 
(epoch: 15, iters: 2132, time: 0.107, data: 0.001) G_GAN: 0.314 D_real: 0.438 D_fake: 0.172 G: 1.530 NCE: 1.318 NCE_Y: 1.114 
(epoch: 15, iters: 2232, time: 0.107, data: 0.001) G_GAN: 0.366 D_real: 0.105 D_fake: 0.263 G: 1.519 NCE: 1.228 NCE_Y: 1.080 
(epoch: 15, iters: 2332, time: 0.107, data: 0.001) G_GAN: 0.609 D_real: 0.037 D_fake: 0.119 G: 1.797 NCE: 1.301 NCE_Y: 1.074 
(epoch: 15, iters: 2432, time: 0.107, data: 0.001) G_GAN: 0.452 D_real: 0.266 D_fake: 0.079 G: 1.619 NCE: 1.249 NCE_Y: 1.086 
(epoch: 15, iters: 2532, time: 0.107, data: 0.001) G_GAN: 0.658 D_real: 0.070 D_fake: 0.172 G: 2.034 NCE: 1.583 NCE_Y: 1.168 
(epoch: 15, iters: 2632, time: 0.107, data: 0.001) G_GAN: 0.261 D_real: 0.178 D_fake: 0.279 G: 1.515 NCE: 1.418 NCE_Y: 1.090 
(epoch: 15, iters: 2732, time: 0.107, data: 0.001) G_GAN: 0.733 D_real: 0.026 D_fake: 0.119 G: 1.968 NCE: 1.378 NCE_Y: 1.091 
(epoch: 15, iters: 2832, time: 0.107, data: 0.002) G_GAN: 0.329 D_real: 0.281 D_fake: 0.140 G: 1.559 NCE: 1.358 NCE_Y: 1.101 
(epoch: 15, iters: 2932, time: 0.106, data: 0.001) G_GAN: 0.853 D_real: 0.073 D_fake: 0.223 G: 2.051 NCE: 1.273 NCE_Y: 1.124 
(epoch: 15, iters: 3032, time: 0.106, data: 0.001) G_GAN: 0.494 D_real: 0.121 D_fake: 0.174 G: 1.694 NCE: 1.287 NCE_Y: 1.114 
saving the latest model (epoch 15, total_iters 55000)
doctr_SD_to_SELFF_nl2
(epoch: 15, iters: 3132, time: 0.106, data: 0.001) G_GAN: 0.705 D_real: 0.053 D_fake: 0.097 G: 2.043 NCE: 1.444 NCE_Y: 1.232 
(epoch: 15, iters: 3232, time: 0.106, data: 0.001) G_GAN: 0.557 D_real: 0.142 D_fake: 0.262 G: 1.743 NCE: 1.263 NCE_Y: 1.109 
(epoch: 15, iters: 3332, time: 0.106, data: 0.001) G_GAN: 0.380 D_real: 0.219 D_fake: 0.183 G: 1.541 NCE: 1.276 NCE_Y: 1.047 
(epoch: 15, iters: 3432, time: 0.106, data: 0.001) G_GAN: 0.485 D_real: 0.213 D_fake: 0.144 G: 1.670 NCE: 1.254 NCE_Y: 1.115 
(epoch: 15, iters: 3532, time: 0.106, data: 0.001) G_GAN: 0.439 D_real: 0.215 D_fake: 0.148 G: 1.647 NCE: 1.315 NCE_Y: 1.101 
(epoch: 15, iters: 3632, time: 0.107, data: 0.002) G_GAN: 0.314 D_real: 0.215 D_fake: 0.231 G: 1.491 NCE: 1.251 NCE_Y: 1.102 
saving the model at the end of epoch 15, iters 55680
End of epoch 15 / 60 	 Time Taken: 403 sec
learning rate = 0.0002000
(epoch: 16, iters: 20, time: 0.107, data: 0.001) G_GAN: 0.469 D_real: 0.154 D_fake: 0.336 G: 1.680 NCE: 1.335 NCE_Y: 1.089 
(epoch: 16, iters: 120, time: 0.107, data: 0.001) G_GAN: 0.433 D_real: 0.085 D_fake: 0.245 G: 1.638 NCE: 1.304 NCE_Y: 1.106 
(epoch: 16, iters: 220, time: 0.108, data: 0.001) G_GAN: 0.543 D_real: 0.058 D_fake: 0.202 G: 1.758 NCE: 1.300 NCE_Y: 1.128 
(epoch: 16, iters: 320, time: 0.108, data: 0.001) G_GAN: 0.370 D_real: 0.090 D_fake: 0.258 G: 1.568 NCE: 1.313 NCE_Y: 1.083 
(epoch: 16, iters: 420, time: 0.107, data: 0.002) G_GAN: 0.483 D_real: 0.617 D_fake: 0.067 G: 1.696 NCE: 1.324 NCE_Y: 1.102 
(epoch: 16, iters: 520, time: 0.107, data: 0.001) G_GAN: 0.301 D_real: 0.366 D_fake: 0.251 G: 1.476 NCE: 1.255 NCE_Y: 1.095 
(epoch: 16, iters: 620, time: 0.107, data: 0.001) G_GAN: 0.378 D_real: 0.089 D_fake: 0.228 G: 1.527 NCE: 1.225 NCE_Y: 1.073 
(epoch: 16, iters: 720, time: 0.107, data: 0.001) G_GAN: 0.357 D_real: 0.151 D_fake: 0.215 G: 1.521 NCE: 1.259 NCE_Y: 1.069 
(epoch: 16, iters: 820, time: 0.106, data: 0.001) G_GAN: 0.436 D_real: 0.332 D_fake: 0.277 G: 1.611 NCE: 1.235 NCE_Y: 1.115 
(epoch: 16, iters: 920, time: 0.106, data: 0.002) G_GAN: 0.469 D_real: 0.223 D_fake: 0.285 G: 1.679 NCE: 1.295 NCE_Y: 1.124 
(epoch: 16, iters: 1020, time: 0.107, data: 0.001) G_GAN: 0.485 D_real: 0.048 D_fake: 0.261 G: 1.673 NCE: 1.274 NCE_Y: 1.103 
(epoch: 16, iters: 1120, time: 0.107, data: 0.001) G_GAN: 0.345 D_real: 0.164 D_fake: 0.240 G: 1.558 NCE: 1.318 NCE_Y: 1.108 
(epoch: 16, iters: 1220, time: 0.107, data: 0.001) G_GAN: 0.293 D_real: 0.377 D_fake: 0.157 G: 1.481 NCE: 1.276 NCE_Y: 1.100 
(epoch: 16, iters: 1320, time: 0.107, data: 0.001) G_GAN: 0.524 D_real: 0.062 D_fake: 0.133 G: 1.703 NCE: 1.266 NCE_Y: 1.092 
(epoch: 16, iters: 1420, time: 0.107, data: 0.001) G_GAN: 0.817 D_real: 0.021 D_fake: 0.124 G: 2.018 NCE: 1.291 NCE_Y: 1.111 
(epoch: 16, iters: 1520, time: 0.107, data: 0.001) G_GAN: 0.368 D_real: 0.115 D_fake: 0.275 G: 1.548 NCE: 1.283 NCE_Y: 1.077 
(epoch: 16, iters: 1620, time: 0.107, data: 0.002) G_GAN: 0.515 D_real: 0.261 D_fake: 0.022 G: 1.700 NCE: 1.253 NCE_Y: 1.116 
(epoch: 16, iters: 1720, time: 0.107, data: 0.001) G_GAN: 0.687 D_real: 0.327 D_fake: 0.016 G: 1.844 NCE: 1.230 NCE_Y: 1.084 
(epoch: 16, iters: 1820, time: 0.107, data: 0.001) G_GAN: 0.365 D_real: 0.222 D_fake: 0.203 G: 1.550 NCE: 1.278 NCE_Y: 1.093 
(epoch: 16, iters: 1920, time: 0.107, data: 0.001) G_GAN: 0.587 D_real: 0.148 D_fake: 0.017 G: 1.789 NCE: 1.294 NCE_Y: 1.110 
(epoch: 16, iters: 2020, time: 0.107, data: 0.001) G_GAN: 0.299 D_real: 0.442 D_fake: 0.204 G: 1.584 NCE: 1.463 NCE_Y: 1.106 
(epoch: 16, iters: 2120, time: 0.107, data: 0.001) G_GAN: 0.389 D_real: 0.359 D_fake: 0.098 G: 1.573 NCE: 1.313 NCE_Y: 1.056 
(epoch: 16, iters: 2220, time: 0.107, data: 0.001) G_GAN: 0.719 D_real: 0.035 D_fake: 0.129 G: 1.869 NCE: 1.222 NCE_Y: 1.077 
(epoch: 16, iters: 2320, time: 0.106, data: 0.001) G_GAN: 0.982 D_real: 0.051 D_fake: 0.132 G: 2.137 NCE: 1.243 NCE_Y: 1.068 
(epoch: 16, iters: 2420, time: 0.105, data: 0.001) G_GAN: 0.713 D_real: 0.216 D_fake: 0.296 G: 1.890 NCE: 1.271 NCE_Y: 1.083 
(epoch: 16, iters: 2520, time: 0.106, data: 0.001) G_GAN: 0.337 D_real: 0.479 D_fake: 0.137 G: 1.566 NCE: 1.394 NCE_Y: 1.064 
(epoch: 16, iters: 2620, time: 0.106, data: 0.001) G_GAN: 0.392 D_real: 0.474 D_fake: 0.102 G: 1.568 NCE: 1.264 NCE_Y: 1.088 
(epoch: 16, iters: 2720, time: 0.107, data: 0.001) G_GAN: 0.398 D_real: 0.262 D_fake: 0.372 G: 1.611 NCE: 1.331 NCE_Y: 1.095 
(epoch: 16, iters: 2820, time: 0.107, data: 0.001) G_GAN: 0.420 D_real: 0.240 D_fake: 0.174 G: 1.576 NCE: 1.257 NCE_Y: 1.053 
(epoch: 16, iters: 2920, time: 0.107, data: 0.001) G_GAN: 0.469 D_real: 0.201 D_fake: 0.207 G: 1.643 NCE: 1.243 NCE_Y: 1.106 
(epoch: 16, iters: 3020, time: 0.107, data: 0.001) G_GAN: 0.375 D_real: 0.227 D_fake: 0.275 G: 1.571 NCE: 1.334 NCE_Y: 1.057 
(epoch: 16, iters: 3120, time: 0.107, data: 0.001) G_GAN: 0.359 D_real: 0.212 D_fake: 0.129 G: 1.525 NCE: 1.257 NCE_Y: 1.074 
(epoch: 16, iters: 3220, time: 0.107, data: 0.001) G_GAN: 0.358 D_real: 0.194 D_fake: 0.188 G: 1.542 NCE: 1.301 NCE_Y: 1.066 
(epoch: 16, iters: 3320, time: 0.107, data: 0.001) G_GAN: 0.392 D_real: 0.169 D_fake: 0.252 G: 1.571 NCE: 1.268 NCE_Y: 1.091 
(epoch: 16, iters: 3420, time: 0.107, data: 0.001) G_GAN: 0.903 D_real: 0.045 D_fake: 0.026 G: 2.080 NCE: 1.303 NCE_Y: 1.051 
(epoch: 16, iters: 3520, time: 0.107, data: 0.001) G_GAN: 0.429 D_real: 0.153 D_fake: 0.194 G: 1.589 NCE: 1.240 NCE_Y: 1.078 
(epoch: 16, iters: 3620, time: 0.107, data: 0.001) G_GAN: 0.343 D_real: 0.291 D_fake: 0.255 G: 1.738 NCE: 1.670 NCE_Y: 1.121 
End of epoch 16 / 60 	 Time Taken: 404 sec
learning rate = 0.0002000
(epoch: 17, iters: 8, time: 0.107, data: 0.001) G_GAN: 0.404 D_real: 0.340 D_fake: 0.105 G: 1.578 NCE: 1.267 NCE_Y: 1.080 
(epoch: 17, iters: 108, time: 0.107, data: 0.001) G_GAN: 0.364 D_real: 0.198 D_fake: 0.289 G: 1.610 NCE: 1.400 NCE_Y: 1.091 
(epoch: 17, iters: 208, time: 0.106, data: 0.001) G_GAN: 0.971 D_real: 0.012 D_fake: 0.004 G: 2.284 NCE: 1.259 NCE_Y: 1.368 
(epoch: 17, iters: 308, time: 0.107, data: 0.001) G_GAN: 1.027 D_real: 0.010 D_fake: 0.011 G: 2.435 NCE: 1.391 NCE_Y: 1.426 
(epoch: 17, iters: 408, time: 0.107, data: 0.001) G_GAN: 0.958 D_real: 0.010 D_fake: 0.002 G: 2.373 NCE: 1.418 NCE_Y: 1.412 
(epoch: 17, iters: 508, time: 0.107, data: 0.002) G_GAN: 1.014 D_real: 0.005 D_fake: 0.002 G: 2.259 NCE: 1.222 NCE_Y: 1.268 
(epoch: 17, iters: 608, time: 0.107, data: 0.001) G_GAN: 1.095 D_real: 0.030 D_fake: 0.006 G: 2.473 NCE: 1.475 NCE_Y: 1.280 
saving the latest model (epoch 17, total_iters 60000)
doctr_SD_to_SELFF_nl2
(epoch: 17, iters: 708, time: 0.106, data: 0.001) G_GAN: 0.909 D_real: 0.028 D_fake: 0.108 G: 2.240 NCE: 1.403 NCE_Y: 1.260 
(epoch: 17, iters: 808, time: 0.107, data: 0.002) G_GAN: 0.805 D_real: 0.087 D_fake: 0.020 G: 2.040 NCE: 1.232 NCE_Y: 1.238 
(epoch: 17, iters: 908, time: 0.107, data: 0.001) G_GAN: 0.949 D_real: 0.025 D_fake: 0.089 G: 2.172 NCE: 1.256 NCE_Y: 1.191 
(epoch: 17, iters: 1008, time: 0.107, data: 0.001) G_GAN: 0.927 D_real: 0.106 D_fake: 0.026 G: 2.195 NCE: 1.337 NCE_Y: 1.199 
(epoch: 17, iters: 1108, time: 0.107, data: 0.001) G_GAN: 0.550 D_real: 0.116 D_fake: 0.094 G: 1.785 NCE: 1.373 NCE_Y: 1.097 
(epoch: 17, iters: 1208, time: 0.107, data: 0.001) G_GAN: 1.121 D_real: 0.049 D_fake: 0.070 G: 2.346 NCE: 1.314 NCE_Y: 1.134 
(epoch: 17, iters: 1308, time: 0.108, data: 0.001) G_GAN: 0.532 D_real: 0.115 D_fake: 0.105 G: 1.751 NCE: 1.376 NCE_Y: 1.061 
(epoch: 17, iters: 1408, time: 0.108, data: 0.002) G_GAN: 0.542 D_real: 0.241 D_fake: 0.111 G: 1.759 NCE: 1.322 NCE_Y: 1.112 
(epoch: 17, iters: 1508, time: 0.108, data: 0.003) G_GAN: 0.367 D_real: 0.325 D_fake: 0.139 G: 1.693 NCE: 1.409 NCE_Y: 1.243 
(epoch: 17, iters: 1608, time: 0.108, data: 0.002) G_GAN: 0.612 D_real: 0.064 D_fake: 0.142 G: 1.873 NCE: 1.362 NCE_Y: 1.161 
(epoch: 17, iters: 1708, time: 0.108, data: 0.001) G_GAN: 0.747 D_real: 0.262 D_fake: 0.037 G: 1.974 NCE: 1.316 NCE_Y: 1.138 
(epoch: 17, iters: 1808, time: 0.108, data: 0.002) G_GAN: 0.931 D_real: 0.032 D_fake: 0.022 G: 2.215 NCE: 1.379 NCE_Y: 1.189 
(epoch: 17, iters: 1908, time: 0.108, data: 0.002) G_GAN: 0.830 D_real: 0.091 D_fake: 0.058 G: 2.047 NCE: 1.330 NCE_Y: 1.105 
(epoch: 17, iters: 2008, time: 0.108, data: 0.002) G_GAN: 1.232 D_real: 0.036 D_fake: 0.039 G: 2.491 NCE: 1.350 NCE_Y: 1.169 
(epoch: 17, iters: 2108, time: 0.108, data: 0.002) G_GAN: 0.535 D_real: 0.218 D_fake: 0.086 G: 2.001 NCE: 1.824 NCE_Y: 1.109 
(epoch: 17, iters: 2208, time: 0.108, data: 0.002) G_GAN: 0.422 D_real: 0.183 D_fake: 0.156 G: 1.639 NCE: 1.332 NCE_Y: 1.102 
(epoch: 17, iters: 2308, time: 0.108, data: 0.002) G_GAN: 0.440 D_real: 0.137 D_fake: 0.225 G: 1.641 NCE: 1.281 NCE_Y: 1.122 
(epoch: 17, iters: 2408, time: 0.108, data: 0.001) G_GAN: 0.637 D_real: 0.143 D_fake: 0.296 G: 1.813 NCE: 1.273 NCE_Y: 1.081 
(epoch: 17, iters: 2508, time: 0.107, data: 0.002) G_GAN: 0.357 D_real: 0.095 D_fake: 0.233 G: 1.584 NCE: 1.325 NCE_Y: 1.129 
(epoch: 17, iters: 2608, time: 0.106, data: 0.001) G_GAN: 0.350 D_real: 0.160 D_fake: 0.234 G: 1.573 NCE: 1.343 NCE_Y: 1.102 
(epoch: 17, iters: 2708, time: 0.106, data: 0.001) G_GAN: 0.390 D_real: 0.270 D_fake: 0.204 G: 1.594 NCE: 1.303 NCE_Y: 1.106 
(epoch: 17, iters: 2808, time: 0.107, data: 0.002) G_GAN: 0.653 D_real: 0.178 D_fake: 0.087 G: 1.928 NCE: 1.475 NCE_Y: 1.073 
(epoch: 17, iters: 2908, time: 0.107, data: 0.001) G_GAN: 0.509 D_real: 0.144 D_fake: 0.094 G: 1.694 NCE: 1.261 NCE_Y: 1.108 
(epoch: 17, iters: 3008, time: 0.107, data: 0.001) G_GAN: 0.261 D_real: 0.282 D_fake: 0.201 G: 1.479 NCE: 1.339 NCE_Y: 1.099 
(epoch: 17, iters: 3108, time: 0.107, data: 0.001) G_GAN: 0.648 D_real: 0.078 D_fake: 0.059 G: 1.858 NCE: 1.276 NCE_Y: 1.142 
(epoch: 17, iters: 3208, time: 0.107, data: 0.001) G_GAN: 0.398 D_real: 0.125 D_fake: 0.224 G: 1.591 NCE: 1.273 NCE_Y: 1.112 
(epoch: 17, iters: 3308, time: 0.107, data: 0.001) G_GAN: 0.295 D_real: 0.311 D_fake: 0.182 G: 1.493 NCE: 1.279 NCE_Y: 1.116 
(epoch: 17, iters: 3408, time: 0.107, data: 0.001) G_GAN: 0.416 D_real: 0.202 D_fake: 0.168 G: 1.560 NCE: 1.252 NCE_Y: 1.036 
(epoch: 17, iters: 3508, time: 0.107, data: 0.002) G_GAN: 0.530 D_real: 0.043 D_fake: 0.203 G: 1.683 NCE: 1.235 NCE_Y: 1.070 
(epoch: 17, iters: 3608, time: 0.107, data: 0.001) G_GAN: 0.347 D_real: 0.183 D_fake: 0.187 G: 1.494 NCE: 1.224 NCE_Y: 1.070 
(epoch: 17, iters: 3708, time: 0.106, data: 0.001) G_GAN: 0.414 D_real: 0.165 D_fake: 0.281 G: 1.680 NCE: 1.392 NCE_Y: 1.140 
End of epoch 17 / 60 	 Time Taken: 405 sec
learning rate = 0.0002000
(epoch: 18, iters: 96, time: 0.107, data: 0.001) G_GAN: 0.351 D_real: 0.157 D_fake: 0.183 G: 1.554 NCE: 1.270 NCE_Y: 1.137 
(epoch: 18, iters: 196, time: 0.107, data: 0.001) G_GAN: 0.460 D_real: 0.233 D_fake: 0.154 G: 1.631 NCE: 1.244 NCE_Y: 1.097 
(epoch: 18, iters: 296, time: 0.107, data: 0.001) G_GAN: 0.498 D_real: 0.230 D_fake: 0.082 G: 1.705 NCE: 1.304 NCE_Y: 1.110 
(epoch: 18, iters: 396, time: 0.107, data: 0.002) G_GAN: 0.811 D_real: 0.031 D_fake: 0.036 G: 2.067 NCE: 1.354 NCE_Y: 1.160 
(epoch: 18, iters: 496, time: 0.107, data: 0.001) G_GAN: 0.433 D_real: 0.093 D_fake: 0.251 G: 1.695 NCE: 1.415 NCE_Y: 1.108 
(epoch: 18, iters: 596, time: 0.107, data: 0.001) G_GAN: 0.594 D_real: 0.282 D_fake: 0.024 G: 1.805 NCE: 1.292 NCE_Y: 1.129 
(epoch: 18, iters: 696, time: 0.107, data: 0.001) G_GAN: 0.596 D_real: 0.046 D_fake: 0.183 G: 1.790 NCE: 1.281 NCE_Y: 1.107 
(epoch: 18, iters: 796, time: 0.107, data: 0.001) G_GAN: 0.429 D_real: 0.128 D_fake: 0.196 G: 1.627 NCE: 1.313 NCE_Y: 1.083 
(epoch: 18, iters: 896, time: 0.107, data: 0.001) G_GAN: 0.750 D_real: 0.055 D_fake: 0.144 G: 1.933 NCE: 1.275 NCE_Y: 1.092 
(epoch: 18, iters: 996, time: 0.107, data: 0.001) G_GAN: 0.456 D_real: 0.148 D_fake: 0.239 G: 1.626 NCE: 1.246 NCE_Y: 1.093 
(epoch: 18, iters: 1096, time: 0.107, data: 0.001) G_GAN: 0.334 D_real: 0.321 D_fake: 0.140 G: 1.551 NCE: 1.343 NCE_Y: 1.090 
(epoch: 18, iters: 1196, time: 0.107, data: 0.001) G_GAN: 0.293 D_real: 0.335 D_fake: 0.274 G: 1.501 NCE: 1.347 NCE_Y: 1.068 
(epoch: 18, iters: 1296, time: 0.107, data: 0.001) G_GAN: 0.534 D_real: 0.079 D_fake: 0.252 G: 1.736 NCE: 1.302 NCE_Y: 1.103 
(epoch: 18, iters: 1396, time: 0.107, data: 0.001) G_GAN: 0.374 D_real: 0.240 D_fake: 0.143 G: 1.507 NCE: 1.220 NCE_Y: 1.046 
(epoch: 18, iters: 1496, time: 0.107, data: 0.002) G_GAN: 0.366 D_real: 0.253 D_fake: 0.167 G: 1.504 NCE: 1.219 NCE_Y: 1.056 
(epoch: 18, iters: 1596, time: 0.107, data: 0.001) G_GAN: 0.440 D_real: 0.134 D_fake: 0.190 G: 1.632 NCE: 1.300 NCE_Y: 1.084 
(epoch: 18, iters: 1696, time: 0.106, data: 0.001) G_GAN: 0.796 D_real: 0.135 D_fake: 0.037 G: 1.961 NCE: 1.236 NCE_Y: 1.094 
(epoch: 18, iters: 1796, time: 0.106, data: 0.001) G_GAN: 0.517 D_real: 0.103 D_fake: 0.159 G: 1.675 NCE: 1.248 NCE_Y: 1.068 
(epoch: 18, iters: 1896, time: 0.107, data: 0.001) G_GAN: 1.045 D_real: 0.040 D_fake: 0.061 G: 2.202 NCE: 1.269 NCE_Y: 1.045 
saving the latest model (epoch 18, total_iters 65000)
doctr_SD_to_SELFF_nl2
(epoch: 18, iters: 1996, time: 0.107, data: 0.001) G_GAN: 0.437 D_real: 0.213 D_fake: 0.162 G: 1.617 NCE: 1.263 NCE_Y: 1.099 
(epoch: 18, iters: 2096, time: 0.106, data: 0.001) G_GAN: 0.472 D_real: 0.093 D_fake: 0.202 G: 1.644 NCE: 1.270 NCE_Y: 1.075 
(epoch: 18, iters: 2196, time: 0.106, data: 0.001) G_GAN: 0.254 D_real: 0.165 D_fake: 0.562 G: 1.501 NCE: 1.411 NCE_Y: 1.081 
(epoch: 18, iters: 2296, time: 0.107, data: 0.001) G_GAN: 0.369 D_real: 0.156 D_fake: 0.171 G: 1.611 NCE: 1.340 NCE_Y: 1.144 
(epoch: 18, iters: 2396, time: 0.106, data: 0.001) G_GAN: 0.722 D_real: 0.544 D_fake: 0.030 G: 1.910 NCE: 1.271 NCE_Y: 1.105 
(epoch: 18, iters: 2496, time: 0.106, data: 0.002) G_GAN: 0.639 D_real: 0.230 D_fake: 0.164 G: 1.820 NCE: 1.237 NCE_Y: 1.125 
(epoch: 18, iters: 2596, time: 0.107, data: 0.002) G_GAN: 0.429 D_real: 0.161 D_fake: 0.167 G: 1.627 NCE: 1.298 NCE_Y: 1.099 
(epoch: 18, iters: 2696, time: 0.107, data: 0.001) G_GAN: 0.480 D_real: 0.104 D_fake: 0.299 G: 1.677 NCE: 1.294 NCE_Y: 1.102 
(epoch: 18, iters: 2796, time: 0.107, data: 0.002) G_GAN: 0.988 D_real: 0.090 D_fake: 0.080 G: 2.203 NCE: 1.272 NCE_Y: 1.159 
(epoch: 18, iters: 2896, time: 0.108, data: 0.001) G_GAN: 0.354 D_real: 0.057 D_fake: 0.284 G: 1.528 NCE: 1.274 NCE_Y: 1.075 
(epoch: 18, iters: 2996, time: 0.108, data: 0.001) G_GAN: 0.472 D_real: 0.249 D_fake: 0.046 G: 1.632 NCE: 1.213 NCE_Y: 1.108 
(epoch: 18, iters: 3096, time: 0.108, data: 0.001) G_GAN: 0.413 D_real: 0.125 D_fake: 0.198 G: 1.700 NCE: 1.525 NCE_Y: 1.049 
(epoch: 18, iters: 3196, time: 0.108, data: 0.001) G_GAN: 0.375 D_real: 0.224 D_fake: 0.206 G: 1.547 NCE: 1.282 NCE_Y: 1.060 
(epoch: 18, iters: 3296, time: 0.108, data: 0.001) G_GAN: 0.521 D_real: 0.597 D_fake: 0.063 G: 1.695 NCE: 1.257 NCE_Y: 1.089 
(epoch: 18, iters: 3396, time: 0.107, data: 0.001) G_GAN: 0.377 D_real: 0.496 D_fake: 0.102 G: 1.660 NCE: 1.461 NCE_Y: 1.105 
(epoch: 18, iters: 3496, time: 0.107, data: 0.001) G_GAN: 0.379 D_real: 0.281 D_fake: 0.145 G: 1.567 NCE: 1.303 NCE_Y: 1.073 
(epoch: 18, iters: 3596, time: 0.107, data: 0.001) G_GAN: 0.493 D_real: 0.237 D_fake: 0.123 G: 1.667 NCE: 1.232 NCE_Y: 1.115 
(epoch: 18, iters: 3696, time: 0.107, data: 0.001) G_GAN: 0.464 D_real: 0.082 D_fake: 0.232 G: 1.689 NCE: 1.382 NCE_Y: 1.069 
End of epoch 18 / 60 	 Time Taken: 404 sec
learning rate = 0.0002000
(epoch: 19, iters: 84, time: 0.107, data: 0.001) G_GAN: 0.485 D_real: 0.121 D_fake: 0.215 G: 1.662 NCE: 1.261 NCE_Y: 1.093 
(epoch: 19, iters: 184, time: 0.107, data: 0.001) G_GAN: 0.287 D_real: 0.209 D_fake: 0.296 G: 1.553 NCE: 1.428 NCE_Y: 1.103 
(epoch: 19, iters: 284, time: 0.107, data: 0.001) G_GAN: 0.524 D_real: 0.143 D_fake: 0.181 G: 1.687 NCE: 1.226 NCE_Y: 1.101 
(epoch: 19, iters: 384, time: 0.107, data: 0.001) G_GAN: 0.467 D_real: 0.123 D_fake: 0.161 G: 1.709 NCE: 1.348 NCE_Y: 1.135 
(epoch: 19, iters: 484, time: 0.107, data: 0.001) G_GAN: 0.498 D_real: 0.223 D_fake: 0.089 G: 1.698 NCE: 1.313 NCE_Y: 1.087 
(epoch: 19, iters: 584, time: 0.107, data: 0.001) G_GAN: 0.255 D_real: 0.276 D_fake: 0.311 G: 1.451 NCE: 1.291 NCE_Y: 1.102 
(epoch: 19, iters: 684, time: 0.107, data: 0.001) G_GAN: 0.353 D_real: 0.280 D_fake: 0.244 G: 1.521 NCE: 1.251 NCE_Y: 1.086 
(epoch: 19, iters: 784, time: 0.107, data: 0.001) G_GAN: 0.385 D_real: 0.220 D_fake: 0.120 G: 1.571 NCE: 1.264 NCE_Y: 1.108 
(epoch: 19, iters: 884, time: 0.107, data: 0.001) G_GAN: 0.308 D_real: 0.271 D_fake: 0.292 G: 1.478 NCE: 1.241 NCE_Y: 1.099 
(epoch: 19, iters: 984, time: 0.107, data: 0.001) G_GAN: 0.298 D_real: 0.175 D_fake: 0.311 G: 1.480 NCE: 1.265 NCE_Y: 1.098 
(epoch: 19, iters: 1084, time: 0.106, data: 0.001) G_GAN: 0.792 D_real: 0.054 D_fake: 0.227 G: 1.991 NCE: 1.292 NCE_Y: 1.106 
(epoch: 19, iters: 1184, time: 0.106, data: 0.001) G_GAN: 0.546 D_real: 0.088 D_fake: 0.087 G: 1.761 NCE: 1.333 NCE_Y: 1.096 
(epoch: 19, iters: 1284, time: 0.106, data: 0.001) G_GAN: 0.948 D_real: 0.118 D_fake: 0.018 G: 2.123 NCE: 1.260 NCE_Y: 1.089 
(epoch: 19, iters: 1384, time: 0.106, data: 0.002) G_GAN: 0.362 D_real: 0.249 D_fake: 0.198 G: 1.531 NCE: 1.233 NCE_Y: 1.106 
(epoch: 19, iters: 1484, time: 0.106, data: 0.001) G_GAN: 0.341 D_real: 0.630 D_fake: 0.046 G: 1.560 NCE: 1.326 NCE_Y: 1.114 
(epoch: 19, iters: 1584, time: 0.106, data: 0.001) G_GAN: 0.852 D_real: 0.078 D_fake: 0.145 G: 2.025 NCE: 1.265 NCE_Y: 1.082 
(epoch: 19, iters: 1684, time: 0.106, data: 0.001) G_GAN: 0.413 D_real: 0.259 D_fake: 0.058 G: 1.758 NCE: 1.577 NCE_Y: 1.114 
(epoch: 19, iters: 1784, time: 0.107, data: 0.001) G_GAN: 0.369 D_real: 0.256 D_fake: 0.213 G: 1.542 NCE: 1.267 NCE_Y: 1.079 
(epoch: 19, iters: 1884, time: 0.107, data: 0.001) G_GAN: 0.986 D_real: 0.030 D_fake: 0.133 G: 2.176 NCE: 1.287 NCE_Y: 1.093 
(epoch: 19, iters: 1984, time: 0.106, data: 0.001) G_GAN: 0.623 D_real: 0.018 D_fake: 0.209 G: 1.868 NCE: 1.372 NCE_Y: 1.119 
(epoch: 19, iters: 2084, time: 0.106, data: 0.001) G_GAN: 0.393 D_real: 0.304 D_fake: 0.133 G: 1.574 NCE: 1.270 NCE_Y: 1.093 
(epoch: 19, iters: 2184, time: 0.106, data: 0.001) G_GAN: 0.571 D_real: 0.792 D_fake: 0.111 G: 1.897 NCE: 1.550 NCE_Y: 1.102 
(epoch: 19, iters: 2284, time: 0.106, data: 0.001) G_GAN: 0.383 D_real: 0.217 D_fake: 0.195 G: 1.624 NCE: 1.370 NCE_Y: 1.112 
(epoch: 19, iters: 2384, time: 0.106, data: 0.001) G_GAN: 0.386 D_real: 0.550 D_fake: 0.058 G: 1.566 NCE: 1.249 NCE_Y: 1.111 
(epoch: 19, iters: 2484, time: 0.107, data: 0.001) G_GAN: 0.623 D_real: 0.060 D_fake: 0.124 G: 1.834 NCE: 1.308 NCE_Y: 1.113 
(epoch: 19, iters: 2584, time: 0.106, data: 0.001) G_GAN: 0.966 D_real: 0.126 D_fake: 0.105 G: 2.162 NCE: 1.269 NCE_Y: 1.123 
(epoch: 19, iters: 2684, time: 0.106, data: 0.001) G_GAN: 0.637 D_real: 0.029 D_fake: 0.199 G: 1.784 NCE: 1.222 NCE_Y: 1.073 
(epoch: 19, iters: 2784, time: 0.106, data: 0.001) G_GAN: 0.403 D_real: 0.142 D_fake: 0.212 G: 1.598 NCE: 1.290 NCE_Y: 1.100 
(epoch: 19, iters: 2884, time: 0.106, data: 0.001) G_GAN: 0.296 D_real: 0.210 D_fake: 0.274 G: 1.460 NCE: 1.232 NCE_Y: 1.096 
(epoch: 19, iters: 2984, time: 0.107, data: 0.001) G_GAN: 0.814 D_real: 0.035 D_fake: 0.174 G: 1.978 NCE: 1.253 NCE_Y: 1.074 
(epoch: 19, iters: 3084, time: 0.107, data: 0.001) G_GAN: 0.836 D_real: 0.017 D_fake: 0.022 G: 2.028 NCE: 1.275 NCE_Y: 1.108 
(epoch: 19, iters: 3184, time: 0.107, data: 0.001) G_GAN: 1.024 D_real: 0.117 D_fake: 0.044 G: 2.345 NCE: 1.338 NCE_Y: 1.304 
saving the latest model (epoch 19, total_iters 70000)
doctr_SD_to_SELFF_nl2
(epoch: 19, iters: 3284, time: 0.106, data: 0.001) G_GAN: 0.426 D_real: 0.089 D_fake: 0.486 G: 1.628 NCE: 1.314 NCE_Y: 1.090 
(epoch: 19, iters: 3384, time: 0.106, data: 0.001) G_GAN: 0.249 D_real: 0.240 D_fake: 0.222 G: 1.431 NCE: 1.252 NCE_Y: 1.112 
(epoch: 19, iters: 3484, time: 0.106, data: 0.001) G_GAN: 0.420 D_real: 0.119 D_fake: 0.231 G: 1.592 NCE: 1.249 NCE_Y: 1.095 
(epoch: 19, iters: 3584, time: 0.106, data: 0.001) G_GAN: 0.643 D_real: 0.085 D_fake: 0.106 G: 1.830 NCE: 1.293 NCE_Y: 1.081 
(epoch: 19, iters: 3684, time: 0.106, data: 0.001) G_GAN: 0.348 D_real: 0.155 D_fake: 0.246 G: 1.572 NCE: 1.359 NCE_Y: 1.089 
End of epoch 19 / 60 	 Time Taken: 402 sec
learning rate = 0.0002000
(epoch: 20, iters: 72, time: 0.106, data: 0.001) G_GAN: 1.111 D_real: 0.100 D_fake: 0.121 G: 2.283 NCE: 1.273 NCE_Y: 1.071 
(epoch: 20, iters: 172, time: 0.106, data: 0.001) G_GAN: 0.434 D_real: 0.340 D_fake: 0.095 G: 1.584 NCE: 1.229 NCE_Y: 1.070 
(epoch: 20, iters: 272, time: 0.107, data: 0.001) G_GAN: 0.342 D_real: 0.348 D_fake: 0.209 G: 1.539 NCE: 1.310 NCE_Y: 1.083 
(epoch: 20, iters: 372, time: 0.107, data: 0.001) G_GAN: 0.478 D_real: 0.729 D_fake: 0.022 G: 1.660 NCE: 1.263 NCE_Y: 1.100 
(epoch: 20, iters: 472, time: 0.106, data: 0.001) G_GAN: 0.376 D_real: 0.222 D_fake: 0.265 G: 1.595 NCE: 1.332 NCE_Y: 1.106 
(epoch: 20, iters: 572, time: 0.106, data: 0.001) G_GAN: 0.693 D_real: 0.053 D_fake: 0.083 G: 1.843 NCE: 1.211 NCE_Y: 1.089 
(epoch: 20, iters: 672, time: 0.107, data: 0.001) G_GAN: 0.505 D_real: 0.511 D_fake: 0.113 G: 1.678 NCE: 1.240 NCE_Y: 1.106 
(epoch: 20, iters: 772, time: 0.107, data: 0.001) G_GAN: 0.385 D_real: 0.218 D_fake: 0.151 G: 1.558 NCE: 1.254 NCE_Y: 1.093 
(epoch: 20, iters: 872, time: 0.107, data: 0.001) G_GAN: 0.396 D_real: 0.124 D_fake: 0.152 G: 1.564 NCE: 1.255 NCE_Y: 1.080 
(epoch: 20, iters: 972, time: 0.107, data: 0.001) G_GAN: 0.630 D_real: 0.083 D_fake: 0.240 G: 1.802 NCE: 1.234 NCE_Y: 1.108 
(epoch: 20, iters: 1072, time: 0.107, data: 0.001) G_GAN: 0.453 D_real: 0.271 D_fake: 0.036 G: 1.654 NCE: 1.319 NCE_Y: 1.081 
(epoch: 20, iters: 1172, time: 0.107, data: 0.001) G_GAN: 0.782 D_real: 0.279 D_fake: 0.078 G: 1.981 NCE: 1.303 NCE_Y: 1.094 
(epoch: 20, iters: 1272, time: 0.107, data: 0.001) G_GAN: 0.946 D_real: 0.029 D_fake: 0.149 G: 2.201 NCE: 1.328 NCE_Y: 1.183 
(epoch: 20, iters: 1372, time: 0.107, data: 0.001) G_GAN: 0.393 D_real: 0.160 D_fake: 0.263 G: 1.585 NCE: 1.296 NCE_Y: 1.088 
(epoch: 20, iters: 1472, time: 0.107, data: 0.001) G_GAN: 0.809 D_real: 0.031 D_fake: 0.128 G: 2.024 NCE: 1.294 NCE_Y: 1.136 
(epoch: 20, iters: 1572, time: 0.106, data: 0.001) G_GAN: 0.394 D_real: 0.182 D_fake: 0.222 G: 1.593 NCE: 1.281 NCE_Y: 1.116 
(epoch: 20, iters: 1672, time: 0.106, data: 0.001) G_GAN: 0.480 D_real: 0.020 D_fake: 0.351 G: 1.711 NCE: 1.370 NCE_Y: 1.092 
(epoch: 20, iters: 1772, time: 0.106, data: 0.001) G_GAN: 0.454 D_real: 0.190 D_fake: 0.165 G: 1.616 NCE: 1.255 NCE_Y: 1.067 
(epoch: 20, iters: 1872, time: 0.106, data: 0.001) G_GAN: 0.377 D_real: 0.237 D_fake: 0.178 G: 1.555 NCE: 1.284 NCE_Y: 1.071 
(epoch: 20, iters: 1972, time: 0.107, data: 0.001) G_GAN: 0.585 D_real: 0.113 D_fake: 0.119 G: 1.756 NCE: 1.244 NCE_Y: 1.098 
(epoch: 20, iters: 2072, time: 0.107, data: 0.001) G_GAN: 0.509 D_real: 0.086 D_fake: 0.129 G: 1.677 NCE: 1.271 NCE_Y: 1.064 
(epoch: 20, iters: 2172, time: 0.107, data: 0.001) G_GAN: 0.451 D_real: 0.236 D_fake: 0.096 G: 1.737 NCE: 1.458 NCE_Y: 1.115 
(epoch: 20, iters: 2272, time: 0.107, data: 0.001) G_GAN: 0.886 D_real: 0.027 D_fake: 0.086 G: 2.062 NCE: 1.264 NCE_Y: 1.087 
(epoch: 20, iters: 2372, time: 0.107, data: 0.002) G_GAN: 0.325 D_real: 0.171 D_fake: 0.215 G: 1.733 NCE: 1.553 NCE_Y: 1.263 
(epoch: 20, iters: 2472, time: 0.107, data: 0.001) G_GAN: 0.360 D_real: 0.079 D_fake: 0.251 G: 1.542 NCE: 1.268 NCE_Y: 1.097 
(epoch: 20, iters: 2572, time: 0.107, data: 0.001) G_GAN: 0.478 D_real: 0.167 D_fake: 0.139 G: 1.651 NCE: 1.251 NCE_Y: 1.095 
(epoch: 20, iters: 2672, time: 0.107, data: 0.001) G_GAN: 0.498 D_real: 0.365 D_fake: 0.080 G: 1.697 NCE: 1.272 NCE_Y: 1.126 
(epoch: 20, iters: 2772, time: 0.107, data: 0.001) G_GAN: 0.610 D_real: 0.093 D_fake: 0.184 G: 1.806 NCE: 1.289 NCE_Y: 1.103 
(epoch: 20, iters: 2872, time: 0.107, data: 0.001) G_GAN: 0.204 D_real: 0.090 D_fake: 0.044 G: 1.379 NCE: 1.237 NCE_Y: 1.113 
(epoch: 20, iters: 2972, time: 0.107, data: 0.001) G_GAN: 0.422 D_real: 0.482 D_fake: 0.090 G: 1.591 NCE: 1.226 NCE_Y: 1.111 
(epoch: 20, iters: 3072, time: 0.107, data: 0.001) G_GAN: 0.550 D_real: 0.137 D_fake: 0.094 G: 1.670 NCE: 1.195 NCE_Y: 1.044 
(epoch: 20, iters: 3172, time: 0.107, data: 0.001) G_GAN: 0.876 D_real: 0.115 D_fake: 0.067 G: 2.071 NCE: 1.270 NCE_Y: 1.119 
(epoch: 20, iters: 3272, time: 0.106, data: 0.001) G_GAN: 0.435 D_real: 0.337 D_fake: 0.150 G: 1.665 NCE: 1.373 NCE_Y: 1.086 
(epoch: 20, iters: 3372, time: 0.106, data: 0.001) G_GAN: 0.328 D_real: 0.110 D_fake: 0.438 G: 1.514 NCE: 1.287 NCE_Y: 1.084 
(epoch: 20, iters: 3472, time: 0.106, data: 0.001) G_GAN: 0.730 D_real: 0.108 D_fake: 0.136 G: 1.917 NCE: 1.288 NCE_Y: 1.085 
(epoch: 20, iters: 3572, time: 0.106, data: 0.001) G_GAN: 0.462 D_real: 0.118 D_fake: 0.152 G: 1.618 NCE: 1.255 NCE_Y: 1.056 
(epoch: 20, iters: 3672, time: 0.106, data: 0.001) G_GAN: 0.510 D_real: 0.173 D_fake: 0.183 G: 1.745 NCE: 1.362 NCE_Y: 1.108 
saving the model at the end of epoch 20, iters 74240
End of epoch 20 / 60 	 Time Taken: 404 sec
learning rate = 0.0002000
(epoch: 21, iters: 60, time: 0.107, data: 0.001) G_GAN: 0.426 D_real: 0.142 D_fake: 0.262 G: 1.612 NCE: 1.264 NCE_Y: 1.108 
(epoch: 21, iters: 160, time: 0.107, data: 0.001) G_GAN: 0.526 D_real: 0.230 D_fake: 0.042 G: 1.708 NCE: 1.237 NCE_Y: 1.127 
(epoch: 21, iters: 260, time: 0.107, data: 0.002) G_GAN: 0.480 D_real: 0.167 D_fake: 0.142 G: 1.640 NCE: 1.237 NCE_Y: 1.083 
(epoch: 21, iters: 360, time: 0.107, data: 0.001) G_GAN: 0.449 D_real: 0.351 D_fake: 0.161 G: 1.631 NCE: 1.242 NCE_Y: 1.121 
(epoch: 21, iters: 460, time: 0.106, data: 0.001) G_GAN: 0.486 D_real: 0.159 D_fake: 0.102 G: 1.662 NCE: 1.285 NCE_Y: 1.069 
(epoch: 21, iters: 560, time: 0.106, data: 0.001) G_GAN: 0.442 D_real: 0.148 D_fake: 0.213 G: 1.612 NCE: 1.258 NCE_Y: 1.084 
(epoch: 21, iters: 660, time: 0.106, data: 0.001) G_GAN: 0.627 D_real: 0.305 D_fake: 0.070 G: 1.782 NCE: 1.238 NCE_Y: 1.072 
(epoch: 21, iters: 760, time: 0.106, data: 0.001) G_GAN: 0.637 D_real: 0.086 D_fake: 0.225 G: 1.981 NCE: 1.246 NCE_Y: 1.442 
saving the latest model (epoch 21, total_iters 75000)
doctr_SD_to_SELFF_nl2
(epoch: 21, iters: 860, time: 0.106, data: 0.001) G_GAN: 0.722 D_real: 0.081 D_fake: 0.056 G: 2.010 NCE: 1.459 NCE_Y: 1.118 
(epoch: 21, iters: 960, time: 0.107, data: 0.001) G_GAN: 0.383 D_real: 0.171 D_fake: 0.212 G: 1.611 NCE: 1.372 NCE_Y: 1.084 
(epoch: 21, iters: 1060, time: 0.107, data: 0.001) G_GAN: 0.432 D_real: 0.318 D_fake: 0.110 G: 1.700 NCE: 1.436 NCE_Y: 1.100 
(epoch: 21, iters: 1160, time: 0.107, data: 0.001) G_GAN: 0.564 D_real: 0.094 D_fake: 0.142 G: 1.784 NCE: 1.306 NCE_Y: 1.134 
(epoch: 21, iters: 1260, time: 0.107, data: 0.001) G_GAN: 1.008 D_real: 0.078 D_fake: 0.232 G: 2.312 NCE: 1.383 NCE_Y: 1.225 
(epoch: 21, iters: 1360, time: 0.107, data: 0.001) G_GAN: 0.423 D_real: 0.374 D_fake: 0.081 G: 1.619 NCE: 1.277 NCE_Y: 1.116 
(epoch: 21, iters: 1460, time: 0.107, data: 0.001) G_GAN: 0.465 D_real: 0.057 D_fake: 0.295 G: 1.651 NCE: 1.287 NCE_Y: 1.085 
(epoch: 21, iters: 1560, time: 0.107, data: 0.001) G_GAN: 0.549 D_real: 0.063 D_fake: 0.213 G: 1.735 NCE: 1.300 NCE_Y: 1.073 
(epoch: 21, iters: 1660, time: 0.107, data: 0.001) G_GAN: 0.480 D_real: 0.120 D_fake: 0.201 G: 1.647 NCE: 1.223 NCE_Y: 1.113 
(epoch: 21, iters: 1760, time: 0.107, data: 0.002) G_GAN: 0.489 D_real: 0.025 D_fake: 0.319 G: 1.658 NCE: 1.241 NCE_Y: 1.097 
(epoch: 21, iters: 1860, time: 0.107, data: 0.001) G_GAN: 0.798 D_real: 0.137 D_fake: 0.044 G: 2.005 NCE: 1.278 NCE_Y: 1.135 
(epoch: 21, iters: 1960, time: 0.107, data: 0.001) G_GAN: 0.294 D_real: 0.536 D_fake: 0.106 G: 1.518 NCE: 1.350 NCE_Y: 1.098 
(epoch: 21, iters: 2060, time: 0.107, data: 0.001) G_GAN: 0.481 D_real: 0.220 D_fake: 0.119 G: 1.649 NCE: 1.242 NCE_Y: 1.095 
(epoch: 21, iters: 2160, time: 0.107, data: 0.001) G_GAN: 0.449 D_real: 0.459 D_fake: 0.101 G: 1.621 NCE: 1.247 NCE_Y: 1.097 
(epoch: 21, iters: 2260, time: 0.107, data: 0.001) G_GAN: 0.662 D_real: 0.080 D_fake: 0.105 G: 1.947 NCE: 1.471 NCE_Y: 1.099 
(epoch: 21, iters: 2360, time: 0.107, data: 0.001) G_GAN: 0.711 D_real: 0.240 D_fake: 0.127 G: 1.893 NCE: 1.267 NCE_Y: 1.097 
(epoch: 21, iters: 2460, time: 0.107, data: 0.001) G_GAN: 0.284 D_real: 0.156 D_fake: 0.352 G: 1.480 NCE: 1.277 NCE_Y: 1.115 
(epoch: 21, iters: 2560, time: 0.107, data: 0.001) G_GAN: 0.492 D_real: 0.040 D_fake: 0.215 G: 1.720 NCE: 1.384 NCE_Y: 1.072 
(epoch: 21, iters: 2660, time: 0.106, data: 0.001) G_GAN: 0.287 D_real: 0.059 D_fake: 0.406 G: 1.507 NCE: 1.360 NCE_Y: 1.081 
(epoch: 21, iters: 2760, time: 0.106, data: 0.001) G_GAN: 0.599 D_real: 0.235 D_fake: 0.062 G: 1.794 NCE: 1.290 NCE_Y: 1.100 
(epoch: 21, iters: 2860, time: 0.107, data: 0.001) G_GAN: 0.621 D_real: 0.081 D_fake: 0.185 G: 1.794 NCE: 1.256 NCE_Y: 1.089 
(epoch: 21, iters: 2960, time: 0.107, data: 0.001) G_GAN: 0.369 D_real: 0.122 D_fake: 0.266 G: 1.593 NCE: 1.345 NCE_Y: 1.104 
(epoch: 21, iters: 3060, time: 0.107, data: 0.001) G_GAN: 0.419 D_real: 0.182 D_fake: 0.263 G: 1.595 NCE: 1.263 NCE_Y: 1.090 
(epoch: 21, iters: 3160, time: 0.107, data: 0.001) G_GAN: 0.835 D_real: 0.033 D_fake: 0.041 G: 2.029 NCE: 1.255 NCE_Y: 1.134 
(epoch: 21, iters: 3260, time: 0.107, data: 0.002) G_GAN: 0.320 D_real: 0.156 D_fake: 0.295 G: 1.679 NCE: 1.614 NCE_Y: 1.104 
(epoch: 21, iters: 3360, time: 0.107, data: 0.001) G_GAN: 0.434 D_real: 0.125 D_fake: 0.206 G: 1.619 NCE: 1.245 NCE_Y: 1.125 
(epoch: 21, iters: 3460, time: 0.107, data: 0.001) G_GAN: 0.406 D_real: 0.166 D_fake: 0.347 G: 1.557 NCE: 1.197 NCE_Y: 1.105 
(epoch: 21, iters: 3560, time: 0.107, data: 0.001) G_GAN: 0.320 D_real: 0.372 D_fake: 0.157 G: 1.510 NCE: 1.261 NCE_Y: 1.118 
(epoch: 21, iters: 3660, time: 0.106, data: 0.001) G_GAN: 0.770 D_real: 0.100 D_fake: 0.036 G: 1.952 NCE: 1.272 NCE_Y: 1.092 
End of epoch 21 / 60 	 Time Taken: 404 sec
learning rate = 0.0002000
(epoch: 22, iters: 48, time: 0.106, data: 0.001) G_GAN: 0.397 D_real: 0.199 D_fake: 0.207 G: 1.596 NCE: 1.322 NCE_Y: 1.076 
(epoch: 22, iters: 148, time: 0.107, data: 0.001) G_GAN: 0.315 D_real: 0.177 D_fake: 0.225 G: 1.502 NCE: 1.249 NCE_Y: 1.125 
(epoch: 22, iters: 248, time: 0.107, data: 0.005) G_GAN: 0.309 D_real: 0.375 D_fake: 0.189 G: 1.492 NCE: 1.256 NCE_Y: 1.110 
(epoch: 22, iters: 348, time: 0.107, data: 0.001) G_GAN: 0.488 D_real: 0.202 D_fake: 0.182 G: 1.895 NCE: 1.687 NCE_Y: 1.127 
(epoch: 22, iters: 448, time: 0.107, data: 0.001) G_GAN: 0.551 D_real: 0.055 D_fake: 0.146 G: 1.732 NCE: 1.307 NCE_Y: 1.055 
(epoch: 22, iters: 548, time: 0.106, data: 0.001) G_GAN: 1.136 D_real: 0.076 D_fake: 0.120 G: 2.317 NCE: 1.315 NCE_Y: 1.048 
(epoch: 22, iters: 648, time: 0.106, data: 0.001) G_GAN: 0.426 D_real: 0.054 D_fake: 0.425 G: 1.636 NCE: 1.330 NCE_Y: 1.091 
(epoch: 22, iters: 748, time: 0.107, data: 0.001) G_GAN: 0.295 D_real: 0.328 D_fake: 0.144 G: 1.467 NCE: 1.239 NCE_Y: 1.104 
(epoch: 22, iters: 848, time: 0.107, data: 0.001) G_GAN: 0.333 D_real: 0.143 D_fake: 0.333 G: 1.583 NCE: 1.380 NCE_Y: 1.119 
(epoch: 22, iters: 948, time: 0.107, data: 0.001) G_GAN: 0.495 D_real: 0.269 D_fake: 0.151 G: 1.669 NCE: 1.239 NCE_Y: 1.110 
(epoch: 22, iters: 1048, time: 0.107, data: 0.001) G_GAN: 0.603 D_real: 0.146 D_fake: 0.093 G: 1.852 NCE: 1.409 NCE_Y: 1.090 
(epoch: 22, iters: 1148, time: 0.107, data: 0.002) G_GAN: 0.325 D_real: 0.166 D_fake: 0.159 G: 1.500 NCE: 1.264 NCE_Y: 1.087 
(epoch: 22, iters: 1248, time: 0.107, data: 0.001) G_GAN: 0.352 D_real: 0.208 D_fake: 0.202 G: 1.510 NCE: 1.217 NCE_Y: 1.098 
(epoch: 22, iters: 1348, time: 0.106, data: 0.001) G_GAN: 0.533 D_real: 0.172 D_fake: 0.088 G: 1.689 NCE: 1.247 NCE_Y: 1.064 
(epoch: 22, iters: 1448, time: 0.107, data: 0.001) G_GAN: 0.729 D_real: 0.039 D_fake: 0.131 G: 1.906 NCE: 1.266 NCE_Y: 1.089 
(epoch: 22, iters: 1548, time: 0.107, data: 0.001) G_GAN: 0.406 D_real: 0.053 D_fake: 0.304 G: 1.716 NCE: 1.481 NCE_Y: 1.139 
(epoch: 22, iters: 1648, time: 0.107, data: 0.001) G_GAN: 0.774 D_real: 0.040 D_fake: 0.248 G: 2.004 NCE: 1.333 NCE_Y: 1.128 
(epoch: 22, iters: 1748, time: 0.106, data: 0.001) G_GAN: 0.400 D_real: 0.281 D_fake: 0.155 G: 1.609 NCE: 1.292 NCE_Y: 1.127 
(epoch: 22, iters: 1848, time: 0.107, data: 0.001) G_GAN: 0.378 D_real: 0.236 D_fake: 0.215 G: 1.586 NCE: 1.332 NCE_Y: 1.085 
(epoch: 22, iters: 1948, time: 0.107, data: 0.001) G_GAN: 0.269 D_real: 0.199 D_fake: 0.403 G: 1.548 NCE: 1.403 NCE_Y: 1.154 
(epoch: 22, iters: 2048, time: 0.107, data: 0.001) G_GAN: 0.780 D_real: 0.052 D_fake: 0.072 G: 1.954 NCE: 1.245 NCE_Y: 1.104 
saving the latest model (epoch 22, total_iters 80000)
doctr_SD_to_SELFF_nl2
(epoch: 22, iters: 2148, time: 0.107, data: 0.002) G_GAN: 0.655 D_real: 0.077 D_fake: 0.122 G: 1.844 NCE: 1.295 NCE_Y: 1.084 
(epoch: 22, iters: 2248, time: 0.107, data: 0.001) G_GAN: 0.395 D_real: 0.240 D_fake: 0.133 G: 1.578 NCE: 1.264 NCE_Y: 1.103 
(epoch: 22, iters: 2348, time: 0.107, data: 0.001) G_GAN: 0.550 D_real: 0.061 D_fake: 0.167 G: 1.713 NCE: 1.252 NCE_Y: 1.073 
(epoch: 22, iters: 2448, time: 0.107, data: 0.001) G_GAN: 0.671 D_real: 0.063 D_fake: 0.105 G: 1.871 NCE: 1.281 NCE_Y: 1.119 
(epoch: 22, iters: 2548, time: 0.106, data: 0.001) G_GAN: 0.865 D_real: 0.093 D_fake: 0.100 G: 2.052 NCE: 1.269 NCE_Y: 1.105 
(epoch: 22, iters: 2648, time: 0.106, data: 0.001) G_GAN: 1.017 D_real: 0.116 D_fake: 0.165 G: 2.334 NCE: 1.451 NCE_Y: 1.184 
(epoch: 22, iters: 2748, time: 0.106, data: 0.001) G_GAN: 0.311 D_real: 0.149 D_fake: 0.250 G: 1.494 NCE: 1.265 NCE_Y: 1.102 
(epoch: 22, iters: 2848, time: 0.107, data: 0.004) G_GAN: 0.366 D_real: 0.165 D_fake: 0.214 G: 1.641 NCE: 1.448 NCE_Y: 1.101 
(epoch: 22, iters: 2948, time: 0.107, data: 0.001) G_GAN: 0.831 D_real: 0.023 D_fake: 0.174 G: 2.017 NCE: 1.296 NCE_Y: 1.075 
(epoch: 22, iters: 3048, time: 0.107, data: 0.001) G_GAN: 0.472 D_real: 0.159 D_fake: 0.147 G: 1.682 NCE: 1.324 NCE_Y: 1.094 
(epoch: 22, iters: 3148, time: 0.107, data: 0.002) G_GAN: 0.384 D_real: 0.166 D_fake: 0.162 G: 1.556 NCE: 1.254 NCE_Y: 1.089 
(epoch: 22, iters: 3248, time: 0.107, data: 0.001) G_GAN: 0.539 D_real: 0.068 D_fake: 0.163 G: 1.711 NCE: 1.229 NCE_Y: 1.115 
(epoch: 22, iters: 3348, time: 0.107, data: 0.001) G_GAN: 0.612 D_real: 0.022 D_fake: 0.186 G: 1.786 NCE: 1.247 NCE_Y: 1.102 
(epoch: 22, iters: 3448, time: 0.107, data: 0.001) G_GAN: 0.510 D_real: 0.076 D_fake: 0.141 G: 1.658 NCE: 1.248 NCE_Y: 1.049 
(epoch: 22, iters: 3548, time: 0.107, data: 0.001) G_GAN: 0.506 D_real: 0.194 D_fake: 0.122 G: 1.660 NCE: 1.207 NCE_Y: 1.101 
(epoch: 22, iters: 3648, time: 0.107, data: 0.001) G_GAN: 0.644 D_real: 0.041 D_fake: 0.261 G: 1.812 NCE: 1.258 NCE_Y: 1.077 
End of epoch 22 / 60 	 Time Taken: 403 sec
learning rate = 0.0002000
(epoch: 23, iters: 36, time: 0.107, data: 0.001) G_GAN: 0.376 D_real: 0.228 D_fake: 0.118 G: 1.521 NCE: 1.210 NCE_Y: 1.080 
(epoch: 23, iters: 136, time: 0.107, data: 0.001) G_GAN: 0.683 D_real: 0.116 D_fake: 0.132 G: 1.876 NCE: 1.265 NCE_Y: 1.120 
(epoch: 23, iters: 236, time: 0.107, data: 0.001) G_GAN: 0.503 D_real: 0.268 D_fake: 0.129 G: 1.673 NCE: 1.223 NCE_Y: 1.117 
(epoch: 23, iters: 336, time: 0.107, data: 0.001) G_GAN: 0.518 D_real: 0.205 D_fake: 0.136 G: 1.780 NCE: 1.430 NCE_Y: 1.094 
(epoch: 23, iters: 436, time: 0.106, data: 0.001) G_GAN: 0.485 D_real: 0.263 D_fake: 0.112 G: 1.715 NCE: 1.341 NCE_Y: 1.120 
(epoch: 23, iters: 536, time: 0.107, data: 0.001) G_GAN: 0.551 D_real: 0.077 D_fake: 0.291 G: 1.759 NCE: 1.308 NCE_Y: 1.106 
(epoch: 23, iters: 636, time: 0.107, data: 0.001) G_GAN: 0.393 D_real: 0.206 D_fake: 0.351 G: 1.582 NCE: 1.298 NCE_Y: 1.080 
(epoch: 23, iters: 736, time: 0.107, data: 0.001) G_GAN: 0.523 D_real: 0.328 D_fake: 0.232 G: 1.721 NCE: 1.298 NCE_Y: 1.097 
(epoch: 23, iters: 836, time: 0.107, data: 0.001) G_GAN: 0.506 D_real: 0.326 D_fake: 0.129 G: 1.679 NCE: 1.262 NCE_Y: 1.086 
(epoch: 23, iters: 936, time: 0.107, data: 0.001) G_GAN: 0.412 D_real: 0.560 D_fake: 0.187 G: 1.575 NCE: 1.241 NCE_Y: 1.086 
(epoch: 23, iters: 1036, time: 0.107, data: 0.001) G_GAN: 0.517 D_real: 0.247 D_fake: 0.177 G: 1.819 NCE: 1.486 NCE_Y: 1.118 
(epoch: 23, iters: 1136, time: 0.107, data: 0.001) G_GAN: 0.521 D_real: 0.171 D_fake: 0.165 G: 1.714 NCE: 1.267 NCE_Y: 1.120 
(epoch: 23, iters: 1236, time: 0.107, data: 0.001) G_GAN: 0.551 D_real: 0.052 D_fake: 0.199 G: 1.732 NCE: 1.254 NCE_Y: 1.108 
(epoch: 23, iters: 1336, time: 0.107, data: 0.001) G_GAN: 0.700 D_real: 0.156 D_fake: 0.087 G: 1.903 NCE: 1.326 NCE_Y: 1.080 
(epoch: 23, iters: 1436, time: 0.106, data: 0.001) G_GAN: 0.901 D_real: 0.019 D_fake: 0.070 G: 2.098 NCE: 1.306 NCE_Y: 1.089 
(epoch: 23, iters: 1536, time: 0.107, data: 0.001) G_GAN: 0.338 D_real: 0.450 D_fake: 0.080 G: 1.558 NCE: 1.329 NCE_Y: 1.111 
(epoch: 23, iters: 1636, time: 0.107, data: 0.001) G_GAN: 0.392 D_real: 0.373 D_fake: 0.055 G: 1.576 NCE: 1.272 NCE_Y: 1.096 
(epoch: 23, iters: 1736, time: 0.107, data: 0.001) G_GAN: 0.621 D_real: 0.051 D_fake: 0.141 G: 1.826 NCE: 1.287 NCE_Y: 1.122 
(epoch: 23, iters: 1836, time: 0.107, data: 0.001) G_GAN: 0.495 D_real: 0.315 D_fake: 0.089 G: 1.696 NCE: 1.336 NCE_Y: 1.067 
(epoch: 23, iters: 1936, time: 0.107, data: 0.001) G_GAN: 0.371 D_real: 0.172 D_fake: 0.245 G: 1.532 NCE: 1.222 NCE_Y: 1.100 
(epoch: 23, iters: 2036, time: 0.106, data: 0.001) G_GAN: 0.492 D_real: 0.142 D_fake: 0.169 G: 1.647 NCE: 1.225 NCE_Y: 1.085 
(epoch: 23, iters: 2136, time: 0.106, data: 0.001) G_GAN: 0.504 D_real: 0.047 D_fake: 0.241 G: 1.671 NCE: 1.251 NCE_Y: 1.084 
(epoch: 23, iters: 2236, time: 0.106, data: 0.001) G_GAN: 0.296 D_real: 0.261 D_fake: 0.326 G: 1.583 NCE: 1.434 NCE_Y: 1.140 
(epoch: 23, iters: 2336, time: 0.107, data: 0.001) G_GAN: 0.411 D_real: 0.055 D_fake: 0.288 G: 1.598 NCE: 1.292 NCE_Y: 1.083 
(epoch: 23, iters: 2436, time: 0.107, data: 0.001) G_GAN: 0.260 D_real: 0.219 D_fake: 0.263 G: 1.456 NCE: 1.267 NCE_Y: 1.126 
(epoch: 23, iters: 2536, time: 0.107, data: 0.001) G_GAN: 0.427 D_real: 0.137 D_fake: 0.185 G: 1.615 NCE: 1.290 NCE_Y: 1.086 
(epoch: 23, iters: 2636, time: 0.107, data: 0.001) G_GAN: 0.633 D_real: 0.062 D_fake: 0.128 G: 1.834 NCE: 1.296 NCE_Y: 1.105 
(epoch: 23, iters: 2736, time: 0.107, data: 0.002) G_GAN: 0.842 D_real: 0.095 D_fake: 0.097 G: 1.978 NCE: 1.226 NCE_Y: 1.047 
(epoch: 23, iters: 2836, time: 0.106, data: 0.001) G_GAN: 0.697 D_real: 0.048 D_fake: 0.134 G: 1.931 NCE: 1.368 NCE_Y: 1.099 
(epoch: 23, iters: 2936, time: 0.106, data: 0.001) G_GAN: 0.864 D_real: 0.052 D_fake: 0.042 G: 2.536 NCE: 1.804 NCE_Y: 1.539 
(epoch: 23, iters: 3036, time: 0.106, data: 0.001) G_GAN: 0.619 D_real: 0.165 D_fake: 0.068 G: 1.830 NCE: 1.274 NCE_Y: 1.147 
(epoch: 23, iters: 3136, time: 0.106, data: 0.001) G_GAN: 0.461 D_real: 0.169 D_fake: 0.149 G: 1.686 NCE: 1.350 NCE_Y: 1.101 
(epoch: 23, iters: 3236, time: 0.106, data: 0.001) G_GAN: 0.409 D_real: 0.159 D_fake: 0.170 G: 1.606 NCE: 1.292 NCE_Y: 1.102 
(epoch: 23, iters: 3336, time: 0.106, data: 0.001) G_GAN: 0.262 D_real: 0.399 D_fake: 0.154 G: 1.443 NCE: 1.285 NCE_Y: 1.077 
saving the latest model (epoch 23, total_iters 85000)
doctr_SD_to_SELFF_nl2
(epoch: 23, iters: 3436, time: 0.107, data: 0.001) G_GAN: 0.463 D_real: 0.137 D_fake: 0.152 G: 1.671 NCE: 1.333 NCE_Y: 1.083 
(epoch: 23, iters: 3536, time: 0.107, data: 0.001) G_GAN: 0.430 D_real: 0.225 D_fake: 0.128 G: 1.647 NCE: 1.333 NCE_Y: 1.101 
(epoch: 23, iters: 3636, time: 0.106, data: 0.001) G_GAN: 1.357 D_real: 0.063 D_fake: 0.241 G: 2.549 NCE: 1.258 NCE_Y: 1.126 
End of epoch 23 / 60 	 Time Taken: 403 sec
learning rate = 0.0002000
(epoch: 24, iters: 24, time: 0.107, data: 0.001) G_GAN: 0.767 D_real: 0.027 D_fake: 0.223 G: 1.923 NCE: 1.214 NCE_Y: 1.098 
(epoch: 24, iters: 124, time: 0.107, data: 0.001) G_GAN: 0.407 D_real: 0.092 D_fake: 0.312 G: 1.627 NCE: 1.327 NCE_Y: 1.112 
(epoch: 24, iters: 224, time: 0.106, data: 0.001) G_GAN: 0.810 D_real: 0.052 D_fake: 0.098 G: 1.994 NCE: 1.288 NCE_Y: 1.079 
(epoch: 24, iters: 324, time: 0.107, data: 0.001) G_GAN: 0.484 D_real: 0.508 D_fake: 0.084 G: 1.659 NCE: 1.244 NCE_Y: 1.107 
(epoch: 24, iters: 424, time: 0.107, data: 0.001) G_GAN: 0.613 D_real: 0.051 D_fake: 0.195 G: 1.837 NCE: 1.341 NCE_Y: 1.107 
(epoch: 24, iters: 524, time: 0.107, data: 0.001) G_GAN: 0.401 D_real: 0.183 D_fake: 0.226 G: 1.596 NCE: 1.308 NCE_Y: 1.084 
(epoch: 24, iters: 624, time: 0.107, data: 0.001) G_GAN: 0.585 D_real: 0.081 D_fake: 0.177 G: 1.748 NCE: 1.232 NCE_Y: 1.095 
(epoch: 24, iters: 724, time: 0.107, data: 0.001) G_GAN: 0.460 D_real: 0.181 D_fake: 0.174 G: 1.678 NCE: 1.323 NCE_Y: 1.112 
(epoch: 24, iters: 824, time: 0.107, data: 0.001) G_GAN: 0.422 D_real: 0.361 D_fake: 0.071 G: 1.590 NCE: 1.273 NCE_Y: 1.062 
(epoch: 24, iters: 924, time: 0.107, data: 0.001) G_GAN: 0.523 D_real: 0.072 D_fake: 0.125 G: 1.700 NCE: 1.279 NCE_Y: 1.075 
(epoch: 24, iters: 1024, time: 0.107, data: 0.002) G_GAN: 0.567 D_real: 0.103 D_fake: 0.099 G: 1.782 NCE: 1.310 NCE_Y: 1.120 
(epoch: 24, iters: 1124, time: 0.107, data: 0.001) G_GAN: 0.282 D_real: 0.161 D_fake: 0.197 G: 1.454 NCE: 1.239 NCE_Y: 1.103 
(epoch: 24, iters: 1224, time: 0.107, data: 0.002) G_GAN: 0.415 D_real: 0.462 D_fake: 0.274 G: 1.624 NCE: 1.298 NCE_Y: 1.119 
(epoch: 24, iters: 1324, time: 0.106, data: 0.001) G_GAN: 0.514 D_real: 0.200 D_fake: 0.192 G: 1.658 NCE: 1.217 NCE_Y: 1.071 
(epoch: 24, iters: 1424, time: 0.106, data: 0.001) G_GAN: 0.384 D_real: 0.288 D_fake: 0.162 G: 1.569 NCE: 1.292 NCE_Y: 1.079 
(epoch: 24, iters: 1524, time: 0.106, data: 0.001) G_GAN: 0.409 D_real: 0.379 D_fake: 0.387 G: 1.616 NCE: 1.318 NCE_Y: 1.096 
(epoch: 24, iters: 1624, time: 0.107, data: 0.001) G_GAN: 0.585 D_real: 0.037 D_fake: 0.195 G: 1.763 NCE: 1.310 NCE_Y: 1.045 
(epoch: 24, iters: 1724, time: 0.107, data: 0.002) G_GAN: 0.339 D_real: 0.172 D_fake: 0.267 G: 1.512 NCE: 1.258 NCE_Y: 1.087 
(epoch: 24, iters: 1824, time: 0.107, data: 0.001) G_GAN: 0.569 D_real: 0.019 D_fake: 0.201 G: 1.749 NCE: 1.262 NCE_Y: 1.099 
(epoch: 24, iters: 1924, time: 0.107, data: 0.001) G_GAN: 0.434 D_real: 0.198 D_fake: 0.114 G: 1.700 NCE: 1.363 NCE_Y: 1.169 
(epoch: 24, iters: 2024, time: 0.107, data: 0.002) G_GAN: 0.579 D_real: 0.111 D_fake: 0.276 G: 1.786 NCE: 1.291 NCE_Y: 1.123 
(epoch: 24, iters: 2124, time: 0.107, data: 0.001) G_GAN: 0.412 D_real: 0.143 D_fake: 0.302 G: 1.600 NCE: 1.248 NCE_Y: 1.128 
(epoch: 24, iters: 2224, time: 0.106, data: 0.001) G_GAN: 0.493 D_real: 0.153 D_fake: 0.153 G: 1.679 NCE: 1.269 NCE_Y: 1.103 
(epoch: 24, iters: 2324, time: 0.106, data: 0.001) G_GAN: 0.666 D_real: 0.073 D_fake: 0.193 G: 2.031 NCE: 1.612 NCE_Y: 1.118 
(epoch: 24, iters: 2424, time: 0.106, data: 0.001) G_GAN: 0.519 D_real: 0.029 D_fake: 0.172 G: 1.697 NCE: 1.258 NCE_Y: 1.099 
(epoch: 24, iters: 2524, time: 0.106, data: 0.001) G_GAN: 0.644 D_real: 0.464 D_fake: 0.035 G: 1.831 NCE: 1.273 NCE_Y: 1.103 
(epoch: 24, iters: 2624, time: 0.107, data: 0.001) G_GAN: 0.680 D_real: 0.101 D_fake: 0.351 G: 1.903 NCE: 1.302 NCE_Y: 1.146 
(epoch: 24, iters: 2724, time: 0.107, data: 0.001) G_GAN: 0.876 D_real: 0.026 D_fake: 0.176 G: 2.068 NCE: 1.278 NCE_Y: 1.107 
(epoch: 24, iters: 2824, time: 0.107, data: 0.002) G_GAN: 0.433 D_real: 0.152 D_fake: 0.207 G: 1.571 NCE: 1.213 NCE_Y: 1.062 
(epoch: 24, iters: 2924, time: 0.107, data: 0.001) G_GAN: 0.573 D_real: 0.089 D_fake: 0.119 G: 1.692 NCE: 1.190 NCE_Y: 1.049 
(epoch: 24, iters: 3024, time: 0.107, data: 0.001) G_GAN: 0.837 D_real: 0.032 D_fake: 0.058 G: 2.026 NCE: 1.270 NCE_Y: 1.108 
(epoch: 24, iters: 3124, time: 0.107, data: 0.002) G_GAN: 0.700 D_real: 0.059 D_fake: 0.309 G: 1.851 NCE: 1.235 NCE_Y: 1.066 
(epoch: 24, iters: 3224, time: 0.107, data: 0.001) G_GAN: 0.542 D_real: 0.056 D_fake: 0.105 G: 1.680 NCE: 1.214 NCE_Y: 1.062 
(epoch: 24, iters: 3324, time: 0.107, data: 0.002) G_GAN: 0.559 D_real: 0.353 D_fake: 0.078 G: 1.837 NCE: 1.441 NCE_Y: 1.114 
(epoch: 24, iters: 3424, time: 0.107, data: 0.002) G_GAN: 0.416 D_real: 0.090 D_fake: 0.282 G: 1.834 NCE: 1.783 NCE_Y: 1.052 
(epoch: 24, iters: 3524, time: 0.107, data: 0.001) G_GAN: 0.879 D_real: 0.031 D_fake: 0.056 G: 2.078 NCE: 1.295 NCE_Y: 1.102 
(epoch: 24, iters: 3624, time: 0.109, data: 0.002) G_GAN: 0.351 D_real: 0.147 D_fake: 0.218 G: 1.543 NCE: 1.289 NCE_Y: 1.096 
End of epoch 24 / 60 	 Time Taken: 404 sec
learning rate = 0.0002000
(epoch: 25, iters: 12, time: 0.108, data: 0.001) G_GAN: 0.376 D_real: 0.151 D_fake: 0.197 G: 1.567 NCE: 1.266 NCE_Y: 1.116 
(epoch: 25, iters: 112, time: 0.108, data: 0.002) G_GAN: 0.346 D_real: 0.261 D_fake: 0.215 G: 1.508 NCE: 1.239 NCE_Y: 1.085 
(epoch: 25, iters: 212, time: 0.108, data: 0.001) G_GAN: 0.328 D_real: 0.241 D_fake: 0.196 G: 1.499 NCE: 1.263 NCE_Y: 1.080 
(epoch: 25, iters: 312, time: 0.108, data: 0.002) G_GAN: 0.223 D_real: 0.085 D_fake: 0.699 G: 1.414 NCE: 1.308 NCE_Y: 1.074 
(epoch: 25, iters: 412, time: 0.108, data: 0.002) G_GAN: 0.360 D_real: 0.215 D_fake: 0.235 G: 1.525 NCE: 1.232 NCE_Y: 1.097 
(epoch: 25, iters: 512, time: 0.108, data: 0.004) G_GAN: 0.556 D_real: 0.178 D_fake: 0.104 G: 1.769 NCE: 1.326 NCE_Y: 1.101 
(epoch: 25, iters: 612, time: 0.108, data: 0.002) G_GAN: 0.587 D_real: 0.090 D_fake: 0.206 G: 1.760 NCE: 1.244 NCE_Y: 1.103 
(epoch: 25, iters: 712, time: 0.108, data: 0.002) G_GAN: 0.582 D_real: 0.362 D_fake: 0.061 G: 1.757 NCE: 1.237 NCE_Y: 1.112 
(epoch: 25, iters: 812, time: 0.108, data: 0.001) G_GAN: 0.293 D_real: 0.319 D_fake: 0.157 G: 1.503 NCE: 1.303 NCE_Y: 1.117 
(epoch: 25, iters: 912, time: 0.108, data: 0.001) G_GAN: 0.548 D_real: 0.047 D_fake: 0.203 G: 1.741 NCE: 1.275 NCE_Y: 1.112 
saving the latest model (epoch 25, total_iters 90000)
doctr_SD_to_SELFF_nl2
(epoch: 25, iters: 1012, time: 0.108, data: 0.002) G_GAN: 0.924 D_real: 0.114 D_fake: 0.085 G: 2.280 NCE: 1.552 NCE_Y: 1.161 
(epoch: 25, iters: 1112, time: 0.108, data: 0.002) G_GAN: 0.327 D_real: 0.383 D_fake: 0.107 G: 1.598 NCE: 1.393 NCE_Y: 1.149 
(epoch: 25, iters: 1212, time: 0.107, data: 0.001) G_GAN: 0.619 D_real: 0.084 D_fake: 0.125 G: 1.808 NCE: 1.263 NCE_Y: 1.115 
(epoch: 25, iters: 1312, time: 0.108, data: 0.001) G_GAN: 0.463 D_real: 0.234 D_fake: 0.091 G: 1.618 NCE: 1.234 NCE_Y: 1.076 
(epoch: 25, iters: 1412, time: 0.108, data: 0.002) G_GAN: 0.670 D_real: 0.023 D_fake: 0.267 G: 1.924 NCE: 1.395 NCE_Y: 1.114 
(epoch: 25, iters: 1512, time: 0.108, data: 0.002) G_GAN: 0.359 D_real: 0.194 D_fake: 0.206 G: 1.536 NCE: 1.235 NCE_Y: 1.119 
(epoch: 25, iters: 1612, time: 0.108, data: 0.003) G_GAN: 0.603 D_real: 0.056 D_fake: 0.135 G: 1.809 NCE: 1.305 NCE_Y: 1.107 
(epoch: 25, iters: 1712, time: 0.107, data: 0.001) G_GAN: 0.568 D_real: 0.089 D_fake: 0.131 G: 1.757 NCE: 1.273 NCE_Y: 1.106 
(epoch: 25, iters: 1812, time: 0.107, data: 0.001) G_GAN: 1.132 D_real: 0.022 D_fake: 0.063 G: 2.376 NCE: 1.334 NCE_Y: 1.154 
(epoch: 25, iters: 1912, time: 0.107, data: 0.001) G_GAN: 1.097 D_real: 0.089 D_fake: 0.031 G: 2.386 NCE: 1.462 NCE_Y: 1.117 
(epoch: 25, iters: 2012, time: 0.108, data: 0.001) G_GAN: 0.470 D_real: 0.082 D_fake: 0.106 G: 1.721 NCE: 1.420 NCE_Y: 1.082 
(epoch: 25, iters: 2112, time: 0.108, data: 0.001) G_GAN: 0.410 D_real: 0.117 D_fake: 0.186 G: 1.659 NCE: 1.369 NCE_Y: 1.129 
(epoch: 25, iters: 2212, time: 0.107, data: 0.002) G_GAN: 0.564 D_real: 0.190 D_fake: 0.130 G: 1.740 NCE: 1.243 NCE_Y: 1.109 
(epoch: 25, iters: 2312, time: 0.107, data: 0.001) G_GAN: 0.909 D_real: 0.180 D_fake: 0.071 G: 2.155 NCE: 1.352 NCE_Y: 1.141 
(epoch: 25, iters: 2412, time: 0.107, data: 0.001) G_GAN: 0.444 D_real: 0.170 D_fake: 0.115 G: 1.627 NCE: 1.267 NCE_Y: 1.097 
(epoch: 25, iters: 2512, time: 0.107, data: 0.001) G_GAN: 0.528 D_real: 0.051 D_fake: 0.314 G: 1.681 NCE: 1.208 NCE_Y: 1.099 
(epoch: 25, iters: 2612, time: 0.107, data: 0.001) G_GAN: 0.620 D_real: 0.083 D_fake: 0.128 G: 1.772 NCE: 1.221 NCE_Y: 1.084 
(epoch: 25, iters: 2712, time: 0.107, data: 0.001) G_GAN: 0.348 D_real: 0.143 D_fake: 0.256 G: 1.508 NCE: 1.231 NCE_Y: 1.090 
(epoch: 25, iters: 2812, time: 0.107, data: 0.001) G_GAN: 1.602 D_real: 0.104 D_fake: 0.258 G: 2.821 NCE: 1.314 NCE_Y: 1.123 
(epoch: 25, iters: 2912, time: 0.107, data: 0.002) G_GAN: 0.370 D_real: 0.185 D_fake: 0.290 G: 1.575 NCE: 1.316 NCE_Y: 1.093 
(epoch: 25, iters: 3012, time: 0.107, data: 0.001) G_GAN: 0.289 D_real: 0.415 D_fake: 0.229 G: 1.477 NCE: 1.260 NCE_Y: 1.117 
(epoch: 25, iters: 3112, time: 0.107, data: 0.002) G_GAN: 0.443 D_real: 0.178 D_fake: 0.156 G: 1.692 NCE: 1.382 NCE_Y: 1.114 
(epoch: 25, iters: 3212, time: 0.107, data: 0.002) G_GAN: 0.383 D_real: 0.142 D_fake: 0.231 G: 1.579 NCE: 1.267 NCE_Y: 1.124 
(epoch: 25, iters: 3312, time: 0.107, data: 0.001) G_GAN: 0.717 D_real: 0.279 D_fake: 0.038 G: 2.016 NCE: 1.475 NCE_Y: 1.122 
(epoch: 25, iters: 3412, time: 0.107, data: 0.001) G_GAN: 0.446 D_real: 0.318 D_fake: 0.070 G: 1.650 NCE: 1.320 NCE_Y: 1.089 
(epoch: 25, iters: 3512, time: 0.106, data: 0.001) G_GAN: 0.824 D_real: 0.111 D_fake: 0.072 G: 2.027 NCE: 1.291 NCE_Y: 1.113 
(epoch: 25, iters: 3612, time: 0.106, data: 0.001) G_GAN: 0.645 D_real: 0.321 D_fake: 0.140 G: 1.851 NCE: 1.314 NCE_Y: 1.098 
(epoch: 25, iters: 3712, time: 0.106, data: 0.001) G_GAN: 0.361 D_real: 0.284 D_fake: 0.176 G: 1.559 NCE: 1.301 NCE_Y: 1.096 
saving the model at the end of epoch 25, iters 92800
End of epoch 25 / 60 	 Time Taken: 407 sec
learning rate = 0.0002000
(epoch: 26, iters: 100, time: 0.107, data: 0.125) G_GAN: 0.562 D_real: 0.143 D_fake: 0.045 G: 1.764 NCE: 1.289 NCE_Y: 1.115 
(epoch: 26, iters: 200, time: 0.106, data: 0.001) G_GAN: 0.541 D_real: 0.038 D_fake: 0.224 G: 1.713 NCE: 1.240 NCE_Y: 1.104 
(epoch: 26, iters: 300, time: 0.107, data: 0.001) G_GAN: 0.329 D_real: 0.263 D_fake: 0.166 G: 1.497 NCE: 1.230 NCE_Y: 1.105 
(epoch: 26, iters: 400, time: 0.107, data: 0.001) G_GAN: 0.407 D_real: 0.024 D_fake: 0.457 G: 1.595 NCE: 1.287 NCE_Y: 1.088 
(epoch: 26, iters: 500, time: 0.107, data: 0.002) G_GAN: 1.023 D_real: 0.062 D_fake: 0.045 G: 2.213 NCE: 1.245 NCE_Y: 1.134 
(epoch: 26, iters: 600, time: 0.107, data: 0.002) G_GAN: 0.630 D_real: 0.156 D_fake: 0.103 G: 1.837 NCE: 1.292 NCE_Y: 1.122 
(epoch: 26, iters: 700, time: 0.107, data: 0.002) G_GAN: 0.378 D_real: 0.199 D_fake: 0.188 G: 1.539 NCE: 1.241 NCE_Y: 1.081 
(epoch: 26, iters: 800, time: 0.107, data: 0.001) G_GAN: 0.558 D_real: 0.137 D_fake: 0.132 G: 1.746 NCE: 1.283 NCE_Y: 1.093 
(epoch: 26, iters: 900, time: 0.107, data: 0.001) G_GAN: 0.822 D_real: 0.083 D_fake: 0.072 G: 1.995 NCE: 1.239 NCE_Y: 1.107 
(epoch: 26, iters: 1000, time: 0.107, data: 0.002) G_GAN: 0.392 D_real: 0.287 D_fake: 0.177 G: 1.573 NCE: 1.275 NCE_Y: 1.089 
(epoch: 26, iters: 1100, time: 0.107, data: 0.002) G_GAN: 0.402 D_real: 0.062 D_fake: 0.422 G: 1.555 NCE: 1.215 NCE_Y: 1.090 
(epoch: 26, iters: 1200, time: 0.107, data: 0.001) G_GAN: 0.642 D_real: 0.166 D_fake: 0.172 G: 1.839 NCE: 1.259 NCE_Y: 1.135 
(epoch: 26, iters: 1300, time: 0.107, data: 0.002) G_GAN: 0.309 D_real: 0.105 D_fake: 0.333 G: 1.480 NCE: 1.230 NCE_Y: 1.112 
(epoch: 26, iters: 1400, time: 0.107, data: 0.001) G_GAN: 0.212 D_real: 0.386 D_fake: 0.306 G: 1.357 NCE: 1.193 NCE_Y: 1.097 
(epoch: 26, iters: 1500, time: 0.107, data: 0.001) G_GAN: 0.996 D_real: 0.035 D_fake: 0.232 G: 2.197 NCE: 1.311 NCE_Y: 1.091 
(epoch: 26, iters: 1600, time: 0.107, data: 0.001) G_GAN: 0.548 D_real: 0.079 D_fake: 0.211 G: 1.786 NCE: 1.341 NCE_Y: 1.134 
(epoch: 26, iters: 1700, time: 0.107, data: 0.002) G_GAN: 0.450 D_real: 0.411 D_fake: 0.071 G: 1.651 NCE: 1.299 NCE_Y: 1.102 
(epoch: 26, iters: 1800, time: 0.107, data: 0.001) G_GAN: 0.735 D_real: 0.168 D_fake: 0.100 G: 1.930 NCE: 1.305 NCE_Y: 1.085 
(epoch: 26, iters: 1900, time: 0.107, data: 0.001) G_GAN: 0.568 D_real: 0.320 D_fake: 0.074 G: 1.775 NCE: 1.264 NCE_Y: 1.149 
(epoch: 26, iters: 2000, time: 0.107, data: 0.001) G_GAN: 0.561 D_real: 0.094 D_fake: 0.089 G: 1.749 NCE: 1.272 NCE_Y: 1.105 
(epoch: 26, iters: 2100, time: 0.107, data: 0.001) G_GAN: 0.298 D_real: 0.233 D_fake: 0.291 G: 1.506 NCE: 1.284 NCE_Y: 1.132 
(epoch: 26, iters: 2200, time: 0.107, data: 0.001) G_GAN: 0.607 D_real: 0.143 D_fake: 0.131 G: 1.861 NCE: 1.418 NCE_Y: 1.089 
saving the latest model (epoch 26, total_iters 95000)
doctr_SD_to_SELFF_nl2
(epoch: 26, iters: 2300, time: 0.107, data: 0.002) G_GAN: 0.611 D_real: 0.061 D_fake: 0.101 G: 1.861 NCE: 1.355 NCE_Y: 1.145 
(epoch: 26, iters: 2400, time: 0.106, data: 0.001) G_GAN: 0.487 D_real: 0.323 D_fake: 0.133 G: 1.673 NCE: 1.256 NCE_Y: 1.116 
(epoch: 26, iters: 2500, time: 0.106, data: 0.001) G_GAN: 0.390 D_real: 0.039 D_fake: 0.250 G: 1.571 NCE: 1.260 NCE_Y: 1.103 
(epoch: 26, iters: 2600, time: 0.106, data: 0.001) G_GAN: 0.877 D_real: 0.067 D_fake: 0.018 G: 2.104 NCE: 1.281 NCE_Y: 1.174 
(epoch: 26, iters: 2700, time: 0.107, data: 0.001) G_GAN: 0.565 D_real: 0.105 D_fake: 0.132 G: 1.782 NCE: 1.305 NCE_Y: 1.128 
(epoch: 26, iters: 2800, time: 0.107, data: 0.001) G_GAN: 0.424 D_real: 0.047 D_fake: 0.262 G: 1.572 NCE: 1.214 NCE_Y: 1.082 
(epoch: 26, iters: 2900, time: 0.106, data: 0.001) G_GAN: 0.379 D_real: 0.498 D_fake: 0.106 G: 1.535 NCE: 1.218 NCE_Y: 1.094 
(epoch: 26, iters: 3000, time: 0.107, data: 0.001) G_GAN: 0.930 D_real: 0.059 D_fake: 0.047 G: 2.134 NCE: 1.291 NCE_Y: 1.118 
(epoch: 26, iters: 3100, time: 0.107, data: 0.001) G_GAN: 0.435 D_real: 0.115 D_fake: 0.170 G: 1.631 NCE: 1.294 NCE_Y: 1.098 
(epoch: 26, iters: 3200, time: 0.107, data: 0.001) G_GAN: 0.489 D_real: 0.019 D_fake: 0.327 G: 1.657 NCE: 1.238 NCE_Y: 1.097 
(epoch: 26, iters: 3300, time: 0.107, data: 0.001) G_GAN: 1.060 D_real: 0.156 D_fake: 0.047 G: 2.270 NCE: 1.321 NCE_Y: 1.100 
(epoch: 26, iters: 3400, time: 0.106, data: 0.001) G_GAN: 0.352 D_real: 0.173 D_fake: 0.210 G: 1.541 NCE: 1.283 NCE_Y: 1.095 
(epoch: 26, iters: 3500, time: 0.106, data: 0.001) G_GAN: 0.924 D_real: 0.031 D_fake: 0.080 G: 2.137 NCE: 1.284 NCE_Y: 1.142 
(epoch: 26, iters: 3600, time: 0.106, data: 0.001) G_GAN: 0.719 D_real: 0.080 D_fake: 0.059 G: 1.942 NCE: 1.295 NCE_Y: 1.151 
(epoch: 26, iters: 3700, time: 0.106, data: 0.001) G_GAN: 0.630 D_real: 0.046 D_fake: 0.178 G: 1.809 NCE: 1.256 NCE_Y: 1.102 
End of epoch 26 / 60 	 Time Taken: 404 sec
learning rate = 0.0002000
(epoch: 27, iters: 88, time: 0.107, data: 0.001) G_GAN: 0.674 D_real: 0.064 D_fake: 0.055 G: 1.893 NCE: 1.313 NCE_Y: 1.126 
(epoch: 27, iters: 188, time: 0.107, data: 0.001) G_GAN: 0.396 D_real: 0.322 D_fake: 0.295 G: 1.575 NCE: 1.260 NCE_Y: 1.097 
(epoch: 27, iters: 288, time: 0.106, data: 0.001) G_GAN: 0.690 D_real: 0.321 D_fake: 0.030 G: 1.869 NCE: 1.276 NCE_Y: 1.083 
(epoch: 27, iters: 388, time: 0.106, data: 0.001) G_GAN: 0.748 D_real: 0.046 D_fake: 0.186 G: 1.910 NCE: 1.240 NCE_Y: 1.084 
(epoch: 27, iters: 488, time: 0.106, data: 0.001) G_GAN: 0.728 D_real: 0.039 D_fake: 0.290 G: 1.897 NCE: 1.244 NCE_Y: 1.095 
(epoch: 27, iters: 588, time: 0.106, data: 0.001) G_GAN: 0.499 D_real: 0.304 D_fake: 0.053 G: 1.667 NCE: 1.249 NCE_Y: 1.087 
(epoch: 27, iters: 688, time: 0.106, data: 0.001) G_GAN: 0.331 D_real: 0.237 D_fake: 0.138 G: 1.528 NCE: 1.269 NCE_Y: 1.125 
(epoch: 27, iters: 788, time: 0.107, data: 0.002) G_GAN: 0.259 D_real: 0.456 D_fake: 0.129 G: 1.513 NCE: 1.392 NCE_Y: 1.116 
(epoch: 27, iters: 888, time: 0.107, data: 0.001) G_GAN: 0.715 D_real: 0.078 D_fake: 0.086 G: 1.929 NCE: 1.330 NCE_Y: 1.099 
(epoch: 27, iters: 988, time: 0.107, data: 0.002) G_GAN: 0.524 D_real: 0.099 D_fake: 0.192 G: 1.701 NCE: 1.232 NCE_Y: 1.123 
(epoch: 27, iters: 1088, time: 0.107, data: 0.001) G_GAN: 0.476 D_real: 0.225 D_fake: 0.147 G: 1.663 NCE: 1.270 NCE_Y: 1.105 
(epoch: 27, iters: 1188, time: 0.107, data: 0.001) G_GAN: 0.811 D_real: 0.048 D_fake: 0.069 G: 2.034 NCE: 1.332 NCE_Y: 1.115 
(epoch: 27, iters: 1288, time: 0.107, data: 0.001) G_GAN: 0.267 D_real: 0.211 D_fake: 0.321 G: 1.479 NCE: 1.310 NCE_Y: 1.114 
(epoch: 27, iters: 1388, time: 0.107, data: 0.001) G_GAN: 0.275 D_real: 0.655 D_fake: 0.213 G: 1.485 NCE: 1.330 NCE_Y: 1.091 
(epoch: 27, iters: 1488, time: 0.107, data: 0.001) G_GAN: 0.304 D_real: 0.322 D_fake: 0.191 G: 1.541 NCE: 1.376 NCE_Y: 1.098 
(epoch: 27, iters: 1588, time: 0.107, data: 0.001) G_GAN: 0.327 D_real: 0.268 D_fake: 0.193 G: 1.546 NCE: 1.332 NCE_Y: 1.106 
(epoch: 27, iters: 1688, time: 0.107, data: 0.001) G_GAN: 0.282 D_real: 0.363 D_fake: 0.272 G: 1.426 NCE: 1.194 NCE_Y: 1.094 
(epoch: 27, iters: 1788, time: 0.107, data: 0.001) G_GAN: 0.378 D_real: 0.287 D_fake: 0.138 G: 1.606 NCE: 1.345 NCE_Y: 1.112 
(epoch: 27, iters: 1888, time: 0.107, data: 0.001) G_GAN: 0.346 D_real: 0.167 D_fake: 0.232 G: 1.569 NCE: 1.334 NCE_Y: 1.112 
(epoch: 27, iters: 1988, time: 0.107, data: 0.001) G_GAN: 0.865 D_real: 0.097 D_fake: 0.066 G: 2.069 NCE: 1.279 NCE_Y: 1.129 
(epoch: 27, iters: 2088, time: 0.107, data: 0.001) G_GAN: 0.477 D_real: 0.060 D_fake: 0.069 G: 1.647 NCE: 1.243 NCE_Y: 1.097 
(epoch: 27, iters: 2188, time: 0.107, data: 0.001) G_GAN: 0.499 D_real: 0.220 D_fake: 0.170 G: 1.685 NCE: 1.269 NCE_Y: 1.102 
(epoch: 27, iters: 2288, time: 0.107, data: 0.001) G_GAN: 0.698 D_real: 0.180 D_fake: 0.108 G: 1.866 NCE: 1.229 NCE_Y: 1.108 
(epoch: 27, iters: 2388, time: 0.107, data: 0.002) G_GAN: 0.835 D_real: 0.243 D_fake: 0.144 G: 2.207 NCE: 1.630 NCE_Y: 1.113 
(epoch: 27, iters: 2488, time: 0.107, data: 0.001) G_GAN: 0.836 D_real: 0.241 D_fake: 0.207 G: 2.058 NCE: 1.324 NCE_Y: 1.119 
(epoch: 27, iters: 2588, time: 0.107, data: 0.001) G_GAN: 0.503 D_real: 0.238 D_fake: 0.162 G: 1.714 NCE: 1.293 NCE_Y: 1.127 
(epoch: 27, iters: 2688, time: 0.106, data: 0.001) G_GAN: 0.355 D_real: 0.319 D_fake: 0.160 G: 1.512 NCE: 1.219 NCE_Y: 1.096 
(epoch: 27, iters: 2788, time: 0.107, data: 0.001) G_GAN: 1.026 D_real: 0.041 D_fake: 0.189 G: 2.287 NCE: 1.384 NCE_Y: 1.137 
(epoch: 27, iters: 2888, time: 0.107, data: 0.002) G_GAN: 0.592 D_real: 0.103 D_fake: 0.059 G: 1.760 NCE: 1.262 NCE_Y: 1.074 
(epoch: 27, iters: 2988, time: 0.107, data: 0.001) G_GAN: 0.429 D_real: 0.317 D_fake: 0.095 G: 1.602 NCE: 1.233 NCE_Y: 1.112 
(epoch: 27, iters: 3088, time: 0.107, data: 0.001) G_GAN: 0.401 D_real: 0.341 D_fake: 0.166 G: 1.567 NCE: 1.237 NCE_Y: 1.096 
(epoch: 27, iters: 3188, time: 0.107, data: 0.002) G_GAN: 0.739 D_real: 0.627 D_fake: 0.076 G: 1.962 NCE: 1.356 NCE_Y: 1.090 
(epoch: 27, iters: 3288, time: 0.107, data: 0.001) G_GAN: 0.620 D_real: 0.152 D_fake: 0.050 G: 1.738 NCE: 1.167 NCE_Y: 1.071 
(epoch: 27, iters: 3388, time: 0.106, data: 0.001) G_GAN: 0.572 D_real: 0.026 D_fake: 0.236 G: 1.737 NCE: 1.261 NCE_Y: 1.070 
(epoch: 27, iters: 3488, time: 0.106, data: 0.001) G_GAN: 0.861 D_real: 0.048 D_fake: 0.104 G: 2.031 NCE: 1.284 NCE_Y: 1.057 
saving the latest model (epoch 27, total_iters 100000)
doctr_SD_to_SELFF_nl2
(epoch: 27, iters: 3588, time: 0.105, data: 0.001) G_GAN: 0.361 D_real: 0.222 D_fake: 0.152 G: 1.518 NCE: 1.247 NCE_Y: 1.066 
(epoch: 27, iters: 3688, time: 0.106, data: 0.002) G_GAN: 0.369 D_real: 0.195 D_fake: 0.420 G: 1.527 NCE: 1.229 NCE_Y: 1.086 
End of epoch 27 / 60 	 Time Taken: 404 sec
learning rate = 0.0002000
(epoch: 28, iters: 76, time: 0.106, data: 0.001) G_GAN: 0.350 D_real: 0.324 D_fake: 0.109 G: 1.563 NCE: 1.319 NCE_Y: 1.107 
(epoch: 28, iters: 176, time: 0.107, data: 0.001) G_GAN: 0.500 D_real: 0.232 D_fake: 0.146 G: 1.675 NCE: 1.250 NCE_Y: 1.100 
(epoch: 28, iters: 276, time: 0.107, data: 0.001) G_GAN: 0.297 D_real: 0.200 D_fake: 0.329 G: 1.468 NCE: 1.242 NCE_Y: 1.100 
(epoch: 28, iters: 376, time: 0.107, data: 0.001) G_GAN: 0.415 D_real: 0.165 D_fake: 0.172 G: 1.611 NCE: 1.298 NCE_Y: 1.093 
(epoch: 28, iters: 476, time: 0.106, data: 0.001) G_GAN: 0.395 D_real: 0.221 D_fake: 0.163 G: 1.569 NCE: 1.231 NCE_Y: 1.118 
(epoch: 28, iters: 576, time: 0.106, data: 0.001) G_GAN: 0.689 D_real: 0.143 D_fake: 0.057 G: 2.035 NCE: 1.603 NCE_Y: 1.090 
(epoch: 28, iters: 676, time: 0.106, data: 0.001) G_GAN: 0.325 D_real: 0.234 D_fake: 0.281 G: 1.587 NCE: 1.409 NCE_Y: 1.115 
(epoch: 28, iters: 776, time: 0.106, data: 0.002) G_GAN: 0.367 D_real: 0.157 D_fake: 0.224 G: 1.537 NCE: 1.254 NCE_Y: 1.086 
(epoch: 28, iters: 876, time: 0.106, data: 0.001) G_GAN: 0.245 D_real: 0.166 D_fake: 0.298 G: 1.423 NCE: 1.254 NCE_Y: 1.100 
(epoch: 28, iters: 976, time: 0.106, data: 0.001) G_GAN: 0.986 D_real: 0.041 D_fake: 0.025 G: 2.245 NCE: 1.363 NCE_Y: 1.154 
(epoch: 28, iters: 1076, time: 0.106, data: 0.001) G_GAN: 0.385 D_real: 0.268 D_fake: 0.234 G: 1.558 NCE: 1.250 NCE_Y: 1.096 
(epoch: 28, iters: 1176, time: 0.106, data: 0.001) G_GAN: 0.946 D_real: 0.080 D_fake: 0.103 G: 2.228 NCE: 1.335 NCE_Y: 1.230 
(epoch: 28, iters: 1276, time: 0.106, data: 0.001) G_GAN: 0.394 D_real: 0.335 D_fake: 0.138 G: 1.571 NCE: 1.286 NCE_Y: 1.068 
(epoch: 28, iters: 1376, time: 0.106, data: 0.001) G_GAN: 0.964 D_real: 0.099 D_fake: 0.138 G: 2.190 NCE: 1.302 NCE_Y: 1.149 
(epoch: 28, iters: 1476, time: 0.107, data: 0.001) G_GAN: 0.301 D_real: 0.260 D_fake: 0.163 G: 1.474 NCE: 1.252 NCE_Y: 1.095 
(epoch: 28, iters: 1576, time: 0.107, data: 0.001) G_GAN: 0.872 D_real: 0.046 D_fake: 0.050 G: 2.099 NCE: 1.335 NCE_Y: 1.120 
(epoch: 28, iters: 1676, time: 0.107, data: 0.001) G_GAN: 0.364 D_real: 0.311 D_fake: 0.056 G: 1.535 NCE: 1.232 NCE_Y: 1.111 
(epoch: 28, iters: 1776, time: 0.107, data: 0.001) G_GAN: 0.242 D_real: 0.123 D_fake: 0.305 G: 1.431 NCE: 1.261 NCE_Y: 1.117 
(epoch: 28, iters: 1876, time: 0.107, data: 0.001) G_GAN: 0.913 D_real: 0.330 D_fake: 0.041 G: 2.081 NCE: 1.237 NCE_Y: 1.100 
(epoch: 28, iters: 1976, time: 0.107, data: 0.001) G_GAN: 0.679 D_real: 0.122 D_fake: 0.054 G: 1.873 NCE: 1.277 NCE_Y: 1.110 
(epoch: 28, iters: 2076, time: 0.107, data: 0.001) G_GAN: 0.619 D_real: 0.206 D_fake: 0.056 G: 1.818 NCE: 1.304 NCE_Y: 1.094 
(epoch: 28, iters: 2176, time: 0.107, data: 0.001) G_GAN: 0.310 D_real: 0.177 D_fake: 0.281 G: 1.541 NCE: 1.368 NCE_Y: 1.092 
(epoch: 28, iters: 2276, time: 0.107, data: 0.001) G_GAN: 0.501 D_real: 0.154 D_fake: 0.110 G: 1.660 NCE: 1.245 NCE_Y: 1.072 
(epoch: 28, iters: 2376, time: 0.106, data: 0.001) G_GAN: 0.986 D_real: 0.083 D_fake: 0.054 G: 2.238 NCE: 1.310 NCE_Y: 1.194 
(epoch: 28, iters: 2476, time: 0.106, data: 0.001) G_GAN: 0.619 D_real: 0.039 D_fake: 0.142 G: 1.894 NCE: 1.434 NCE_Y: 1.115 
(epoch: 28, iters: 2576, time: 0.105, data: 0.001) G_GAN: 0.949 D_real: 0.079 D_fake: 0.165 G: 2.192 NCE: 1.355 NCE_Y: 1.133 
(epoch: 28, iters: 2676, time: 0.106, data: 0.001) G_GAN: 0.498 D_real: 0.138 D_fake: 0.084 G: 1.653 NCE: 1.236 NCE_Y: 1.074 
(epoch: 28, iters: 2776, time: 0.106, data: 0.001) G_GAN: 0.505 D_real: 0.112 D_fake: 0.199 G: 1.666 NCE: 1.236 NCE_Y: 1.088 
(epoch: 28, iters: 2876, time: 0.107, data: 0.001) G_GAN: 0.427 D_real: 0.117 D_fake: 0.325 G: 1.590 NCE: 1.242 NCE_Y: 1.084 
(epoch: 28, iters: 2976, time: 0.107, data: 0.001) G_GAN: 0.387 D_real: 0.242 D_fake: 0.156 G: 1.572 NCE: 1.265 NCE_Y: 1.105 
(epoch: 28, iters: 3076, time: 0.107, data: 0.001) G_GAN: 0.601 D_real: 0.260 D_fake: 0.044 G: 1.791 NCE: 1.261 NCE_Y: 1.120 
(epoch: 28, iters: 3176, time: 0.107, data: 0.002) G_GAN: 0.911 D_real: 0.061 D_fake: 0.141 G: 2.112 NCE: 1.282 NCE_Y: 1.119 
(epoch: 28, iters: 3276, time: 0.106, data: 0.001) G_GAN: 0.514 D_real: 0.096 D_fake: 0.125 G: 1.730 NCE: 1.330 NCE_Y: 1.102 
(epoch: 28, iters: 3376, time: 0.107, data: 0.001) G_GAN: 0.448 D_real: 0.131 D_fake: 0.219 G: 1.635 NCE: 1.257 NCE_Y: 1.117 
(epoch: 28, iters: 3476, time: 0.107, data: 0.001) G_GAN: 0.507 D_real: 0.082 D_fake: 0.177 G: 1.710 NCE: 1.297 NCE_Y: 1.108 
(epoch: 28, iters: 3576, time: 0.107, data: 0.002) G_GAN: 0.433 D_real: 0.087 D_fake: 0.177 G: 1.603 NCE: 1.250 NCE_Y: 1.089 
(epoch: 28, iters: 3676, time: 0.107, data: 0.001) G_GAN: 0.487 D_real: 0.185 D_fake: 0.202 G: 1.657 NCE: 1.249 NCE_Y: 1.091 
End of epoch 28 / 60 	 Time Taken: 403 sec
learning rate = 0.0002000
(epoch: 29, iters: 64, time: 0.107, data: 0.001) G_GAN: 0.655 D_real: 0.155 D_fake: 0.016 G: 1.921 NCE: 1.460 NCE_Y: 1.073 
(epoch: 29, iters: 164, time: 0.107, data: 0.001) G_GAN: 0.518 D_real: 0.339 D_fake: 0.149 G: 1.849 NCE: 1.533 NCE_Y: 1.130 
(epoch: 29, iters: 264, time: 0.107, data: 0.001) G_GAN: 0.858 D_real: 0.027 D_fake: 0.115 G: 2.073 NCE: 1.287 NCE_Y: 1.142 
(epoch: 29, iters: 364, time: 0.107, data: 0.001) G_GAN: 0.303 D_real: 0.083 D_fake: 0.391 G: 1.477 NCE: 1.222 NCE_Y: 1.126 
(epoch: 29, iters: 464, time: 0.107, data: 0.001) G_GAN: 0.537 D_real: 0.253 D_fake: 0.134 G: 1.730 NCE: 1.268 NCE_Y: 1.119 
(epoch: 29, iters: 564, time: 0.107, data: 0.002) G_GAN: 0.289 D_real: 0.279 D_fake: 0.227 G: 1.487 NCE: 1.299 NCE_Y: 1.097 
(epoch: 29, iters: 664, time: 0.107, data: 0.001) G_GAN: 0.332 D_real: 0.149 D_fake: 0.349 G: 1.495 NCE: 1.203 NCE_Y: 1.124 
(epoch: 29, iters: 764, time: 0.107, data: 0.001) G_GAN: 0.404 D_real: 0.123 D_fake: 0.199 G: 1.663 NCE: 1.319 NCE_Y: 1.198 
(epoch: 29, iters: 864, time: 0.107, data: 0.001) G_GAN: 0.925 D_real: 0.039 D_fake: 0.062 G: 2.130 NCE: 1.286 NCE_Y: 1.123 
(epoch: 29, iters: 964, time: 0.107, data: 0.001) G_GAN: 0.565 D_real: 0.115 D_fake: 0.206 G: 1.797 NCE: 1.331 NCE_Y: 1.133 
(epoch: 29, iters: 1064, time: 0.107, data: 0.001) G_GAN: 0.443 D_real: 0.108 D_fake: 0.255 G: 1.641 NCE: 1.308 NCE_Y: 1.087 
saving the latest model (epoch 29, total_iters 105000)
doctr_SD_to_SELFF_nl2
(epoch: 29, iters: 1164, time: 0.107, data: 0.001) G_GAN: 1.198 D_real: 0.041 D_fake: 0.049 G: 2.368 NCE: 1.267 NCE_Y: 1.074 
(epoch: 29, iters: 1264, time: 0.107, data: 0.006) G_GAN: 0.656 D_real: 0.461 D_fake: 0.060 G: 1.852 NCE: 1.283 NCE_Y: 1.109 
(epoch: 29, iters: 1364, time: 0.107, data: 0.001) G_GAN: 0.544 D_real: 0.152 D_fake: 0.153 G: 1.704 NCE: 1.259 NCE_Y: 1.062 
(epoch: 29, iters: 1464, time: 0.107, data: 0.001) G_GAN: 0.336 D_real: 0.422 D_fake: 0.152 G: 1.522 NCE: 1.252 NCE_Y: 1.119 
(epoch: 29, iters: 1564, time: 0.107, data: 0.002) G_GAN: 0.482 D_real: 0.134 D_fake: 0.198 G: 1.677 NCE: 1.302 NCE_Y: 1.089 
(epoch: 29, iters: 1664, time: 0.107, data: 0.002) G_GAN: 0.443 D_real: 0.128 D_fake: 0.237 G: 1.631 NCE: 1.257 NCE_Y: 1.120 
(epoch: 29, iters: 1764, time: 0.107, data: 0.001) G_GAN: 0.535 D_real: 0.317 D_fake: 0.077 G: 1.753 NCE: 1.359 NCE_Y: 1.078 
(epoch: 29, iters: 1864, time: 0.106, data: 0.001) G_GAN: 0.814 D_real: 0.131 D_fake: 0.047 G: 2.019 NCE: 1.303 NCE_Y: 1.108 
(epoch: 29, iters: 1964, time: 0.106, data: 0.001) G_GAN: 0.233 D_real: 0.305 D_fake: 0.344 G: 1.440 NCE: 1.302 NCE_Y: 1.112 
(epoch: 29, iters: 2064, time: 0.106, data: 0.001) G_GAN: 0.897 D_real: 0.068 D_fake: 0.017 G: 2.092 NCE: 1.266 NCE_Y: 1.124 
(epoch: 29, iters: 2164, time: 0.106, data: 0.001) G_GAN: 0.238 D_real: 0.377 D_fake: 0.201 G: 1.414 NCE: 1.262 NCE_Y: 1.090 
(epoch: 29, iters: 2264, time: 0.106, data: 0.001) G_GAN: 0.349 D_real: 0.370 D_fake: 0.177 G: 1.530 NCE: 1.258 NCE_Y: 1.103 
(epoch: 29, iters: 2364, time: 0.107, data: 0.001) G_GAN: 0.537 D_real: 0.092 D_fake: 0.166 G: 1.726 NCE: 1.265 NCE_Y: 1.113 
(epoch: 29, iters: 2464, time: 0.107, data: 0.001) G_GAN: 0.446 D_real: 0.076 D_fake: 0.236 G: 1.599 NCE: 1.216 NCE_Y: 1.090 
(epoch: 29, iters: 2564, time: 0.106, data: 0.001) G_GAN: 0.915 D_real: 0.034 D_fake: 0.031 G: 2.101 NCE: 1.267 NCE_Y: 1.105 
(epoch: 29, iters: 2664, time: 0.106, data: 0.001) G_GAN: 0.394 D_real: 0.067 D_fake: 0.320 G: 1.570 NCE: 1.257 NCE_Y: 1.095 
(epoch: 29, iters: 2764, time: 0.106, data: 0.001) G_GAN: 0.249 D_real: 0.364 D_fake: 0.176 G: 1.412 NCE: 1.231 NCE_Y: 1.096 
(epoch: 29, iters: 2864, time: 0.106, data: 0.001) G_GAN: 0.275 D_real: 0.342 D_fake: 0.197 G: 1.472 NCE: 1.296 NCE_Y: 1.099 
(epoch: 29, iters: 2964, time: 0.106, data: 0.001) G_GAN: 0.315 D_real: 0.234 D_fake: 0.348 G: 1.627 NCE: 1.339 NCE_Y: 1.284 
(epoch: 29, iters: 3064, time: 0.106, data: 0.001) G_GAN: 0.374 D_real: 0.187 D_fake: 0.261 G: 1.544 NCE: 1.231 NCE_Y: 1.110 
(epoch: 29, iters: 3164, time: 0.106, data: 0.001) G_GAN: 0.357 D_real: 0.320 D_fake: 0.181 G: 1.539 NCE: 1.244 NCE_Y: 1.121 
(epoch: 29, iters: 3264, time: 0.106, data: 0.001) G_GAN: 0.597 D_real: 0.089 D_fake: 0.094 G: 1.786 NCE: 1.271 NCE_Y: 1.107 
(epoch: 29, iters: 3364, time: 0.106, data: 0.001) G_GAN: 1.094 D_real: 0.094 D_fake: 0.067 G: 2.295 NCE: 1.289 NCE_Y: 1.112 
(epoch: 29, iters: 3464, time: 0.107, data: 0.001) G_GAN: 0.344 D_real: 0.292 D_fake: 0.211 G: 1.502 NCE: 1.200 NCE_Y: 1.117 
(epoch: 29, iters: 3564, time: 0.107, data: 0.001) G_GAN: 0.203 D_real: 0.259 D_fake: 0.338 G: 1.377 NCE: 1.252 NCE_Y: 1.098 
(epoch: 29, iters: 3664, time: 0.107, data: 0.001) G_GAN: 0.428 D_real: 0.346 D_fake: 0.145 G: 1.612 NCE: 1.289 NCE_Y: 1.080 
End of epoch 29 / 60 	 Time Taken: 403 sec
learning rate = 0.0002000
(epoch: 30, iters: 52, time: 0.107, data: 0.001) G_GAN: 0.335 D_real: 0.138 D_fake: 0.314 G: 1.537 NCE: 1.284 NCE_Y: 1.119 
(epoch: 30, iters: 152, time: 0.107, data: 0.001) G_GAN: 0.858 D_real: 0.080 D_fake: 0.038 G: 2.069 NCE: 1.302 NCE_Y: 1.120 
(epoch: 30, iters: 252, time: 0.107, data: 0.001) G_GAN: 0.962 D_real: 0.047 D_fake: 0.049 G: 2.187 NCE: 1.326 NCE_Y: 1.125 
(epoch: 30, iters: 352, time: 0.107, data: 0.001) G_GAN: 0.291 D_real: 0.225 D_fake: 0.209 G: 1.454 NCE: 1.222 NCE_Y: 1.105 
(epoch: 30, iters: 452, time: 0.107, data: 0.001) G_GAN: 0.452 D_real: 0.300 D_fake: 0.152 G: 1.625 NCE: 1.215 NCE_Y: 1.131 
(epoch: 30, iters: 552, time: 0.107, data: 0.001) G_GAN: 0.295 D_real: 0.309 D_fake: 0.222 G: 1.464 NCE: 1.228 NCE_Y: 1.112 
(epoch: 30, iters: 652, time: 0.107, data: 0.002) G_GAN: 0.953 D_real: 0.049 D_fake: 0.028 G: 2.199 NCE: 1.389 NCE_Y: 1.102 
(epoch: 30, iters: 752, time: 0.106, data: 0.001) G_GAN: 0.312 D_real: 0.243 D_fake: 0.164 G: 1.504 NCE: 1.295 NCE_Y: 1.091 
(epoch: 30, iters: 852, time: 0.106, data: 0.001) G_GAN: 0.319 D_real: 0.295 D_fake: 0.270 G: 1.501 NCE: 1.252 NCE_Y: 1.111 
(epoch: 30, iters: 952, time: 0.107, data: 0.001) G_GAN: 0.898 D_real: 0.024 D_fake: 0.102 G: 2.090 NCE: 1.292 NCE_Y: 1.091 
(epoch: 30, iters: 1052, time: 0.107, data: 0.001) G_GAN: 0.382 D_real: 0.201 D_fake: 0.180 G: 1.578 NCE: 1.276 NCE_Y: 1.115 
(epoch: 30, iters: 1152, time: 0.107, data: 0.001) G_GAN: 0.374 D_real: 0.335 D_fake: 0.169 G: 1.573 NCE: 1.303 NCE_Y: 1.097 
(epoch: 30, iters: 1252, time: 0.107, data: 0.001) G_GAN: 0.302 D_real: 0.281 D_fake: 0.162 G: 1.482 NCE: 1.249 NCE_Y: 1.110 
(epoch: 30, iters: 1352, time: 0.107, data: 0.001) G_GAN: 0.336 D_real: 0.275 D_fake: 0.210 G: 1.560 NCE: 1.330 NCE_Y: 1.117 
(epoch: 30, iters: 1452, time: 0.107, data: 0.001) G_GAN: 0.717 D_real: 0.076 D_fake: 0.045 G: 1.952 NCE: 1.369 NCE_Y: 1.101 
(epoch: 30, iters: 1552, time: 0.107, data: 0.001) G_GAN: 0.537 D_real: 0.144 D_fake: 0.102 G: 1.713 NCE: 1.266 NCE_Y: 1.087 
(epoch: 30, iters: 1652, time: 0.107, data: 0.001) G_GAN: 0.555 D_real: 0.139 D_fake: 0.187 G: 1.756 NCE: 1.281 NCE_Y: 1.122 
(epoch: 30, iters: 1752, time: 0.107, data: 0.001) G_GAN: 0.321 D_real: 0.313 D_fake: 0.187 G: 1.501 NCE: 1.251 NCE_Y: 1.109 
(epoch: 30, iters: 1852, time: 0.107, data: 0.002) G_GAN: 0.322 D_real: 0.319 D_fake: 0.216 G: 1.494 NCE: 1.237 NCE_Y: 1.107 
(epoch: 30, iters: 1952, time: 0.107, data: 0.002) G_GAN: 0.325 D_real: 0.238 D_fake: 0.234 G: 1.491 NCE: 1.219 NCE_Y: 1.113 
(epoch: 30, iters: 2052, time: 0.107, data: 0.002) G_GAN: 0.645 D_real: 0.380 D_fake: 0.068 G: 1.853 NCE: 1.302 NCE_Y: 1.113 
(epoch: 30, iters: 2152, time: 0.107, data: 0.002) G_GAN: 0.413 D_real: 0.307 D_fake: 0.130 G: 1.594 NCE: 1.261 NCE_Y: 1.100 
(epoch: 30, iters: 2252, time: 0.107, data: 0.001) G_GAN: 0.404 D_real: 0.232 D_fake: 0.167 G: 1.598 NCE: 1.263 NCE_Y: 1.124 
(epoch: 30, iters: 2352, time: 0.106, data: 0.001) G_GAN: 0.616 D_real: 0.033 D_fake: 0.242 G: 1.840 NCE: 1.318 NCE_Y: 1.129 
saving the latest model (epoch 30, total_iters 110000)
doctr_SD_to_SELFF_nl2
(epoch: 30, iters: 2452, time: 0.106, data: 0.001) G_GAN: 0.466 D_real: 0.109 D_fake: 0.106 G: 1.670 NCE: 1.302 NCE_Y: 1.105 
(epoch: 30, iters: 2552, time: 0.106, data: 0.001) G_GAN: 1.235 D_real: 0.047 D_fake: 0.180 G: 2.445 NCE: 1.298 NCE_Y: 1.123 
(epoch: 30, iters: 2652, time: 0.106, data: 0.001) G_GAN: 0.312 D_real: 0.283 D_fake: 0.269 G: 1.466 NCE: 1.220 NCE_Y: 1.089 
(epoch: 30, iters: 2752, time: 0.106, data: 0.002) G_GAN: 0.400 D_real: 0.209 D_fake: 0.143 G: 1.614 NCE: 1.322 NCE_Y: 1.108 
(epoch: 30, iters: 2852, time: 0.106, data: 0.001) G_GAN: 1.040 D_real: 0.051 D_fake: 0.081 G: 2.257 NCE: 1.340 NCE_Y: 1.093 
(epoch: 30, iters: 2952, time: 0.106, data: 0.001) G_GAN: 0.334 D_real: 0.387 D_fake: 0.191 G: 1.625 NCE: 1.495 NCE_Y: 1.086 
(epoch: 30, iters: 3052, time: 0.107, data: 0.001) G_GAN: 1.158 D_real: 0.033 D_fake: 0.064 G: 2.389 NCE: 1.382 NCE_Y: 1.081 
(epoch: 30, iters: 3152, time: 0.107, data: 0.001) G_GAN: 0.785 D_real: 0.049 D_fake: 0.120 G: 2.052 NCE: 1.437 NCE_Y: 1.096 
(epoch: 30, iters: 3252, time: 0.107, data: 0.001) G_GAN: 0.480 D_real: 0.214 D_fake: 0.184 G: 1.714 NCE: 1.420 NCE_Y: 1.049 
(epoch: 30, iters: 3352, time: 0.106, data: 0.001) G_GAN: 0.698 D_real: 0.093 D_fake: 0.088 G: 1.867 NCE: 1.260 NCE_Y: 1.077 
(epoch: 30, iters: 3452, time: 0.107, data: 0.001) G_GAN: 0.339 D_real: 0.220 D_fake: 0.211 G: 1.507 NCE: 1.239 NCE_Y: 1.097 
(epoch: 30, iters: 3552, time: 0.106, data: 0.001) G_GAN: 0.680 D_real: 0.078 D_fake: 0.101 G: 1.852 NCE: 1.263 NCE_Y: 1.080 
(epoch: 30, iters: 3652, time: 0.106, data: 0.001) G_GAN: 0.811 D_real: 0.025 D_fake: 0.200 G: 2.001 NCE: 1.284 NCE_Y: 1.096 
saving the model at the end of epoch 30, iters 111360
End of epoch 30 / 60 	 Time Taken: 404 sec
learning rate = 0.0001935
(epoch: 31, iters: 40, time: 0.106, data: 0.001) G_GAN: 0.515 D_real: 0.042 D_fake: 0.262 G: 1.784 NCE: 1.445 NCE_Y: 1.093 
(epoch: 31, iters: 140, time: 0.106, data: 0.001) G_GAN: 0.789 D_real: 0.128 D_fake: 0.060 G: 1.980 NCE: 1.327 NCE_Y: 1.055 
(epoch: 31, iters: 240, time: 0.106, data: 0.001) G_GAN: 0.777 D_real: 0.065 D_fake: 0.099 G: 1.938 NCE: 1.230 NCE_Y: 1.091 
(epoch: 31, iters: 340, time: 0.106, data: 0.001) G_GAN: 0.495 D_real: 0.029 D_fake: 0.222 G: 1.691 NCE: 1.278 NCE_Y: 1.114 
(epoch: 31, iters: 440, time: 0.106, data: 0.001) G_GAN: 0.666 D_real: 0.024 D_fake: 0.174 G: 2.083 NCE: 1.771 NCE_Y: 1.065 
(epoch: 31, iters: 540, time: 0.106, data: 0.001) G_GAN: 0.916 D_real: 0.155 D_fake: 0.063 G: 2.130 NCE: 1.313 NCE_Y: 1.116 
(epoch: 31, iters: 640, time: 0.106, data: 0.001) G_GAN: 0.718 D_real: 0.121 D_fake: 0.136 G: 2.044 NCE: 1.535 NCE_Y: 1.119 
(epoch: 31, iters: 740, time: 0.106, data: 0.001) G_GAN: 0.423 D_real: 0.127 D_fake: 0.155 G: 1.577 NCE: 1.219 NCE_Y: 1.089 
(epoch: 31, iters: 840, time: 0.107, data: 0.002) G_GAN: 0.422 D_real: 0.208 D_fake: 0.116 G: 1.595 NCE: 1.277 NCE_Y: 1.069 
(epoch: 31, iters: 940, time: 0.107, data: 0.002) G_GAN: 0.432 D_real: 0.079 D_fake: 0.214 G: 1.628 NCE: 1.270 NCE_Y: 1.122 
(epoch: 31, iters: 1040, time: 0.107, data: 0.001) G_GAN: 0.365 D_real: 0.332 D_fake: 0.127 G: 1.545 NCE: 1.254 NCE_Y: 1.107 
(epoch: 31, iters: 1140, time: 0.107, data: 0.001) G_GAN: 0.543 D_real: 0.115 D_fake: 0.094 G: 1.683 NCE: 1.201 NCE_Y: 1.079 
(epoch: 31, iters: 1240, time: 0.108, data: 0.002) G_GAN: 0.218 D_real: 0.186 D_fake: 0.477 G: 1.407 NCE: 1.287 NCE_Y: 1.091 
(epoch: 31, iters: 1340, time: 0.108, data: 0.001) G_GAN: 1.149 D_real: 0.097 D_fake: 0.125 G: 2.320 NCE: 1.230 NCE_Y: 1.112 
(epoch: 31, iters: 1440, time: 0.108, data: 0.001) G_GAN: 0.451 D_real: 0.202 D_fake: 0.182 G: 1.647 NCE: 1.282 NCE_Y: 1.110 
(epoch: 31, iters: 1540, time: 0.108, data: 0.002) G_GAN: 0.798 D_real: 0.027 D_fake: 0.153 G: 2.013 NCE: 1.286 NCE_Y: 1.143 
(epoch: 31, iters: 1640, time: 0.107, data: 0.001) G_GAN: 0.574 D_real: 0.032 D_fake: 0.136 G: 1.760 NCE: 1.240 NCE_Y: 1.131 
(epoch: 31, iters: 1740, time: 0.107, data: 0.001) G_GAN: 0.336 D_real: 0.469 D_fake: 0.148 G: 1.586 NCE: 1.384 NCE_Y: 1.116 
(epoch: 31, iters: 1840, time: 0.107, data: 0.001) G_GAN: 0.513 D_real: 0.098 D_fake: 0.379 G: 1.726 NCE: 1.272 NCE_Y: 1.155 
(epoch: 31, iters: 1940, time: 0.107, data: 0.002) G_GAN: 0.344 D_real: 0.120 D_fake: 0.245 G: 1.521 NCE: 1.269 NCE_Y: 1.086 
(epoch: 31, iters: 2040, time: 0.107, data: 0.001) G_GAN: 0.598 D_real: 0.052 D_fake: 0.193 G: 1.753 NCE: 1.215 NCE_Y: 1.094 
(epoch: 31, iters: 2140, time: 0.107, data: 0.001) G_GAN: 0.603 D_real: 0.223 D_fake: 0.080 G: 1.785 NCE: 1.238 NCE_Y: 1.126 
(epoch: 31, iters: 2240, time: 0.107, data: 0.001) G_GAN: 0.290 D_real: 0.236 D_fake: 0.294 G: 1.463 NCE: 1.253 NCE_Y: 1.092 
(epoch: 31, iters: 2340, time: 0.107, data: 0.001) G_GAN: 0.319 D_real: 0.315 D_fake: 0.233 G: 1.496 NCE: 1.269 NCE_Y: 1.085 
(epoch: 31, iters: 2440, time: 0.107, data: 0.001) G_GAN: 0.776 D_real: 0.034 D_fake: 0.026 G: 1.939 NCE: 1.216 NCE_Y: 1.109 
(epoch: 31, iters: 2540, time: 0.107, data: 0.001) G_GAN: 0.573 D_real: 0.337 D_fake: 0.054 G: 1.777 NCE: 1.289 NCE_Y: 1.121 
(epoch: 31, iters: 2640, time: 0.107, data: 0.001) G_GAN: 0.604 D_real: 0.134 D_fake: 0.260 G: 1.798 NCE: 1.288 NCE_Y: 1.100 
(epoch: 31, iters: 2740, time: 0.107, data: 0.001) G_GAN: 0.663 D_real: 0.032 D_fake: 0.096 G: 1.834 NCE: 1.247 NCE_Y: 1.094 
(epoch: 31, iters: 2840, time: 0.106, data: 0.001) G_GAN: 0.383 D_real: 0.154 D_fake: 0.179 G: 1.542 NCE: 1.231 NCE_Y: 1.085 
(epoch: 31, iters: 2940, time: 0.106, data: 0.001) G_GAN: 0.955 D_real: 0.017 D_fake: 0.069 G: 2.117 NCE: 1.244 NCE_Y: 1.081 
(epoch: 31, iters: 3040, time: 0.106, data: 0.002) G_GAN: 0.708 D_real: 0.025 D_fake: 0.201 G: 1.910 NCE: 1.284 NCE_Y: 1.120 
(epoch: 31, iters: 3140, time: 0.106, data: 0.001) G_GAN: 0.415 D_real: 0.170 D_fake: 0.159 G: 1.588 NCE: 1.248 NCE_Y: 1.098 
(epoch: 31, iters: 3240, time: 0.107, data: 0.001) G_GAN: 0.349 D_real: 0.139 D_fake: 0.252 G: 1.539 NCE: 1.278 NCE_Y: 1.104 
(epoch: 31, iters: 3340, time: 0.106, data: 0.001) G_GAN: 0.846 D_real: 0.046 D_fake: 0.136 G: 2.032 NCE: 1.262 NCE_Y: 1.109 
(epoch: 31, iters: 3440, time: 0.106, data: 0.001) G_GAN: 0.402 D_real: 0.182 D_fake: 0.272 G: 1.721 NCE: 1.383 NCE_Y: 1.254 
(epoch: 31, iters: 3540, time: 0.106, data: 0.001) G_GAN: 0.751 D_real: 0.076 D_fake: 0.011 G: 2.019 NCE: 1.361 NCE_Y: 1.176 
(epoch: 31, iters: 3640, time: 0.106, data: 0.001) G_GAN: 0.375 D_real: 0.109 D_fake: 0.245 G: 1.564 NCE: 1.277 NCE_Y: 1.102 
saving the latest model (epoch 31, total_iters 115000)
doctr_SD_to_SELFF_nl2
End of epoch 31 / 60 	 Time Taken: 404 sec
learning rate = 0.0001871
(epoch: 32, iters: 28, time: 0.106, data: 0.001) G_GAN: 0.499 D_real: 0.040 D_fake: 0.188 G: 1.795 NCE: 1.439 NCE_Y: 1.152 
(epoch: 32, iters: 128, time: 0.107, data: 0.001) G_GAN: 0.401 D_real: 0.127 D_fake: 0.189 G: 1.628 NCE: 1.349 NCE_Y: 1.107 
(epoch: 32, iters: 228, time: 0.107, data: 0.001) G_GAN: 0.670 D_real: 0.060 D_fake: 0.167 G: 1.872 NCE: 1.279 NCE_Y: 1.125 
(epoch: 32, iters: 328, time: 0.107, data: 0.002) G_GAN: 0.339 D_real: 0.213 D_fake: 0.220 G: 1.557 NCE: 1.299 NCE_Y: 1.137 
(epoch: 32, iters: 428, time: 0.107, data: 0.001) G_GAN: 0.601 D_real: 0.024 D_fake: 0.322 G: 1.779 NCE: 1.264 NCE_Y: 1.091 
(epoch: 32, iters: 528, time: 0.107, data: 0.002) G_GAN: 0.238 D_real: 0.319 D_fake: 0.288 G: 1.412 NCE: 1.241 NCE_Y: 1.107 
(epoch: 32, iters: 628, time: 0.107, data: 0.001) G_GAN: 1.573 D_real: 0.068 D_fake: 0.338 G: 2.878 NCE: 1.479 NCE_Y: 1.131 
(epoch: 32, iters: 728, time: 0.107, data: 0.001) G_GAN: 0.588 D_real: 0.078 D_fake: 0.227 G: 1.771 NCE: 1.262 NCE_Y: 1.104 
(epoch: 32, iters: 828, time: 0.107, data: 0.001) G_GAN: 0.352 D_real: 0.266 D_fake: 0.169 G: 1.586 NCE: 1.361 NCE_Y: 1.108 
(epoch: 32, iters: 928, time: 0.107, data: 0.001) G_GAN: 0.976 D_real: 0.099 D_fake: 0.052 G: 2.197 NCE: 1.320 NCE_Y: 1.122 
(epoch: 32, iters: 1028, time: 0.107, data: 0.001) G_GAN: 0.355 D_real: 0.237 D_fake: 0.383 G: 1.549 NCE: 1.256 NCE_Y: 1.133 
(epoch: 32, iters: 1128, time: 0.107, data: 0.001) G_GAN: 0.422 D_real: 0.512 D_fake: 0.070 G: 1.593 NCE: 1.261 NCE_Y: 1.081 
(epoch: 32, iters: 1228, time: 0.107, data: 0.001) G_GAN: 0.373 D_real: 0.324 D_fake: 0.123 G: 1.615 NCE: 1.376 NCE_Y: 1.110 
(epoch: 32, iters: 1328, time: 0.107, data: 0.002) G_GAN: 0.646 D_real: 0.044 D_fake: 0.093 G: 1.830 NCE: 1.249 NCE_Y: 1.117 
(epoch: 32, iters: 1428, time: 0.107, data: 0.001) G_GAN: 0.292 D_real: 0.433 D_fake: 0.427 G: 1.466 NCE: 1.272 NCE_Y: 1.077 
(epoch: 32, iters: 1528, time: 0.107, data: 0.001) G_GAN: 0.779 D_real: 0.035 D_fake: 0.155 G: 2.081 NCE: 1.459 NCE_Y: 1.143 
(epoch: 32, iters: 1628, time: 0.107, data: 0.001) G_GAN: 0.818 D_real: 0.110 D_fake: 0.073 G: 2.021 NCE: 1.293 NCE_Y: 1.112 
(epoch: 32, iters: 1728, time: 0.107, data: 0.001) G_GAN: 0.411 D_real: 0.472 D_fake: 0.149 G: 1.608 NCE: 1.276 NCE_Y: 1.117 
(epoch: 32, iters: 1828, time: 0.108, data: 0.001) G_GAN: 0.324 D_real: 0.281 D_fake: 0.200 G: 1.511 NCE: 1.263 NCE_Y: 1.110 
(epoch: 32, iters: 1928, time: 0.108, data: 0.001) G_GAN: 0.404 D_real: 0.422 D_fake: 0.145 G: 1.620 NCE: 1.329 NCE_Y: 1.104 
(epoch: 32, iters: 2028, time: 0.107, data: 0.001) G_GAN: 0.358 D_real: 0.236 D_fake: 0.154 G: 1.526 NCE: 1.234 NCE_Y: 1.102 
(epoch: 32, iters: 2128, time: 0.107, data: 0.001) G_GAN: 0.971 D_real: 0.165 D_fake: 0.049 G: 2.181 NCE: 1.289 NCE_Y: 1.131 
(epoch: 32, iters: 2228, time: 0.107, data: 0.001) G_GAN: 0.885 D_real: 0.057 D_fake: 0.040 G: 2.083 NCE: 1.290 NCE_Y: 1.106 
(epoch: 32, iters: 2328, time: 0.107, data: 0.001) G_GAN: 0.350 D_real: 0.329 D_fake: 0.141 G: 1.533 NCE: 1.283 NCE_Y: 1.082 
(epoch: 32, iters: 2428, time: 0.107, data: 0.001) G_GAN: 0.750 D_real: 0.135 D_fake: 0.052 G: 1.961 NCE: 1.296 NCE_Y: 1.125 
(epoch: 32, iters: 2528, time: 0.107, data: 0.001) G_GAN: 0.237 D_real: 0.190 D_fake: 0.355 G: 1.426 NCE: 1.284 NCE_Y: 1.094 
(epoch: 32, iters: 2628, time: 0.107, data: 0.001) G_GAN: 0.366 D_real: 0.227 D_fake: 0.180 G: 1.542 NCE: 1.232 NCE_Y: 1.119 
(epoch: 32, iters: 2728, time: 0.107, data: 0.001) G_GAN: 0.958 D_real: 0.035 D_fake: 0.081 G: 2.234 NCE: 1.463 NCE_Y: 1.090 
(epoch: 32, iters: 2828, time: 0.107, data: 0.001) G_GAN: 0.365 D_real: 0.216 D_fake: 0.192 G: 1.536 NCE: 1.212 NCE_Y: 1.131 
(epoch: 32, iters: 2928, time: 0.107, data: 0.001) G_GAN: 0.723 D_real: 0.020 D_fake: 0.146 G: 2.053 NCE: 1.465 NCE_Y: 1.194 
(epoch: 32, iters: 3028, time: 0.107, data: 0.001) G_GAN: 1.179 D_real: 0.044 D_fake: 0.025 G: 2.371 NCE: 1.245 NCE_Y: 1.137 
(epoch: 32, iters: 3128, time: 0.106, data: 0.001) G_GAN: 0.403 D_real: 0.161 D_fake: 0.125 G: 1.609 NCE: 1.337 NCE_Y: 1.074 
(epoch: 32, iters: 3228, time: 0.107, data: 0.001) G_GAN: 0.443 D_real: 0.346 D_fake: 0.166 G: 1.628 NCE: 1.257 NCE_Y: 1.114 
(epoch: 32, iters: 3328, time: 0.106, data: 0.001) G_GAN: 0.345 D_real: 0.355 D_fake: 0.193 G: 1.565 NCE: 1.311 NCE_Y: 1.129 
(epoch: 32, iters: 3428, time: 0.107, data: 0.001) G_GAN: 0.210 D_real: 0.247 D_fake: 0.397 G: 1.399 NCE: 1.273 NCE_Y: 1.104 
(epoch: 32, iters: 3528, time: 0.106, data: 0.001) G_GAN: 0.519 D_real: 0.025 D_fake: 0.282 G: 1.685 NCE: 1.257 NCE_Y: 1.075 
(epoch: 32, iters: 3628, time: 0.107, data: 0.001) G_GAN: 0.361 D_real: 0.155 D_fake: 0.172 G: 1.522 NCE: 1.225 NCE_Y: 1.098 
End of epoch 32 / 60 	 Time Taken: 405 sec
learning rate = 0.0001806
(epoch: 33, iters: 16, time: 0.107, data: 0.001) G_GAN: 0.424 D_real: 0.225 D_fake: 0.224 G: 1.602 NCE: 1.259 NCE_Y: 1.098 
(epoch: 33, iters: 116, time: 0.107, data: 0.001) G_GAN: 0.345 D_real: 0.222 D_fake: 0.199 G: 1.556 NCE: 1.313 NCE_Y: 1.108 
(epoch: 33, iters: 216, time: 0.107, data: 0.001) G_GAN: 0.870 D_real: 0.012 D_fake: 0.076 G: 2.113 NCE: 1.360 NCE_Y: 1.127 
(epoch: 33, iters: 316, time: 0.107, data: 0.001) G_GAN: 0.879 D_real: 0.011 D_fake: 0.058 G: 2.127 NCE: 1.377 NCE_Y: 1.117 
(epoch: 33, iters: 416, time: 0.107, data: 0.001) G_GAN: 0.570 D_real: 0.040 D_fake: 0.242 G: 1.779 NCE: 1.302 NCE_Y: 1.117 
(epoch: 33, iters: 516, time: 0.106, data: 0.001) G_GAN: 0.376 D_real: 0.272 D_fake: 0.163 G: 1.567 NCE: 1.279 NCE_Y: 1.102 
(epoch: 33, iters: 616, time: 0.106, data: 0.001) G_GAN: 0.276 D_real: 0.284 D_fake: 0.241 G: 1.462 NCE: 1.267 NCE_Y: 1.105 
(epoch: 33, iters: 716, time: 0.107, data: 0.001) G_GAN: 0.593 D_real: 0.124 D_fake: 0.099 G: 1.769 NCE: 1.239 NCE_Y: 1.112 
(epoch: 33, iters: 816, time: 0.107, data: 0.001) G_GAN: 0.492 D_real: 0.124 D_fake: 0.210 G: 1.668 NCE: 1.244 NCE_Y: 1.109 
(epoch: 33, iters: 916, time: 0.108, data: 0.001) G_GAN: 0.593 D_real: 0.054 D_fake: 0.141 G: 1.866 NCE: 1.349 NCE_Y: 1.196 
(epoch: 33, iters: 1016, time: 0.108, data: 0.002) G_GAN: 0.797 D_real: 0.036 D_fake: 0.076 G: 2.084 NCE: 1.399 NCE_Y: 1.176 
(epoch: 33, iters: 1116, time: 0.107, data: 0.001) G_GAN: 0.702 D_real: 0.031 D_fake: 0.056 G: 1.902 NCE: 1.293 NCE_Y: 1.108 
(epoch: 33, iters: 1216, time: 0.107, data: 0.001) G_GAN: 0.541 D_real: 0.046 D_fake: 0.202 G: 1.776 NCE: 1.354 NCE_Y: 1.114 
saving the latest model (epoch 33, total_iters 120000)
doctr_SD_to_SELFF_nl2
(epoch: 33, iters: 1316, time: 0.107, data: 0.001) G_GAN: 0.311 D_real: 0.194 D_fake: 0.236 G: 1.514 NCE: 1.283 NCE_Y: 1.121 
(epoch: 33, iters: 1416, time: 0.106, data: 0.001) G_GAN: 0.308 D_real: 0.241 D_fake: 0.347 G: 1.507 NCE: 1.275 NCE_Y: 1.124 
(epoch: 33, iters: 1516, time: 0.106, data: 0.001) G_GAN: 0.777 D_real: 0.040 D_fake: 0.085 G: 1.974 NCE: 1.270 NCE_Y: 1.125 
(epoch: 33, iters: 1616, time: 0.107, data: 0.001) G_GAN: 0.362 D_real: 0.278 D_fake: 0.150 G: 1.548 NCE: 1.242 NCE_Y: 1.129 
(epoch: 33, iters: 1716, time: 0.107, data: 0.001) G_GAN: 0.277 D_real: 0.237 D_fake: 0.306 G: 1.516 NCE: 1.364 NCE_Y: 1.114 
(epoch: 33, iters: 1816, time: 0.107, data: 0.001) G_GAN: 0.862 D_real: 0.023 D_fake: 0.136 G: 2.084 NCE: 1.307 NCE_Y: 1.138 
(epoch: 33, iters: 1916, time: 0.107, data: 0.002) G_GAN: 0.287 D_real: 0.368 D_fake: 0.262 G: 1.492 NCE: 1.280 NCE_Y: 1.131 
(epoch: 33, iters: 2016, time: 0.107, data: 0.001) G_GAN: 0.352 D_real: 0.248 D_fake: 0.205 G: 1.598 NCE: 1.384 NCE_Y: 1.108 
(epoch: 33, iters: 2116, time: 0.107, data: 0.001) G_GAN: 1.147 D_real: 0.017 D_fake: 0.035 G: 2.369 NCE: 1.279 NCE_Y: 1.164 
(epoch: 33, iters: 2216, time: 0.107, data: 0.001) G_GAN: 0.600 D_real: 0.262 D_fake: 0.152 G: 1.831 NCE: 1.294 NCE_Y: 1.169 
(epoch: 33, iters: 2316, time: 0.108, data: 0.001) G_GAN: 0.307 D_real: 0.301 D_fake: 0.236 G: 1.518 NCE: 1.296 NCE_Y: 1.124 
(epoch: 33, iters: 2416, time: 0.107, data: 0.001) G_GAN: 0.981 D_real: 0.018 D_fake: 0.023 G: 2.331 NCE: 1.232 NCE_Y: 1.468 
(epoch: 33, iters: 2516, time: 0.107, data: 0.001) G_GAN: 0.319 D_real: 0.277 D_fake: 0.257 G: 1.558 NCE: 1.362 NCE_Y: 1.115 
(epoch: 33, iters: 2616, time: 0.107, data: 0.001) G_GAN: 0.507 D_real: 0.175 D_fake: 0.202 G: 1.678 NCE: 1.228 NCE_Y: 1.113 
(epoch: 33, iters: 2716, time: 0.107, data: 0.001) G_GAN: 0.552 D_real: 0.165 D_fake: 0.080 G: 1.759 NCE: 1.261 NCE_Y: 1.152 
(epoch: 33, iters: 2816, time: 0.106, data: 0.001) G_GAN: 0.296 D_real: 0.230 D_fake: 0.227 G: 1.651 NCE: 1.602 NCE_Y: 1.108 
(epoch: 33, iters: 2916, time: 0.106, data: 0.001) G_GAN: 0.991 D_real: 0.026 D_fake: 0.016 G: 2.219 NCE: 1.289 NCE_Y: 1.166 
(epoch: 33, iters: 3016, time: 0.106, data: 0.001) G_GAN: 0.324 D_real: 0.311 D_fake: 0.164 G: 1.537 NCE: 1.295 NCE_Y: 1.131 
(epoch: 33, iters: 3116, time: 0.107, data: 0.001) G_GAN: 0.290 D_real: 0.338 D_fake: 0.177 G: 1.496 NCE: 1.305 NCE_Y: 1.108 
(epoch: 33, iters: 3216, time: 0.107, data: 0.001) G_GAN: 0.808 D_real: 0.036 D_fake: 0.079 G: 2.065 NCE: 1.356 NCE_Y: 1.158 
(epoch: 33, iters: 3316, time: 0.106, data: 0.001) G_GAN: 0.457 D_real: 0.166 D_fake: 0.131 G: 1.641 NCE: 1.273 NCE_Y: 1.096 
(epoch: 33, iters: 3416, time: 0.106, data: 0.001) G_GAN: 0.671 D_real: 0.453 D_fake: 0.070 G: 1.936 NCE: 1.405 NCE_Y: 1.127 
(epoch: 33, iters: 3516, time: 0.106, data: 0.001) G_GAN: 0.944 D_real: 0.069 D_fake: 0.069 G: 2.208 NCE: 1.452 NCE_Y: 1.076 
(epoch: 33, iters: 3616, time: 0.106, data: 0.001) G_GAN: 0.720 D_real: 0.050 D_fake: 0.192 G: 1.918 NCE: 1.287 NCE_Y: 1.110 
End of epoch 33 / 60 	 Time Taken: 404 sec
learning rate = 0.0001742
(epoch: 34, iters: 4, time: 0.106, data: 0.001) G_GAN: 0.871 D_real: 0.083 D_fake: 0.095 G: 2.055 NCE: 1.268 NCE_Y: 1.100 
(epoch: 34, iters: 104, time: 0.106, data: 0.002) G_GAN: 0.852 D_real: 0.210 D_fake: 0.073 G: 2.101 NCE: 1.387 NCE_Y: 1.111 
(epoch: 34, iters: 204, time: 0.107, data: 0.001) G_GAN: 0.595 D_real: 0.089 D_fake: 0.311 G: 1.820 NCE: 1.321 NCE_Y: 1.129 
(epoch: 34, iters: 304, time: 0.106, data: 0.001) G_GAN: 0.351 D_real: 0.117 D_fake: 0.211 G: 1.573 NCE: 1.320 NCE_Y: 1.124 
(epoch: 34, iters: 404, time: 0.106, data: 0.001) G_GAN: 0.508 D_real: 0.170 D_fake: 0.114 G: 1.688 NCE: 1.252 NCE_Y: 1.107 
(epoch: 34, iters: 504, time: 0.106, data: 0.001) G_GAN: 0.705 D_real: 0.172 D_fake: 0.081 G: 1.961 NCE: 1.387 NCE_Y: 1.127 
(epoch: 34, iters: 604, time: 0.107, data: 0.001) G_GAN: 0.669 D_real: 0.063 D_fake: 0.120 G: 1.885 NCE: 1.284 NCE_Y: 1.149 
(epoch: 34, iters: 704, time: 0.107, data: 0.002) G_GAN: 0.279 D_real: 0.217 D_fake: 0.316 G: 1.537 NCE: 1.373 NCE_Y: 1.143 
(epoch: 34, iters: 804, time: 0.107, data: 0.001) G_GAN: 0.398 D_real: 0.487 D_fake: 0.190 G: 1.602 NCE: 1.299 NCE_Y: 1.109 
(epoch: 34, iters: 904, time: 0.106, data: 0.001) G_GAN: 0.788 D_real: 0.083 D_fake: 0.172 G: 1.970 NCE: 1.265 NCE_Y: 1.100 
(epoch: 34, iters: 1004, time: 0.106, data: 0.001) G_GAN: 0.821 D_real: 0.016 D_fake: 0.109 G: 2.004 NCE: 1.252 NCE_Y: 1.114 
(epoch: 34, iters: 1104, time: 0.106, data: 0.001) G_GAN: 0.325 D_real: 0.191 D_fake: 0.219 G: 1.568 NCE: 1.381 NCE_Y: 1.106 
(epoch: 34, iters: 1204, time: 0.106, data: 0.001) G_GAN: 0.323 D_real: 0.144 D_fake: 0.270 G: 1.490 NCE: 1.244 NCE_Y: 1.091 
(epoch: 34, iters: 1304, time: 0.106, data: 0.001) G_GAN: 0.526 D_real: 0.187 D_fake: 0.297 G: 1.714 NCE: 1.267 NCE_Y: 1.109 
(epoch: 34, iters: 1404, time: 0.106, data: 0.001) G_GAN: 1.236 D_real: 0.253 D_fake: 0.026 G: 2.414 NCE: 1.261 NCE_Y: 1.096 
(epoch: 34, iters: 1504, time: 0.106, data: 0.001) G_GAN: 0.877 D_real: 0.034 D_fake: 0.042 G: 2.144 NCE: 1.354 NCE_Y: 1.179 
(epoch: 34, iters: 1604, time: 0.107, data: 0.001) G_GAN: 1.045 D_real: 0.059 D_fake: 0.017 G: 2.243 NCE: 1.265 NCE_Y: 1.133 
(epoch: 34, iters: 1704, time: 0.107, data: 0.002) G_GAN: 0.880 D_real: 0.049 D_fake: 0.160 G: 2.076 NCE: 1.290 NCE_Y: 1.102 
(epoch: 34, iters: 1804, time: 0.106, data: 0.001) G_GAN: 1.131 D_real: 0.019 D_fake: 0.034 G: 2.421 NCE: 1.258 NCE_Y: 1.321 
(epoch: 34, iters: 1904, time: 0.106, data: 0.001) G_GAN: 0.892 D_real: 0.028 D_fake: 0.067 G: 2.312 NCE: 1.754 NCE_Y: 1.085 
(epoch: 34, iters: 2004, time: 0.106, data: 0.001) G_GAN: 0.937 D_real: 0.111 D_fake: 0.028 G: 2.164 NCE: 1.365 NCE_Y: 1.090 
(epoch: 34, iters: 2104, time: 0.107, data: 0.001) G_GAN: 0.300 D_real: 0.306 D_fake: 0.214 G: 1.589 NCE: 1.463 NCE_Y: 1.114 
(epoch: 34, iters: 2204, time: 0.107, data: 0.001) G_GAN: 0.744 D_real: 0.049 D_fake: 0.494 G: 1.932 NCE: 1.263 NCE_Y: 1.114 
(epoch: 34, iters: 2304, time: 0.107, data: 0.001) G_GAN: 0.812 D_real: 0.024 D_fake: 0.045 G: 1.988 NCE: 1.239 NCE_Y: 1.112 
(epoch: 34, iters: 2404, time: 0.107, data: 0.001) G_GAN: 0.566 D_real: 0.220 D_fake: 0.067 G: 1.760 NCE: 1.280 NCE_Y: 1.108 
(epoch: 34, iters: 2504, time: 0.107, data: 0.001) G_GAN: 0.587 D_real: 0.027 D_fake: 0.172 G: 1.820 NCE: 1.312 NCE_Y: 1.152 
saving the latest model (epoch 34, total_iters 125000)
doctr_SD_to_SELFF_nl2
(epoch: 34, iters: 2604, time: 0.107, data: 0.001) G_GAN: 0.394 D_real: 0.065 D_fake: 0.210 G: 1.802 NCE: 1.697 NCE_Y: 1.117 
(epoch: 34, iters: 2704, time: 0.107, data: 0.002) G_GAN: 0.388 D_real: 0.170 D_fake: 0.186 G: 1.709 NCE: 1.360 NCE_Y: 1.284 
(epoch: 34, iters: 2804, time: 0.107, data: 0.001) G_GAN: 0.353 D_real: 0.170 D_fake: 0.233 G: 1.576 NCE: 1.297 NCE_Y: 1.149 
(epoch: 34, iters: 2904, time: 0.107, data: 0.001) G_GAN: 0.374 D_real: 0.048 D_fake: 0.306 G: 1.546 NCE: 1.243 NCE_Y: 1.102 
(epoch: 34, iters: 3004, time: 0.107, data: 0.001) G_GAN: 0.599 D_real: 0.237 D_fake: 0.097 G: 1.783 NCE: 1.264 NCE_Y: 1.103 
(epoch: 34, iters: 3104, time: 0.107, data: 0.001) G_GAN: 0.385 D_real: 0.188 D_fake: 0.138 G: 1.627 NCE: 1.363 NCE_Y: 1.120 
(epoch: 34, iters: 3204, time: 0.107, data: 0.001) G_GAN: 0.352 D_real: 0.197 D_fake: 0.213 G: 1.561 NCE: 1.311 NCE_Y: 1.107 
(epoch: 34, iters: 3304, time: 0.107, data: 0.001) G_GAN: 0.293 D_real: 0.484 D_fake: 0.115 G: 1.506 NCE: 1.296 NCE_Y: 1.129 
(epoch: 34, iters: 3404, time: 0.106, data: 0.001) G_GAN: 0.636 D_real: 0.034 D_fake: 0.126 G: 1.833 NCE: 1.293 NCE_Y: 1.102 
(epoch: 34, iters: 3504, time: 0.106, data: 0.001) G_GAN: 0.377 D_real: 0.307 D_fake: 0.116 G: 1.558 NCE: 1.244 NCE_Y: 1.118 
(epoch: 34, iters: 3604, time: 0.106, data: 0.001) G_GAN: 0.307 D_real: 0.167 D_fake: 0.284 G: 1.499 NCE: 1.258 NCE_Y: 1.127 
(epoch: 34, iters: 3704, time: 0.106, data: 0.001) G_GAN: 0.557 D_real: 0.610 D_fake: 0.216 G: 1.756 NCE: 1.289 NCE_Y: 1.109 
End of epoch 34 / 60 	 Time Taken: 403 sec
learning rate = 0.0001677
(epoch: 35, iters: 92, time: 0.107, data: 0.002) G_GAN: 0.417 D_real: 0.189 D_fake: 0.157 G: 1.606 NCE: 1.267 NCE_Y: 1.109 
(epoch: 35, iters: 192, time: 0.107, data: 0.001) G_GAN: 0.435 D_real: 0.100 D_fake: 0.217 G: 1.595 NCE: 1.229 NCE_Y: 1.091 
(epoch: 35, iters: 292, time: 0.106, data: 0.002) G_GAN: 0.403 D_real: 0.064 D_fake: 0.221 G: 1.565 NCE: 1.225 NCE_Y: 1.099 
(epoch: 35, iters: 392, time: 0.107, data: 0.001) G_GAN: 0.496 D_real: 0.150 D_fake: 0.270 G: 1.706 NCE: 1.286 NCE_Y: 1.134 
(epoch: 35, iters: 492, time: 0.107, data: 0.001) G_GAN: 0.762 D_real: 0.044 D_fake: 0.117 G: 2.012 NCE: 1.369 NCE_Y: 1.130 
(epoch: 35, iters: 592, time: 0.107, data: 0.001) G_GAN: 0.411 D_real: 0.163 D_fake: 0.166 G: 1.604 NCE: 1.284 NCE_Y: 1.102 
(epoch: 35, iters: 692, time: 0.107, data: 0.001) G_GAN: 0.863 D_real: 0.040 D_fake: 0.059 G: 2.063 NCE: 1.286 NCE_Y: 1.114 
(epoch: 35, iters: 792, time: 0.107, data: 0.001) G_GAN: 0.444 D_real: 0.117 D_fake: 0.146 G: 1.622 NCE: 1.259 NCE_Y: 1.097 
(epoch: 35, iters: 892, time: 0.107, data: 0.001) G_GAN: 0.453 D_real: 0.180 D_fake: 0.112 G: 1.611 NCE: 1.224 NCE_Y: 1.094 
(epoch: 35, iters: 992, time: 0.107, data: 0.001) G_GAN: 0.527 D_real: 0.080 D_fake: 0.137 G: 1.763 NCE: 1.320 NCE_Y: 1.151 
(epoch: 35, iters: 1092, time: 0.107, data: 0.001) G_GAN: 0.392 D_real: 0.309 D_fake: 0.117 G: 1.592 NCE: 1.302 NCE_Y: 1.097 
(epoch: 35, iters: 1192, time: 0.107, data: 0.002) G_GAN: 0.489 D_real: 0.313 D_fake: 0.122 G: 1.728 NCE: 1.368 NCE_Y: 1.111 
(epoch: 35, iters: 1292, time: 0.107, data: 0.001) G_GAN: 0.466 D_real: 0.060 D_fake: 0.244 G: 1.649 NCE: 1.245 NCE_Y: 1.123 
(epoch: 35, iters: 1392, time: 0.107, data: 0.001) G_GAN: 0.372 D_real: 0.217 D_fake: 0.205 G: 1.622 NCE: 1.400 NCE_Y: 1.101 
(epoch: 35, iters: 1492, time: 0.107, data: 0.001) G_GAN: 0.472 D_real: 0.174 D_fake: 0.078 G: 1.685 NCE: 1.335 NCE_Y: 1.091 
(epoch: 35, iters: 1592, time: 0.107, data: 0.002) G_GAN: 0.614 D_real: 0.112 D_fake: 0.102 G: 1.841 NCE: 1.348 NCE_Y: 1.106 
(epoch: 35, iters: 1692, time: 0.107, data: 0.001) G_GAN: 0.314 D_real: 0.231 D_fake: 0.231 G: 1.505 NCE: 1.269 NCE_Y: 1.113 
(epoch: 35, iters: 1792, time: 0.107, data: 0.001) G_GAN: 0.455 D_real: 0.148 D_fake: 0.172 G: 1.619 NCE: 1.253 NCE_Y: 1.074 
(epoch: 35, iters: 1892, time: 0.107, data: 0.001) G_GAN: 0.423 D_real: 0.110 D_fake: 0.210 G: 1.624 NCE: 1.311 NCE_Y: 1.089 
(epoch: 35, iters: 1992, time: 0.107, data: 0.001) G_GAN: 0.424 D_real: 0.223 D_fake: 0.161 G: 1.638 NCE: 1.311 NCE_Y: 1.118 
(epoch: 35, iters: 2092, time: 0.107, data: 0.001) G_GAN: 0.476 D_real: 0.273 D_fake: 0.119 G: 1.687 NCE: 1.321 NCE_Y: 1.101 
(epoch: 35, iters: 2192, time: 0.107, data: 0.001) G_GAN: 0.468 D_real: 0.153 D_fake: 0.178 G: 1.677 NCE: 1.308 NCE_Y: 1.110 
(epoch: 35, iters: 2292, time: 0.107, data: 0.002) G_GAN: 0.667 D_real: 0.059 D_fake: 0.165 G: 1.876 NCE: 1.286 NCE_Y: 1.131 
(epoch: 35, iters: 2392, time: 0.107, data: 0.001) G_GAN: 0.427 D_real: 0.325 D_fake: 0.127 G: 1.583 NCE: 1.206 NCE_Y: 1.106 
(epoch: 35, iters: 2492, time: 0.107, data: 0.002) G_GAN: 0.705 D_real: 0.125 D_fake: 0.057 G: 1.958 NCE: 1.399 NCE_Y: 1.108 
(epoch: 35, iters: 2592, time: 0.107, data: 0.001) G_GAN: 0.401 D_real: 0.316 D_fake: 0.119 G: 1.573 NCE: 1.245 NCE_Y: 1.100 
(epoch: 35, iters: 2692, time: 0.107, data: 0.001) G_GAN: 0.691 D_real: 0.308 D_fake: 0.036 G: 1.889 NCE: 1.270 NCE_Y: 1.126 
(epoch: 35, iters: 2792, time: 0.107, data: 0.001) G_GAN: 0.448 D_real: 0.304 D_fake: 0.117 G: 1.615 NCE: 1.238 NCE_Y: 1.096 
(epoch: 35, iters: 2892, time: 0.107, data: 0.001) G_GAN: 0.295 D_real: 0.301 D_fake: 0.222 G: 1.471 NCE: 1.246 NCE_Y: 1.105 
(epoch: 35, iters: 2992, time: 0.107, data: 0.001) G_GAN: 0.379 D_real: 0.302 D_fake: 0.171 G: 1.590 NCE: 1.311 NCE_Y: 1.112 
(epoch: 35, iters: 3092, time: 0.107, data: 0.001) G_GAN: 0.840 D_real: 0.031 D_fake: 0.046 G: 2.142 NCE: 1.283 NCE_Y: 1.322 
(epoch: 35, iters: 3192, time: 0.106, data: 0.002) G_GAN: 0.456 D_real: 0.116 D_fake: 0.148 G: 1.617 NCE: 1.253 NCE_Y: 1.070 
(epoch: 35, iters: 3292, time: 0.106, data: 0.002) G_GAN: 0.448 D_real: 0.149 D_fake: 0.171 G: 1.651 NCE: 1.317 NCE_Y: 1.091 
(epoch: 35, iters: 3392, time: 0.106, data: 0.001) G_GAN: 0.195 D_real: 0.401 D_fake: 0.472 G: 1.424 NCE: 1.325 NCE_Y: 1.132 
(epoch: 35, iters: 3492, time: 0.106, data: 0.001) G_GAN: 0.536 D_real: 0.049 D_fake: 0.132 G: 1.704 NCE: 1.239 NCE_Y: 1.096 
(epoch: 35, iters: 3592, time: 0.107, data: 0.002) G_GAN: 0.712 D_real: 0.680 D_fake: 0.116 G: 1.929 NCE: 1.319 NCE_Y: 1.117 
(epoch: 35, iters: 3692, time: 0.107, data: 0.001) G_GAN: 0.395 D_real: 0.158 D_fake: 0.183 G: 1.567 NCE: 1.273 NCE_Y: 1.070 
saving the model at the end of epoch 35, iters 129920
End of epoch 35 / 60 	 Time Taken: 405 sec
learning rate = 0.0001613
(epoch: 36, iters: 80, time: 0.107, data: 0.001) G_GAN: 0.496 D_real: 0.191 D_fake: 0.155 G: 1.762 NCE: 1.434 NCE_Y: 1.098 
saving the latest model (epoch 36, total_iters 130000)
doctr_SD_to_SELFF_nl2
(epoch: 36, iters: 180, time: 0.107, data: 0.001) G_GAN: 0.461 D_real: 0.180 D_fake: 0.121 G: 1.641 NCE: 1.269 NCE_Y: 1.091 
(epoch: 36, iters: 280, time: 0.108, data: 0.001) G_GAN: 0.694 D_real: 0.049 D_fake: 0.135 G: 1.840 NCE: 1.233 NCE_Y: 1.060 
(epoch: 36, iters: 380, time: 0.108, data: 0.001) G_GAN: 0.373 D_real: 0.124 D_fake: 0.176 G: 1.530 NCE: 1.229 NCE_Y: 1.084 
(epoch: 36, iters: 480, time: 0.107, data: 0.001) G_GAN: 0.635 D_real: 0.129 D_fake: 0.167 G: 1.823 NCE: 1.256 NCE_Y: 1.119 
(epoch: 36, iters: 580, time: 0.107, data: 0.001) G_GAN: 0.678 D_real: 0.062 D_fake: 0.147 G: 1.904 NCE: 1.332 NCE_Y: 1.120 
(epoch: 36, iters: 680, time: 0.107, data: 0.001) G_GAN: 0.846 D_real: 0.048 D_fake: 0.040 G: 2.030 NCE: 1.258 NCE_Y: 1.110 
(epoch: 36, iters: 780, time: 0.107, data: 0.001) G_GAN: 0.266 D_real: 0.264 D_fake: 0.254 G: 1.452 NCE: 1.250 NCE_Y: 1.123 
(epoch: 36, iters: 880, time: 0.107, data: 0.001) G_GAN: 0.390 D_real: 0.275 D_fake: 0.350 G: 1.573 NCE: 1.243 NCE_Y: 1.122 
(epoch: 36, iters: 980, time: 0.107, data: 0.001) G_GAN: 0.400 D_real: 0.122 D_fake: 0.194 G: 1.618 NCE: 1.338 NCE_Y: 1.098 
(epoch: 36, iters: 1080, time: 0.107, data: 0.001) G_GAN: 0.359 D_real: 0.224 D_fake: 0.203 G: 1.531 NCE: 1.233 NCE_Y: 1.112 
(epoch: 36, iters: 1180, time: 0.107, data: 0.001) G_GAN: 0.687 D_real: 0.107 D_fake: 0.055 G: 1.864 NCE: 1.244 NCE_Y: 1.109 
(epoch: 36, iters: 1280, time: 0.109, data: 0.002) G_GAN: 0.876 D_real: 0.081 D_fake: 0.031 G: 2.096 NCE: 1.310 NCE_Y: 1.130 
(epoch: 36, iters: 1380, time: 0.108, data: 0.002) G_GAN: 0.341 D_real: 0.126 D_fake: 0.272 G: 1.551 NCE: 1.317 NCE_Y: 1.104 
(epoch: 36, iters: 1480, time: 0.107, data: 0.001) G_GAN: 0.272 D_real: 0.129 D_fake: 0.389 G: 1.455 NCE: 1.254 NCE_Y: 1.111 
(epoch: 36, iters: 1580, time: 0.107, data: 0.001) G_GAN: 0.744 D_real: 0.026 D_fake: 0.035 G: 1.970 NCE: 1.326 NCE_Y: 1.125 
(epoch: 36, iters: 1680, time: 0.107, data: 0.001) G_GAN: 0.849 D_real: 0.022 D_fake: 0.024 G: 2.044 NCE: 1.298 NCE_Y: 1.094 
(epoch: 36, iters: 1780, time: 0.106, data: 0.001) G_GAN: 0.701 D_real: 0.074 D_fake: 0.138 G: 1.908 NCE: 1.298 NCE_Y: 1.116 
(epoch: 36, iters: 1880, time: 0.106, data: 0.001) G_GAN: 0.392 D_real: 0.176 D_fake: 0.281 G: 1.579 NCE: 1.278 NCE_Y: 1.097 
(epoch: 36, iters: 1980, time: 0.106, data: 0.001) G_GAN: 0.798 D_real: 0.034 D_fake: 0.042 G: 1.995 NCE: 1.267 NCE_Y: 1.128 
(epoch: 36, iters: 2080, time: 0.106, data: 0.001) G_GAN: 0.259 D_real: 0.234 D_fake: 0.237 G: 1.470 NCE: 1.318 NCE_Y: 1.104 
(epoch: 36, iters: 2180, time: 0.106, data: 0.001) G_GAN: 0.413 D_real: 0.145 D_fake: 0.205 G: 1.602 NCE: 1.280 NCE_Y: 1.097 
(epoch: 36, iters: 2280, time: 0.106, data: 0.001) G_GAN: 0.423 D_real: 0.138 D_fake: 0.261 G: 1.720 NCE: 1.474 NCE_Y: 1.120 
(epoch: 36, iters: 2380, time: 0.106, data: 0.001) G_GAN: 1.011 D_real: 0.237 D_fake: 0.182 G: 2.215 NCE: 1.289 NCE_Y: 1.119 
(epoch: 36, iters: 2480, time: 0.106, data: 0.001) G_GAN: 0.181 D_real: 0.079 D_fake: 0.564 G: 1.422 NCE: 1.357 NCE_Y: 1.125 
(epoch: 36, iters: 2580, time: 0.105, data: 0.001) G_GAN: 1.101 D_real: 0.042 D_fake: 0.045 G: 2.311 NCE: 1.303 NCE_Y: 1.116 
(epoch: 36, iters: 2680, time: 0.106, data: 0.001) G_GAN: 0.368 D_real: 0.220 D_fake: 0.168 G: 1.564 NCE: 1.262 NCE_Y: 1.129 
(epoch: 36, iters: 2780, time: 0.106, data: 0.001) G_GAN: 0.363 D_real: 0.040 D_fake: 0.316 G: 1.542 NCE: 1.265 NCE_Y: 1.093 
(epoch: 36, iters: 2880, time: 0.106, data: 0.001) G_GAN: 0.359 D_real: 0.177 D_fake: 0.219 G: 1.545 NCE: 1.253 NCE_Y: 1.119 
(epoch: 36, iters: 2980, time: 0.106, data: 0.001) G_GAN: 0.301 D_real: 0.230 D_fake: 0.213 G: 1.456 NCE: 1.220 NCE_Y: 1.091 
(epoch: 36, iters: 3080, time: 0.106, data: 0.001) G_GAN: 0.324 D_real: 0.188 D_fake: 0.253 G: 1.501 NCE: 1.243 NCE_Y: 1.111 
(epoch: 36, iters: 3180, time: 0.106, data: 0.001) G_GAN: 0.323 D_real: 0.296 D_fake: 0.189 G: 1.495 NCE: 1.251 NCE_Y: 1.092 
(epoch: 36, iters: 3280, time: 0.106, data: 0.001) G_GAN: 0.276 D_real: 0.210 D_fake: 0.291 G: 1.444 NCE: 1.238 NCE_Y: 1.098 
(epoch: 36, iters: 3380, time: 0.106, data: 0.001) G_GAN: 0.289 D_real: 0.165 D_fake: 0.297 G: 1.497 NCE: 1.302 NCE_Y: 1.114 
(epoch: 36, iters: 3480, time: 0.107, data: 0.001) G_GAN: 0.279 D_real: 0.115 D_fake: 0.307 G: 1.478 NCE: 1.266 NCE_Y: 1.132 
(epoch: 36, iters: 3580, time: 0.106, data: 0.001) G_GAN: 0.386 D_real: 0.252 D_fake: 0.149 G: 1.586 NCE: 1.264 NCE_Y: 1.135 
(epoch: 36, iters: 3680, time: 0.107, data: 0.002) G_GAN: 0.308 D_real: 0.200 D_fake: 0.217 G: 1.589 NCE: 1.450 NCE_Y: 1.112 
End of epoch 36 / 60 	 Time Taken: 404 sec
learning rate = 0.0001548
(epoch: 37, iters: 68, time: 0.107, data: 0.001) G_GAN: 0.509 D_real: 0.076 D_fake: 0.224 G: 1.729 NCE: 1.312 NCE_Y: 1.129 
(epoch: 37, iters: 168, time: 0.107, data: 0.001) G_GAN: 1.054 D_real: 0.073 D_fake: 0.046 G: 2.268 NCE: 1.307 NCE_Y: 1.122 
(epoch: 37, iters: 268, time: 0.107, data: 0.001) G_GAN: 0.285 D_real: 0.125 D_fake: 0.327 G: 1.471 NCE: 1.273 NCE_Y: 1.100 
(epoch: 37, iters: 368, time: 0.107, data: 0.001) G_GAN: 1.013 D_real: 0.023 D_fake: 0.030 G: 2.197 NCE: 1.255 NCE_Y: 1.113 
(epoch: 37, iters: 468, time: 0.107, data: 0.001) G_GAN: 0.365 D_real: 0.317 D_fake: 0.198 G: 1.675 NCE: 1.525 NCE_Y: 1.096 
(epoch: 37, iters: 568, time: 0.107, data: 0.001) G_GAN: 0.282 D_real: 0.254 D_fake: 0.259 G: 1.438 NCE: 1.217 NCE_Y: 1.095 
(epoch: 37, iters: 668, time: 0.107, data: 0.001) G_GAN: 0.341 D_real: 0.230 D_fake: 0.228 G: 1.525 NCE: 1.282 NCE_Y: 1.087 
(epoch: 37, iters: 768, time: 0.107, data: 0.001) G_GAN: 0.271 D_real: 0.295 D_fake: 0.278 G: 1.421 NCE: 1.217 NCE_Y: 1.082 
(epoch: 37, iters: 868, time: 0.107, data: 0.001) G_GAN: 0.272 D_real: 0.268 D_fake: 0.221 G: 1.441 NCE: 1.238 NCE_Y: 1.099 
(epoch: 37, iters: 968, time: 0.107, data: 0.001) G_GAN: 0.337 D_real: 0.234 D_fake: 0.172 G: 1.498 NCE: 1.220 NCE_Y: 1.103 
(epoch: 37, iters: 1068, time: 0.107, data: 0.001) G_GAN: 0.413 D_real: 0.336 D_fake: 0.105 G: 1.575 NCE: 1.236 NCE_Y: 1.087 
(epoch: 37, iters: 1168, time: 0.107, data: 0.001) G_GAN: 0.313 D_real: 0.254 D_fake: 0.200 G: 1.492 NCE: 1.246 NCE_Y: 1.112 
(epoch: 37, iters: 1268, time: 0.107, data: 0.001) G_GAN: 0.306 D_real: 0.130 D_fake: 0.249 G: 1.480 NCE: 1.225 NCE_Y: 1.122 
(epoch: 37, iters: 1368, time: 0.107, data: 0.001) G_GAN: 0.254 D_real: 0.327 D_fake: 0.194 G: 1.403 NCE: 1.213 NCE_Y: 1.086 
saving the latest model (epoch 37, total_iters 135000)
doctr_SD_to_SELFF_nl2
(epoch: 37, iters: 1468, time: 0.107, data: 0.001) G_GAN: 0.302 D_real: 0.215 D_fake: 0.191 G: 1.459 NCE: 1.230 NCE_Y: 1.083 
(epoch: 37, iters: 1568, time: 0.107, data: 0.001) G_GAN: 0.236 D_real: 0.258 D_fake: 0.264 G: 1.444 NCE: 1.322 NCE_Y: 1.094 
(epoch: 37, iters: 1668, time: 0.107, data: 0.001) G_GAN: 0.355 D_real: 0.236 D_fake: 0.237 G: 1.537 NCE: 1.241 NCE_Y: 1.124 
(epoch: 37, iters: 1768, time: 0.107, data: 0.002) G_GAN: 0.357 D_real: 0.159 D_fake: 0.246 G: 1.532 NCE: 1.248 NCE_Y: 1.102 
(epoch: 37, iters: 1868, time: 0.106, data: 0.001) G_GAN: 0.465 D_real: 0.204 D_fake: 0.133 G: 1.616 NCE: 1.222 NCE_Y: 1.080 
(epoch: 37, iters: 1968, time: 0.106, data: 0.001) G_GAN: 0.785 D_real: 0.015 D_fake: 0.232 G: 1.986 NCE: 1.268 NCE_Y: 1.134 
(epoch: 37, iters: 2068, time: 0.106, data: 0.002) G_GAN: 0.342 D_real: 0.198 D_fake: 0.219 G: 1.525 NCE: 1.262 NCE_Y: 1.102 
(epoch: 37, iters: 2168, time: 0.106, data: 0.001) G_GAN: 0.833 D_real: 0.034 D_fake: 0.256 G: 2.167 NCE: 1.510 NCE_Y: 1.157 
(epoch: 37, iters: 2268, time: 0.107, data: 0.002) G_GAN: 0.907 D_real: 0.009 D_fake: 0.021 G: 2.099 NCE: 1.280 NCE_Y: 1.103 
(epoch: 37, iters: 2368, time: 0.107, data: 0.001) G_GAN: 0.353 D_real: 0.220 D_fake: 0.248 G: 1.533 NCE: 1.259 NCE_Y: 1.101 
(epoch: 37, iters: 2468, time: 0.107, data: 0.001) G_GAN: 0.684 D_real: 0.016 D_fake: 0.070 G: 1.856 NCE: 1.257 NCE_Y: 1.086 
(epoch: 37, iters: 2568, time: 0.107, data: 0.001) G_GAN: 1.126 D_real: 0.242 D_fake: 0.134 G: 2.302 NCE: 1.245 NCE_Y: 1.106 
(epoch: 37, iters: 2668, time: 0.107, data: 0.001) G_GAN: 0.789 D_real: 0.020 D_fake: 0.203 G: 1.979 NCE: 1.256 NCE_Y: 1.124 
(epoch: 37, iters: 2768, time: 0.107, data: 0.001) G_GAN: 0.408 D_real: 0.337 D_fake: 0.116 G: 1.573 NCE: 1.218 NCE_Y: 1.113 
(epoch: 37, iters: 2868, time: 0.107, data: 0.001) G_GAN: 0.813 D_real: 0.061 D_fake: 0.079 G: 2.052 NCE: 1.349 NCE_Y: 1.128 
(epoch: 37, iters: 2968, time: 0.108, data: 0.001) G_GAN: 0.715 D_real: 0.011 D_fake: 0.100 G: 1.957 NCE: 1.368 NCE_Y: 1.116 
(epoch: 37, iters: 3068, time: 0.108, data: 0.001) G_GAN: 0.900 D_real: 0.049 D_fake: 0.013 G: 2.091 NCE: 1.243 NCE_Y: 1.139 
(epoch: 37, iters: 3168, time: 0.107, data: 0.001) G_GAN: 0.718 D_real: 0.031 D_fake: 0.194 G: 1.920 NCE: 1.295 NCE_Y: 1.109 
(epoch: 37, iters: 3268, time: 0.107, data: 0.001) G_GAN: 0.814 D_real: 0.208 D_fake: 0.022 G: 2.006 NCE: 1.280 NCE_Y: 1.104 
(epoch: 37, iters: 3368, time: 0.107, data: 0.001) G_GAN: 0.632 D_real: 0.070 D_fake: 0.183 G: 1.827 NCE: 1.256 NCE_Y: 1.135 
(epoch: 37, iters: 3468, time: 0.107, data: 0.001) G_GAN: 0.881 D_real: 0.021 D_fake: 0.031 G: 2.053 NCE: 1.231 NCE_Y: 1.112 
(epoch: 37, iters: 3568, time: 0.107, data: 0.001) G_GAN: 0.833 D_real: 0.049 D_fake: 0.047 G: 2.017 NCE: 1.257 NCE_Y: 1.111 
(epoch: 37, iters: 3668, time: 0.107, data: 0.001) G_GAN: 0.965 D_real: 0.026 D_fake: 0.036 G: 2.138 NCE: 1.242 NCE_Y: 1.105 
End of epoch 37 / 60 	 Time Taken: 405 sec
learning rate = 0.0001484
(epoch: 38, iters: 56, time: 0.107, data: 0.001) G_GAN: 0.270 D_real: 0.334 D_fake: 0.203 G: 1.450 NCE: 1.235 NCE_Y: 1.127 
(epoch: 38, iters: 156, time: 0.107, data: 0.002) G_GAN: 0.716 D_real: 0.103 D_fake: 0.023 G: 1.929 NCE: 1.300 NCE_Y: 1.125 
(epoch: 38, iters: 256, time: 0.107, data: 0.001) G_GAN: 0.429 D_real: 0.108 D_fake: 0.163 G: 1.653 NCE: 1.331 NCE_Y: 1.117 
(epoch: 38, iters: 356, time: 0.107, data: 0.001) G_GAN: 0.304 D_real: 0.173 D_fake: 0.270 G: 1.468 NCE: 1.232 NCE_Y: 1.097 
(epoch: 38, iters: 456, time: 0.107, data: 0.001) G_GAN: 0.310 D_real: 0.248 D_fake: 0.204 G: 1.497 NCE: 1.266 NCE_Y: 1.109 
(epoch: 38, iters: 556, time: 0.107, data: 0.001) G_GAN: 0.381 D_real: 0.258 D_fake: 0.130 G: 1.576 NCE: 1.272 NCE_Y: 1.116 
(epoch: 38, iters: 656, time: 0.107, data: 0.001) G_GAN: 0.862 D_real: 0.017 D_fake: 0.025 G: 2.057 NCE: 1.248 NCE_Y: 1.141 
(epoch: 38, iters: 756, time: 0.107, data: 0.001) G_GAN: 0.781 D_real: 0.034 D_fake: 0.118 G: 1.969 NCE: 1.255 NCE_Y: 1.122 
(epoch: 38, iters: 856, time: 0.107, data: 0.001) G_GAN: 0.988 D_real: 0.036 D_fake: 0.057 G: 2.170 NCE: 1.266 NCE_Y: 1.098 
(epoch: 38, iters: 956, time: 0.107, data: 0.002) G_GAN: 0.783 D_real: 0.026 D_fake: 0.108 G: 2.022 NCE: 1.327 NCE_Y: 1.152 
(epoch: 38, iters: 1056, time: 0.107, data: 0.001) G_GAN: 0.404 D_real: 0.291 D_fake: 0.155 G: 1.581 NCE: 1.246 NCE_Y: 1.108 
(epoch: 38, iters: 1156, time: 0.107, data: 0.001) G_GAN: 0.829 D_real: 0.026 D_fake: 0.021 G: 2.148 NCE: 1.515 NCE_Y: 1.122 
(epoch: 38, iters: 1256, time: 0.107, data: 0.001) G_GAN: 0.598 D_real: 0.022 D_fake: 0.402 G: 1.799 NCE: 1.288 NCE_Y: 1.115 
(epoch: 38, iters: 1356, time: 0.107, data: 0.001) G_GAN: 0.659 D_real: 0.088 D_fake: 0.283 G: 1.864 NCE: 1.270 NCE_Y: 1.140 
(epoch: 38, iters: 1456, time: 0.107, data: 0.001) G_GAN: 0.566 D_real: 0.027 D_fake: 0.094 G: 1.934 NCE: 1.635 NCE_Y: 1.102 
(epoch: 38, iters: 1556, time: 0.107, data: 0.001) G_GAN: 0.367 D_real: 0.466 D_fake: 0.034 G: 1.553 NCE: 1.273 NCE_Y: 1.099 
(epoch: 38, iters: 1656, time: 0.107, data: 0.001) G_GAN: 0.795 D_real: 0.063 D_fake: 0.020 G: 1.999 NCE: 1.301 NCE_Y: 1.107 
(epoch: 38, iters: 1756, time: 0.107, data: 0.001) G_GAN: 0.441 D_real: 0.126 D_fake: 0.146 G: 1.612 NCE: 1.256 NCE_Y: 1.086 
(epoch: 38, iters: 1856, time: 0.107, data: 0.001) G_GAN: 0.266 D_real: 0.226 D_fake: 0.281 G: 1.469 NCE: 1.330 NCE_Y: 1.075 
(epoch: 38, iters: 1956, time: 0.107, data: 0.001) G_GAN: 0.275 D_real: 0.349 D_fake: 0.300 G: 1.475 NCE: 1.307 NCE_Y: 1.093 
(epoch: 38, iters: 2056, time: 0.107, data: 0.001) G_GAN: 0.377 D_real: 0.215 D_fake: 0.225 G: 1.572 NCE: 1.295 NCE_Y: 1.096 
(epoch: 38, iters: 2156, time: 0.107, data: 0.001) G_GAN: 0.334 D_real: 0.372 D_fake: 0.163 G: 1.550 NCE: 1.330 NCE_Y: 1.103 
(epoch: 38, iters: 2256, time: 0.107, data: 0.001) G_GAN: 0.434 D_real: 0.130 D_fake: 0.242 G: 1.617 NCE: 1.286 NCE_Y: 1.081 
(epoch: 38, iters: 2356, time: 0.107, data: 0.001) G_GAN: 0.335 D_real: 0.196 D_fake: 0.289 G: 1.512 NCE: 1.246 NCE_Y: 1.109 
(epoch: 38, iters: 2456, time: 0.107, data: 0.001) G_GAN: 0.485 D_real: 0.053 D_fake: 0.286 G: 1.693 NCE: 1.293 NCE_Y: 1.125 
(epoch: 38, iters: 2556, time: 0.107, data: 0.001) G_GAN: 0.981 D_real: 0.172 D_fake: 0.067 G: 2.208 NCE: 1.337 NCE_Y: 1.117 
(epoch: 38, iters: 2656, time: 0.107, data: 0.001) G_GAN: 0.810 D_real: 0.020 D_fake: 0.053 G: 2.297 NCE: 1.840 NCE_Y: 1.135 
saving the latest model (epoch 38, total_iters 140000)
doctr_SD_to_SELFF_nl2
(epoch: 38, iters: 2756, time: 0.107, data: 0.001) G_GAN: 0.857 D_real: 0.022 D_fake: 0.157 G: 2.043 NCE: 1.281 NCE_Y: 1.092 
(epoch: 38, iters: 2856, time: 0.107, data: 0.001) G_GAN: 0.944 D_real: 0.006 D_fake: 0.016 G: 2.151 NCE: 1.336 NCE_Y: 1.078 
(epoch: 38, iters: 2956, time: 0.107, data: 0.001) G_GAN: 0.789 D_real: 0.043 D_fake: 0.142 G: 2.019 NCE: 1.348 NCE_Y: 1.111 
(epoch: 38, iters: 3056, time: 0.107, data: 0.001) G_GAN: 0.369 D_real: 0.148 D_fake: 0.218 G: 1.546 NCE: 1.261 NCE_Y: 1.093 
(epoch: 38, iters: 3156, time: 0.107, data: 0.002) G_GAN: 0.367 D_real: 0.131 D_fake: 0.188 G: 1.545 NCE: 1.238 NCE_Y: 1.117 
(epoch: 38, iters: 3256, time: 0.107, data: 0.001) G_GAN: 0.546 D_real: 0.159 D_fake: 0.111 G: 1.787 NCE: 1.359 NCE_Y: 1.123 
(epoch: 38, iters: 3356, time: 0.107, data: 0.001) G_GAN: 0.302 D_real: 0.251 D_fake: 0.208 G: 1.504 NCE: 1.284 NCE_Y: 1.122 
(epoch: 38, iters: 3456, time: 0.106, data: 0.001) G_GAN: 0.345 D_real: 0.277 D_fake: 0.169 G: 1.546 NCE: 1.282 NCE_Y: 1.122 
(epoch: 38, iters: 3556, time: 0.105, data: 0.001) G_GAN: 1.004 D_real: 0.018 D_fake: 0.037 G: 2.260 NCE: 1.394 NCE_Y: 1.117 
(epoch: 38, iters: 3656, time: 0.105, data: 0.002) G_GAN: 1.223 D_real: 0.040 D_fake: 0.052 G: 2.419 NCE: 1.274 NCE_Y: 1.118 
End of epoch 38 / 60 	 Time Taken: 404 sec
learning rate = 0.0001419
(epoch: 39, iters: 44, time: 0.105, data: 0.001) G_GAN: 0.858 D_real: 0.024 D_fake: 0.172 G: 2.055 NCE: 1.274 NCE_Y: 1.120 
(epoch: 39, iters: 144, time: 0.104, data: 0.001) G_GAN: 0.593 D_real: 0.255 D_fake: 0.046 G: 1.818 NCE: 1.331 NCE_Y: 1.119 
(epoch: 39, iters: 244, time: 0.105, data: 0.001) G_GAN: 0.515 D_real: 0.378 D_fake: 0.033 G: 1.742 NCE: 1.318 NCE_Y: 1.136 
(epoch: 39, iters: 344, time: 0.106, data: 0.001) G_GAN: 0.700 D_real: 0.018 D_fake: 0.112 G: 2.086 NCE: 1.656 NCE_Y: 1.117 
(epoch: 39, iters: 444, time: 0.106, data: 0.001) G_GAN: 1.040 D_real: 0.051 D_fake: 0.009 G: 2.252 NCE: 1.321 NCE_Y: 1.102 
(epoch: 39, iters: 544, time: 0.106, data: 0.001) G_GAN: 1.112 D_real: 0.042 D_fake: 0.025 G: 2.393 NCE: 1.423 NCE_Y: 1.139 
(epoch: 39, iters: 644, time: 0.107, data: 0.001) G_GAN: 0.966 D_real: 0.009 D_fake: 0.011 G: 2.239 NCE: 1.509 NCE_Y: 1.039 
(epoch: 39, iters: 744, time: 0.107, data: 0.001) G_GAN: 0.898 D_real: 0.015 D_fake: 0.027 G: 2.313 NCE: 1.697 NCE_Y: 1.134 
(epoch: 39, iters: 844, time: 0.107, data: 0.001) G_GAN: 1.207 D_real: 0.015 D_fake: 0.048 G: 2.496 NCE: 1.430 NCE_Y: 1.149 
(epoch: 39, iters: 944, time: 0.107, data: 0.001) G_GAN: 0.595 D_real: 0.085 D_fake: 0.101 G: 1.890 NCE: 1.487 NCE_Y: 1.103 
(epoch: 39, iters: 1044, time: 0.108, data: 0.001) G_GAN: 0.645 D_real: 0.134 D_fake: 0.070 G: 1.865 NCE: 1.318 NCE_Y: 1.123 
(epoch: 39, iters: 1144, time: 0.108, data: 0.001) G_GAN: 0.825 D_real: 0.160 D_fake: 0.310 G: 2.028 NCE: 1.339 NCE_Y: 1.068 
(epoch: 39, iters: 1244, time: 0.109, data: 0.002) G_GAN: 0.906 D_real: 0.027 D_fake: 0.166 G: 2.142 NCE: 1.362 NCE_Y: 1.110 
(epoch: 39, iters: 1344, time: 0.109, data: 0.001) G_GAN: 0.935 D_real: 0.020 D_fake: 0.034 G: 2.162 NCE: 1.338 NCE_Y: 1.118 
(epoch: 39, iters: 1444, time: 0.108, data: 0.002) G_GAN: 0.884 D_real: 0.062 D_fake: 0.017 G: 2.156 NCE: 1.375 NCE_Y: 1.169 
(epoch: 39, iters: 1544, time: 0.108, data: 0.001) G_GAN: 0.830 D_real: 0.018 D_fake: 0.024 G: 2.036 NCE: 1.296 NCE_Y: 1.116 
(epoch: 39, iters: 1644, time: 0.107, data: 0.001) G_GAN: 0.791 D_real: 0.016 D_fake: 0.041 G: 2.048 NCE: 1.384 NCE_Y: 1.129 
(epoch: 39, iters: 1744, time: 0.108, data: 0.001) G_GAN: 0.888 D_real: 0.263 D_fake: 0.052 G: 2.157 NCE: 1.397 NCE_Y: 1.141 
(epoch: 39, iters: 1844, time: 0.108, data: 0.001) G_GAN: 0.536 D_real: 0.169 D_fake: 0.134 G: 1.765 NCE: 1.349 NCE_Y: 1.109 
(epoch: 39, iters: 1944, time: 0.107, data: 0.001) G_GAN: 1.266 D_real: 0.043 D_fake: 0.064 G: 2.479 NCE: 1.313 NCE_Y: 1.114 
(epoch: 39, iters: 2044, time: 0.107, data: 0.001) G_GAN: 0.865 D_real: 0.021 D_fake: 0.021 G: 2.183 NCE: 1.480 NCE_Y: 1.157 
(epoch: 39, iters: 2144, time: 0.107, data: 0.001) G_GAN: 1.058 D_real: 0.054 D_fake: 0.018 G: 2.314 NCE: 1.400 NCE_Y: 1.113 
(epoch: 39, iters: 2244, time: 0.107, data: 0.002) G_GAN: 0.954 D_real: 0.070 D_fake: 0.037 G: 2.181 NCE: 1.347 NCE_Y: 1.107 
(epoch: 39, iters: 2344, time: 0.107, data: 0.001) G_GAN: 0.697 D_real: 0.405 D_fake: 0.064 G: 1.925 NCE: 1.346 NCE_Y: 1.111 
(epoch: 39, iters: 2444, time: 0.107, data: 0.001) G_GAN: 0.904 D_real: 0.021 D_fake: 0.044 G: 2.148 NCE: 1.361 NCE_Y: 1.127 
(epoch: 39, iters: 2544, time: 0.106, data: 0.001) G_GAN: 1.164 D_real: 0.023 D_fake: 0.031 G: 2.391 NCE: 1.349 NCE_Y: 1.106 
(epoch: 39, iters: 2644, time: 0.107, data: 0.001) G_GAN: 0.918 D_real: 0.420 D_fake: 0.053 G: 2.127 NCE: 1.305 NCE_Y: 1.113 
(epoch: 39, iters: 2744, time: 0.107, data: 0.002) G_GAN: 0.700 D_real: 0.096 D_fake: 0.017 G: 2.025 NCE: 1.423 NCE_Y: 1.228 
(epoch: 39, iters: 2844, time: 0.107, data: 0.001) G_GAN: 0.888 D_real: 0.186 D_fake: 0.084 G: 2.166 NCE: 1.445 NCE_Y: 1.112 
(epoch: 39, iters: 2944, time: 0.106, data: 0.001) G_GAN: 0.881 D_real: 0.018 D_fake: 0.157 G: 2.098 NCE: 1.347 NCE_Y: 1.086 
(epoch: 39, iters: 3044, time: 0.106, data: 0.001) G_GAN: 0.453 D_real: 0.093 D_fake: 0.194 G: 1.724 NCE: 1.373 NCE_Y: 1.169 
(epoch: 39, iters: 3144, time: 0.106, data: 0.001) G_GAN: 0.830 D_real: 0.417 D_fake: 0.106 G: 2.091 NCE: 1.382 NCE_Y: 1.141 
(epoch: 39, iters: 3244, time: 0.105, data: 0.001) G_GAN: 0.684 D_real: 0.094 D_fake: 0.082 G: 1.928 NCE: 1.372 NCE_Y: 1.117 
(epoch: 39, iters: 3344, time: 0.106, data: 0.001) G_GAN: 1.049 D_real: 0.061 D_fake: 0.017 G: 2.375 NCE: 1.553 NCE_Y: 1.100 
(epoch: 39, iters: 3444, time: 0.106, data: 0.001) G_GAN: 0.555 D_real: 0.194 D_fake: 0.201 G: 1.834 NCE: 1.441 NCE_Y: 1.117 
(epoch: 39, iters: 3544, time: 0.106, data: 0.001) G_GAN: 0.408 D_real: 0.201 D_fake: 0.253 G: 1.621 NCE: 1.299 NCE_Y: 1.126 
(epoch: 39, iters: 3644, time: 0.106, data: 0.001) G_GAN: 0.760 D_real: 0.131 D_fake: 0.061 G: 1.967 NCE: 1.312 NCE_Y: 1.102 
End of epoch 39 / 60 	 Time Taken: 404 sec
learning rate = 0.0001355
(epoch: 40, iters: 32, time: 0.106, data: 0.001) G_GAN: 0.763 D_real: 0.058 D_fake: 0.154 G: 2.115 NCE: 1.509 NCE_Y: 1.196 
(epoch: 40, iters: 132, time: 0.107, data: 0.001) G_GAN: 0.992 D_real: 0.024 D_fake: 0.022 G: 2.256 NCE: 1.379 NCE_Y: 1.150 
(epoch: 40, iters: 232, time: 0.107, data: 0.001) G_GAN: 0.667 D_real: 0.048 D_fake: 0.130 G: 1.911 NCE: 1.337 NCE_Y: 1.152 
saving the latest model (epoch 40, total_iters 145000)
doctr_SD_to_SELFF_nl2
(epoch: 40, iters: 332, time: 0.107, data: 0.001) G_GAN: 0.326 D_real: 0.147 D_fake: 0.292 G: 1.565 NCE: 1.375 NCE_Y: 1.103 
(epoch: 40, iters: 432, time: 0.107, data: 0.001) G_GAN: 0.363 D_real: 0.286 D_fake: 0.157 G: 1.625 NCE: 1.402 NCE_Y: 1.122 
(epoch: 40, iters: 532, time: 0.107, data: 0.001) G_GAN: 0.549 D_real: 0.138 D_fake: 0.093 G: 1.785 NCE: 1.365 NCE_Y: 1.108 
(epoch: 40, iters: 632, time: 0.107, data: 0.001) G_GAN: 0.224 D_real: 0.256 D_fake: 0.153 G: 1.460 NCE: 1.349 NCE_Y: 1.123 
(epoch: 40, iters: 732, time: 0.107, data: 0.001) G_GAN: 0.593 D_real: 0.329 D_fake: 0.109 G: 1.873 NCE: 1.477 NCE_Y: 1.084 
(epoch: 40, iters: 832, time: 0.107, data: 0.002) G_GAN: 0.991 D_real: 0.054 D_fake: 0.031 G: 2.254 NCE: 1.400 NCE_Y: 1.127 
(epoch: 40, iters: 932, time: 0.107, data: 0.001) G_GAN: 0.859 D_real: 0.039 D_fake: 0.066 G: 2.114 NCE: 1.392 NCE_Y: 1.118 
(epoch: 40, iters: 1032, time: 0.107, data: 0.001) G_GAN: 1.004 D_real: 0.024 D_fake: 0.328 G: 2.243 NCE: 1.358 NCE_Y: 1.119 
(epoch: 40, iters: 1132, time: 0.107, data: 0.001) G_GAN: 0.902 D_real: 0.033 D_fake: 0.021 G: 2.298 NCE: 1.693 NCE_Y: 1.099 
(epoch: 40, iters: 1232, time: 0.107, data: 0.001) G_GAN: 0.577 D_real: 0.041 D_fake: 0.181 G: 1.811 NCE: 1.354 NCE_Y: 1.114 
(epoch: 40, iters: 1332, time: 0.107, data: 0.001) G_GAN: 1.033 D_real: 0.024 D_fake: 0.023 G: 2.305 NCE: 1.412 NCE_Y: 1.131 
(epoch: 40, iters: 1432, time: 0.107, data: 0.001) G_GAN: 1.049 D_real: 0.030 D_fake: 0.014 G: 2.360 NCE: 1.528 NCE_Y: 1.093 
(epoch: 40, iters: 1532, time: 0.107, data: 0.001) G_GAN: 0.782 D_real: 0.026 D_fake: 0.213 G: 2.073 NCE: 1.486 NCE_Y: 1.095 
(epoch: 40, iters: 1632, time: 0.107, data: 0.001) G_GAN: 1.099 D_real: 0.024 D_fake: 0.037 G: 2.423 NCE: 1.541 NCE_Y: 1.107 
(epoch: 40, iters: 1732, time: 0.107, data: 0.001) G_GAN: 0.870 D_real: 0.040 D_fake: 0.022 G: 2.148 NCE: 1.447 NCE_Y: 1.109 
(epoch: 40, iters: 1832, time: 0.107, data: 0.001) G_GAN: 0.770 D_real: 0.141 D_fake: 0.043 G: 2.033 NCE: 1.392 NCE_Y: 1.133 
(epoch: 40, iters: 1932, time: 0.106, data: 0.001) G_GAN: 0.822 D_real: 0.031 D_fake: 0.054 G: 2.088 NCE: 1.393 NCE_Y: 1.140 
(epoch: 40, iters: 2032, time: 0.107, data: 0.001) G_GAN: 0.475 D_real: 0.131 D_fake: 0.254 G: 1.827 NCE: 1.598 NCE_Y: 1.106 
(epoch: 40, iters: 2132, time: 0.107, data: 0.002) G_GAN: 0.536 D_real: 0.096 D_fake: 0.165 G: 1.774 NCE: 1.378 NCE_Y: 1.098 
(epoch: 40, iters: 2232, time: 0.107, data: 0.001) G_GAN: 0.956 D_real: 0.017 D_fake: 0.135 G: 2.291 NCE: 1.558 NCE_Y: 1.113 
(epoch: 40, iters: 2332, time: 0.107, data: 0.001) G_GAN: 1.001 D_real: 0.040 D_fake: 0.011 G: 2.258 NCE: 1.408 NCE_Y: 1.107 
(epoch: 40, iters: 2432, time: 0.107, data: 0.001) G_GAN: 0.960 D_real: 0.057 D_fake: 0.103 G: 2.193 NCE: 1.371 NCE_Y: 1.096 
(epoch: 40, iters: 2532, time: 0.107, data: 0.001) G_GAN: 0.936 D_real: 0.025 D_fake: 0.008 G: 2.213 NCE: 1.437 NCE_Y: 1.118 
(epoch: 40, iters: 2632, time: 0.107, data: 0.002) G_GAN: 1.073 D_real: 0.012 D_fake: 0.028 G: 2.321 NCE: 1.380 NCE_Y: 1.117 
(epoch: 40, iters: 2732, time: 0.107, data: 0.001) G_GAN: 0.986 D_real: 0.126 D_fake: 0.060 G: 2.224 NCE: 1.363 NCE_Y: 1.113 
(epoch: 40, iters: 2832, time: 0.107, data: 0.002) G_GAN: 0.650 D_real: 0.039 D_fake: 0.068 G: 1.913 NCE: 1.389 NCE_Y: 1.136 
(epoch: 40, iters: 2932, time: 0.107, data: 0.001) G_GAN: 1.010 D_real: 0.028 D_fake: 0.035 G: 2.378 NCE: 1.610 NCE_Y: 1.127 
(epoch: 40, iters: 3032, time: 0.107, data: 0.001) G_GAN: 0.763 D_real: 0.148 D_fake: 0.032 G: 2.027 NCE: 1.430 NCE_Y: 1.100 
(epoch: 40, iters: 3132, time: 0.107, data: 0.001) G_GAN: 1.074 D_real: 0.019 D_fake: 0.038 G: 2.382 NCE: 1.493 NCE_Y: 1.123 
(epoch: 40, iters: 3232, time: 0.107, data: 0.001) G_GAN: 0.983 D_real: 0.056 D_fake: 0.148 G: 2.342 NCE: 1.572 NCE_Y: 1.145 
(epoch: 40, iters: 3332, time: 0.107, data: 0.001) G_GAN: 0.555 D_real: 0.369 D_fake: 0.031 G: 1.844 NCE: 1.435 NCE_Y: 1.142 
(epoch: 40, iters: 3432, time: 0.107, data: 0.001) G_GAN: 0.793 D_real: 0.071 D_fake: 0.276 G: 2.104 NCE: 1.499 NCE_Y: 1.123 
(epoch: 40, iters: 3532, time: 0.107, data: 0.001) G_GAN: 1.166 D_real: 0.038 D_fake: 0.050 G: 2.451 NCE: 1.449 NCE_Y: 1.121 
(epoch: 40, iters: 3632, time: 0.107, data: 0.001) G_GAN: 0.464 D_real: 0.043 D_fake: 0.230 G: 1.766 NCE: 1.460 NCE_Y: 1.143 
saving the model at the end of epoch 40, iters 148480
End of epoch 40 / 60 	 Time Taken: 405 sec
learning rate = 0.0001290
(epoch: 41, iters: 20, time: 0.107, data: 0.001) G_GAN: 1.053 D_real: 0.104 D_fake: 0.034 G: 2.358 NCE: 1.499 NCE_Y: 1.112 
(epoch: 41, iters: 120, time: 0.107, data: 0.001) G_GAN: 1.065 D_real: 0.094 D_fake: 0.016 G: 2.434 NCE: 1.594 NCE_Y: 1.143 
(epoch: 41, iters: 220, time: 0.107, data: 0.002) G_GAN: 1.197 D_real: 0.045 D_fake: 0.042 G: 2.505 NCE: 1.493 NCE_Y: 1.123 
(epoch: 41, iters: 320, time: 0.107, data: 0.001) G_GAN: 0.258 D_real: 0.216 D_fake: 0.348 G: 1.651 NCE: 1.652 NCE_Y: 1.135 
(epoch: 41, iters: 420, time: 0.107, data: 0.002) G_GAN: 0.971 D_real: 0.411 D_fake: 0.025 G: 2.255 NCE: 1.486 NCE_Y: 1.081 
(epoch: 41, iters: 520, time: 0.107, data: 0.001) G_GAN: 0.885 D_real: 0.016 D_fake: 0.294 G: 2.162 NCE: 1.404 NCE_Y: 1.148 
(epoch: 41, iters: 620, time: 0.107, data: 0.001) G_GAN: 0.737 D_real: 0.021 D_fake: 0.042 G: 2.077 NCE: 1.535 NCE_Y: 1.146 
(epoch: 41, iters: 720, time: 0.106, data: 0.001) G_GAN: 0.794 D_real: 0.034 D_fake: 0.122 G: 2.110 NCE: 1.478 NCE_Y: 1.153 
(epoch: 41, iters: 820, time: 0.106, data: 0.001) G_GAN: 0.374 D_real: 0.214 D_fake: 0.159 G: 1.589 NCE: 1.330 NCE_Y: 1.101 
(epoch: 41, iters: 920, time: 0.107, data: 0.001) G_GAN: 0.309 D_real: 0.212 D_fake: 0.218 G: 1.553 NCE: 1.383 NCE_Y: 1.105 
(epoch: 41, iters: 1020, time: 0.107, data: 0.001) G_GAN: 0.346 D_real: 0.192 D_fake: 0.372 G: 1.592 NCE: 1.405 NCE_Y: 1.087 
(epoch: 41, iters: 1120, time: 0.107, data: 0.002) G_GAN: 0.636 D_real: 0.051 D_fake: 0.254 G: 1.889 NCE: 1.422 NCE_Y: 1.083 
(epoch: 41, iters: 1220, time: 0.106, data: 0.001) G_GAN: 0.447 D_real: 0.275 D_fake: 0.158 G: 1.699 NCE: 1.411 NCE_Y: 1.092 
(epoch: 41, iters: 1320, time: 0.107, data: 0.001) G_GAN: 0.520 D_real: 0.231 D_fake: 0.109 G: 1.814 NCE: 1.381 NCE_Y: 1.208 
(epoch: 41, iters: 1420, time: 0.107, data: 0.001) G_GAN: 0.438 D_real: 0.280 D_fake: 0.120 G: 1.736 NCE: 1.510 NCE_Y: 1.087 
(epoch: 41, iters: 1520, time: 0.106, data: 0.001) G_GAN: 0.992 D_real: 0.022 D_fake: 0.070 G: 2.338 NCE: 1.598 NCE_Y: 1.095 
saving the latest model (epoch 41, total_iters 150000)
doctr_SD_to_SELFF_nl2
(epoch: 41, iters: 1620, time: 0.107, data: 0.001) G_GAN: 0.947 D_real: 0.049 D_fake: 0.060 G: 2.358 NCE: 1.712 NCE_Y: 1.109 
(epoch: 41, iters: 1720, time: 0.107, data: 0.001) G_GAN: 0.866 D_real: 0.065 D_fake: 0.024 G: 2.236 NCE: 1.580 NCE_Y: 1.159 
(epoch: 41, iters: 1820, time: 0.107, data: 0.001) G_GAN: 0.830 D_real: 0.020 D_fake: 0.042 G: 2.192 NCE: 1.634 NCE_Y: 1.090 
(epoch: 41, iters: 1920, time: 0.106, data: 0.001) G_GAN: 1.025 D_real: 0.016 D_fake: 0.024 G: 2.381 NCE: 1.584 NCE_Y: 1.128 
(epoch: 41, iters: 2020, time: 0.106, data: 0.001) G_GAN: 1.031 D_real: 0.017 D_fake: 0.057 G: 2.341 NCE: 1.499 NCE_Y: 1.120 
(epoch: 41, iters: 2120, time: 0.106, data: 0.002) G_GAN: 1.015 D_real: 0.010 D_fake: 0.022 G: 2.278 NCE: 1.394 NCE_Y: 1.131 
(epoch: 41, iters: 2220, time: 0.106, data: 0.001) G_GAN: 1.027 D_real: 0.011 D_fake: 0.015 G: 2.258 NCE: 1.370 NCE_Y: 1.093 
(epoch: 41, iters: 2320, time: 0.106, data: 0.001) G_GAN: 0.781 D_real: 0.051 D_fake: 0.042 G: 2.136 NCE: 1.560 NCE_Y: 1.152 
(epoch: 41, iters: 2420, time: 0.106, data: 0.001) G_GAN: 0.967 D_real: 0.037 D_fake: 0.013 G: 2.181 NCE: 1.330 NCE_Y: 1.099 
(epoch: 41, iters: 2520, time: 0.106, data: 0.001) G_GAN: 1.242 D_real: 0.035 D_fake: 0.025 G: 2.478 NCE: 1.376 NCE_Y: 1.097 
(epoch: 41, iters: 2620, time: 0.106, data: 0.001) G_GAN: 0.954 D_real: 0.013 D_fake: 0.023 G: 2.164 NCE: 1.313 NCE_Y: 1.108 
(epoch: 41, iters: 2720, time: 0.106, data: 0.001) G_GAN: 0.568 D_real: 0.044 D_fake: 0.268 G: 1.802 NCE: 1.396 NCE_Y: 1.071 
(epoch: 41, iters: 2820, time: 0.105, data: 0.001) G_GAN: 1.072 D_real: 0.024 D_fake: 0.025 G: 2.291 NCE: 1.326 NCE_Y: 1.111 
(epoch: 41, iters: 2920, time: 0.105, data: 0.001) G_GAN: 1.328 D_real: 0.449 D_fake: 0.240 G: 2.547 NCE: 1.336 NCE_Y: 1.103 
(epoch: 41, iters: 3020, time: 0.105, data: 0.001) G_GAN: 0.875 D_real: 0.025 D_fake: 0.020 G: 2.118 NCE: 1.387 NCE_Y: 1.099 
(epoch: 41, iters: 3120, time: 0.106, data: 0.001) G_GAN: 0.954 D_real: 0.048 D_fake: 0.074 G: 2.382 NCE: 1.762 NCE_Y: 1.096 
(epoch: 41, iters: 3220, time: 0.107, data: 0.001) G_GAN: 0.848 D_real: 0.020 D_fake: 0.068 G: 2.143 NCE: 1.457 NCE_Y: 1.133 
(epoch: 41, iters: 3320, time: 0.106, data: 0.002) G_GAN: 0.781 D_real: 0.035 D_fake: 0.162 G: 2.099 NCE: 1.545 NCE_Y: 1.091 
(epoch: 41, iters: 3420, time: 0.106, data: 0.001) G_GAN: 0.813 D_real: 0.046 D_fake: 0.012 G: 2.085 NCE: 1.440 NCE_Y: 1.104 
(epoch: 41, iters: 3520, time: 0.106, data: 0.001) G_GAN: 1.173 D_real: 0.023 D_fake: 0.032 G: 2.393 NCE: 1.349 NCE_Y: 1.090 
(epoch: 41, iters: 3620, time: 0.105, data: 0.002) G_GAN: 0.449 D_real: 0.107 D_fake: 0.139 G: 1.873 NCE: 1.767 NCE_Y: 1.081 
End of epoch 41 / 60 	 Time Taken: 402 sec
learning rate = 0.0001226
(epoch: 42, iters: 8, time: 0.107, data: 0.001) G_GAN: 0.771 D_real: 0.021 D_fake: 0.076 G: 2.012 NCE: 1.344 NCE_Y: 1.139 
(epoch: 42, iters: 108, time: 0.107, data: 0.002) G_GAN: 0.743 D_real: 0.144 D_fake: 0.034 G: 1.980 NCE: 1.381 NCE_Y: 1.092 
(epoch: 42, iters: 208, time: 0.107, data: 0.002) G_GAN: 0.556 D_real: 0.141 D_fake: 0.091 G: 1.805 NCE: 1.396 NCE_Y: 1.101 
(epoch: 42, iters: 308, time: 0.107, data: 0.001) G_GAN: 0.439 D_real: 0.166 D_fake: 0.140 G: 1.665 NCE: 1.346 NCE_Y: 1.106 
(epoch: 42, iters: 408, time: 0.107, data: 0.001) G_GAN: 1.107 D_real: 0.021 D_fake: 0.019 G: 2.378 NCE: 1.432 NCE_Y: 1.112 
(epoch: 42, iters: 508, time: 0.107, data: 0.001) G_GAN: 1.142 D_real: 0.117 D_fake: 0.138 G: 2.446 NCE: 1.515 NCE_Y: 1.092 
(epoch: 42, iters: 608, time: 0.107, data: 0.001) G_GAN: 0.937 D_real: 0.050 D_fake: 0.022 G: 2.159 NCE: 1.329 NCE_Y: 1.113 
(epoch: 42, iters: 708, time: 0.107, data: 0.002) G_GAN: 0.836 D_real: 0.019 D_fake: 0.036 G: 2.073 NCE: 1.373 NCE_Y: 1.100 
(epoch: 42, iters: 808, time: 0.107, data: 0.001) G_GAN: 0.928 D_real: 0.054 D_fake: 0.019 G: 2.209 NCE: 1.465 NCE_Y: 1.096 
(epoch: 42, iters: 908, time: 0.107, data: 0.001) G_GAN: 0.849 D_real: 0.082 D_fake: 0.131 G: 2.085 NCE: 1.404 NCE_Y: 1.068 
(epoch: 42, iters: 1008, time: 0.107, data: 0.001) G_GAN: 0.669 D_real: 0.047 D_fake: 0.210 G: 1.877 NCE: 1.350 NCE_Y: 1.067 
(epoch: 42, iters: 1108, time: 0.107, data: 0.002) G_GAN: 0.696 D_real: 0.071 D_fake: 0.241 G: 2.012 NCE: 1.561 NCE_Y: 1.072 
(epoch: 42, iters: 1208, time: 0.107, data: 0.001) G_GAN: 1.172 D_real: 0.329 D_fake: 0.048 G: 2.444 NCE: 1.396 NCE_Y: 1.149 
(epoch: 42, iters: 1308, time: 0.107, data: 0.001) G_GAN: 0.539 D_real: 0.156 D_fake: 0.078 G: 1.858 NCE: 1.513 NCE_Y: 1.127 
(epoch: 42, iters: 1408, time: 0.107, data: 0.001) G_GAN: 0.636 D_real: 0.082 D_fake: 0.096 G: 1.933 NCE: 1.474 NCE_Y: 1.119 
(epoch: 42, iters: 1508, time: 0.107, data: 0.001) G_GAN: 0.353 D_real: 0.281 D_fake: 0.186 G: 1.607 NCE: 1.370 NCE_Y: 1.138 
(epoch: 42, iters: 1608, time: 0.107, data: 0.002) G_GAN: 0.531 D_real: 0.156 D_fake: 0.093 G: 1.793 NCE: 1.431 NCE_Y: 1.092 
(epoch: 42, iters: 1708, time: 0.107, data: 0.001) G_GAN: 0.396 D_real: 0.070 D_fake: 0.283 G: 1.709 NCE: 1.529 NCE_Y: 1.096 
(epoch: 42, iters: 1808, time: 0.107, data: 0.001) G_GAN: 0.459 D_real: 0.039 D_fake: 0.178 G: 1.714 NCE: 1.401 NCE_Y: 1.108 
(epoch: 42, iters: 1908, time: 0.107, data: 0.001) G_GAN: 1.059 D_real: 0.144 D_fake: 0.074 G: 2.343 NCE: 1.414 NCE_Y: 1.155 
(epoch: 42, iters: 2008, time: 0.107, data: 0.001) G_GAN: 0.880 D_real: 0.044 D_fake: 0.141 G: 2.185 NCE: 1.477 NCE_Y: 1.133 
(epoch: 42, iters: 2108, time: 0.107, data: 0.001) G_GAN: 0.898 D_real: 0.077 D_fake: 0.060 G: 2.210 NCE: 1.495 NCE_Y: 1.129 
(epoch: 42, iters: 2208, time: 0.107, data: 0.001) G_GAN: 0.858 D_real: 0.059 D_fake: 0.029 G: 2.118 NCE: 1.402 NCE_Y: 1.118 
(epoch: 42, iters: 2308, time: 0.106, data: 0.001) G_GAN: 1.149 D_real: 0.024 D_fake: 0.014 G: 2.392 NCE: 1.400 NCE_Y: 1.086 
(epoch: 42, iters: 2408, time: 0.106, data: 0.001) G_GAN: 0.364 D_real: 0.086 D_fake: 0.325 G: 1.575 NCE: 1.355 NCE_Y: 1.068 
(epoch: 42, iters: 2508, time: 0.106, data: 0.001) G_GAN: 0.541 D_real: 0.088 D_fake: 0.142 G: 1.755 NCE: 1.325 NCE_Y: 1.103 
(epoch: 42, iters: 2608, time: 0.106, data: 0.001) G_GAN: 0.962 D_real: 0.083 D_fake: 0.018 G: 2.254 NCE: 1.472 NCE_Y: 1.111 
(epoch: 42, iters: 2708, time: 0.107, data: 0.001) G_GAN: 0.720 D_real: 0.029 D_fake: 0.070 G: 1.968 NCE: 1.403 NCE_Y: 1.093 
(epoch: 42, iters: 2808, time: 0.107, data: 0.001) G_GAN: 0.943 D_real: 0.038 D_fake: 0.025 G: 2.236 NCE: 1.477 NCE_Y: 1.110 
saving the latest model (epoch 42, total_iters 155000)
doctr_SD_to_SELFF_nl2
(epoch: 42, iters: 2908, time: 0.106, data: 0.001) G_GAN: 0.584 D_real: 0.105 D_fake: 0.045 G: 1.907 NCE: 1.525 NCE_Y: 1.121 
(epoch: 42, iters: 3008, time: 0.106, data: 0.001) G_GAN: 1.026 D_real: 0.038 D_fake: 0.018 G: 2.303 NCE: 1.450 NCE_Y: 1.103 
(epoch: 42, iters: 3108, time: 0.106, data: 0.001) G_GAN: 0.714 D_real: 0.129 D_fake: 0.073 G: 1.953 NCE: 1.377 NCE_Y: 1.100 
(epoch: 42, iters: 3208, time: 0.107, data: 0.001) G_GAN: 0.965 D_real: 0.009 D_fake: 0.018 G: 2.289 NCE: 1.520 NCE_Y: 1.129 
(epoch: 42, iters: 3308, time: 0.107, data: 0.002) G_GAN: 1.038 D_real: 0.012 D_fake: 0.023 G: 2.315 NCE: 1.400 NCE_Y: 1.155 
(epoch: 42, iters: 3408, time: 0.107, data: 0.001) G_GAN: 1.034 D_real: 0.014 D_fake: 0.010 G: 2.320 NCE: 1.428 NCE_Y: 1.143 
(epoch: 42, iters: 3508, time: 0.107, data: 0.002) G_GAN: 0.957 D_real: 0.006 D_fake: 0.021 G: 2.221 NCE: 1.410 NCE_Y: 1.118 
(epoch: 42, iters: 3608, time: 0.107, data: 0.001) G_GAN: 1.001 D_real: 0.011 D_fake: 0.011 G: 2.294 NCE: 1.447 NCE_Y: 1.139 
(epoch: 42, iters: 3708, time: 0.107, data: 0.001) G_GAN: 0.961 D_real: 0.006 D_fake: 0.014 G: 2.232 NCE: 1.406 NCE_Y: 1.137 
End of epoch 42 / 60 	 Time Taken: 405 sec
learning rate = 0.0001161
(epoch: 43, iters: 96, time: 0.107, data: 0.001) G_GAN: 0.967 D_real: 0.007 D_fake: 0.011 G: 2.211 NCE: 1.386 NCE_Y: 1.103 
(epoch: 43, iters: 196, time: 0.107, data: 0.002) G_GAN: 1.024 D_real: 0.009 D_fake: 0.011 G: 2.286 NCE: 1.408 NCE_Y: 1.117 
(epoch: 43, iters: 296, time: 0.107, data: 0.001) G_GAN: 0.961 D_real: 0.018 D_fake: 0.021 G: 2.208 NCE: 1.356 NCE_Y: 1.139 
(epoch: 43, iters: 396, time: 0.107, data: 0.001) G_GAN: 1.213 D_real: 0.006 D_fake: 0.041 G: 2.483 NCE: 1.442 NCE_Y: 1.098 
(epoch: 43, iters: 496, time: 0.107, data: 0.001) G_GAN: 0.902 D_real: 0.007 D_fake: 0.020 G: 2.146 NCE: 1.388 NCE_Y: 1.101 
(epoch: 43, iters: 596, time: 0.107, data: 0.001) G_GAN: 1.040 D_real: 0.006 D_fake: 0.014 G: 2.317 NCE: 1.465 NCE_Y: 1.089 
(epoch: 43, iters: 696, time: 0.107, data: 0.001) G_GAN: 1.051 D_real: 0.007 D_fake: 0.018 G: 2.277 NCE: 1.349 NCE_Y: 1.102 
(epoch: 43, iters: 796, time: 0.107, data: 0.001) G_GAN: 1.214 D_real: 0.007 D_fake: 0.069 G: 2.449 NCE: 1.380 NCE_Y: 1.089 
(epoch: 43, iters: 896, time: 0.107, data: 0.001) G_GAN: 0.901 D_real: 0.010 D_fake: 0.047 G: 2.086 NCE: 1.308 NCE_Y: 1.062 
(epoch: 43, iters: 996, time: 0.107, data: 0.001) G_GAN: 1.003 D_real: 0.014 D_fake: 0.024 G: 2.220 NCE: 1.380 NCE_Y: 1.053 
(epoch: 43, iters: 1096, time: 0.107, data: 0.001) G_GAN: 0.904 D_real: 0.008 D_fake: 0.024 G: 2.125 NCE: 1.359 NCE_Y: 1.082 
(epoch: 43, iters: 1196, time: 0.107, data: 0.001) G_GAN: 1.101 D_real: 0.017 D_fake: 0.018 G: 2.330 NCE: 1.423 NCE_Y: 1.035 
(epoch: 43, iters: 1296, time: 0.107, data: 0.001) G_GAN: 1.083 D_real: 0.005 D_fake: 0.011 G: 2.275 NCE: 1.364 NCE_Y: 1.019 
(epoch: 43, iters: 1396, time: 0.106, data: 0.001) G_GAN: 0.966 D_real: 0.005 D_fake: 0.012 G: 2.171 NCE: 1.391 NCE_Y: 1.019 
(epoch: 43, iters: 1496, time: 0.107, data: 0.001) G_GAN: 1.015 D_real: 0.021 D_fake: 0.016 G: 2.246 NCE: 1.395 NCE_Y: 1.065 
(epoch: 43, iters: 1596, time: 0.107, data: 0.001) G_GAN: 0.939 D_real: 0.024 D_fake: 0.083 G: 2.205 NCE: 1.432 NCE_Y: 1.101 
(epoch: 43, iters: 1696, time: 0.107, data: 0.002) G_GAN: 0.892 D_real: 0.010 D_fake: 0.018 G: 2.100 NCE: 1.306 NCE_Y: 1.109 
(epoch: 43, iters: 1796, time: 0.107, data: 0.001) G_GAN: 0.805 D_real: 0.012 D_fake: 0.123 G: 2.095 NCE: 1.492 NCE_Y: 1.088 
(epoch: 43, iters: 1896, time: 0.107, data: 0.002) G_GAN: 0.755 D_real: 0.013 D_fake: 0.021 G: 1.992 NCE: 1.382 NCE_Y: 1.092 
(epoch: 43, iters: 1996, time: 0.107, data: 0.001) G_GAN: 1.027 D_real: 0.063 D_fake: 0.047 G: 2.329 NCE: 1.522 NCE_Y: 1.083 
(epoch: 43, iters: 2096, time: 0.107, data: 0.001) G_GAN: 1.048 D_real: 0.164 D_fake: 0.023 G: 2.377 NCE: 1.528 NCE_Y: 1.131 
(epoch: 43, iters: 2196, time: 0.107, data: 0.002) G_GAN: 0.544 D_real: 0.104 D_fake: 0.101 G: 1.825 NCE: 1.423 NCE_Y: 1.139 
(epoch: 43, iters: 2296, time: 0.107, data: 0.001) G_GAN: 0.699 D_real: 0.215 D_fake: 0.030 G: 1.970 NCE: 1.422 NCE_Y: 1.121 
(epoch: 43, iters: 2396, time: 0.107, data: 0.001) G_GAN: 0.623 D_real: 0.053 D_fake: 0.129 G: 1.873 NCE: 1.373 NCE_Y: 1.127 
(epoch: 43, iters: 2496, time: 0.107, data: 0.001) G_GAN: 1.311 D_real: 0.128 D_fake: 0.114 G: 2.585 NCE: 1.420 NCE_Y: 1.129 
(epoch: 43, iters: 2596, time: 0.107, data: 0.001) G_GAN: 1.032 D_real: 0.023 D_fake: 0.172 G: 2.342 NCE: 1.524 NCE_Y: 1.097 
(epoch: 43, iters: 2696, time: 0.107, data: 0.001) G_GAN: 0.628 D_real: 0.071 D_fake: 0.139 G: 1.901 NCE: 1.442 NCE_Y: 1.104 
(epoch: 43, iters: 2796, time: 0.107, data: 0.001) G_GAN: 0.792 D_real: 0.070 D_fake: 0.096 G: 2.125 NCE: 1.525 NCE_Y: 1.142 
(epoch: 43, iters: 2896, time: 0.106, data: 0.001) G_GAN: 0.898 D_real: 0.076 D_fake: 0.057 G: 2.177 NCE: 1.447 NCE_Y: 1.110 
(epoch: 43, iters: 2996, time: 0.106, data: 0.001) G_GAN: 0.434 D_real: 0.198 D_fake: 0.092 G: 1.686 NCE: 1.388 NCE_Y: 1.115 
(epoch: 43, iters: 3096, time: 0.106, data: 0.002) G_GAN: 0.573 D_real: 0.089 D_fake: 0.175 G: 1.844 NCE: 1.382 NCE_Y: 1.160 
(epoch: 43, iters: 3196, time: 0.107, data: 0.001) G_GAN: 0.587 D_real: 0.686 D_fake: 0.040 G: 1.857 NCE: 1.420 NCE_Y: 1.121 
(epoch: 43, iters: 3296, time: 0.107, data: 0.002) G_GAN: 0.702 D_real: 0.063 D_fake: 0.061 G: 1.959 NCE: 1.408 NCE_Y: 1.106 
(epoch: 43, iters: 3396, time: 0.107, data: 0.001) G_GAN: 0.863 D_real: 0.079 D_fake: 0.032 G: 2.105 NCE: 1.407 NCE_Y: 1.077 
(epoch: 43, iters: 3496, time: 0.107, data: 0.001) G_GAN: 0.753 D_real: 0.029 D_fake: 0.160 G: 2.050 NCE: 1.471 NCE_Y: 1.123 
(epoch: 43, iters: 3596, time: 0.107, data: 0.001) G_GAN: 0.421 D_real: 0.104 D_fake: 0.149 G: 1.703 NCE: 1.437 NCE_Y: 1.128 
(epoch: 43, iters: 3696, time: 0.107, data: 0.002) G_GAN: 0.509 D_real: 0.056 D_fake: 0.283 G: 1.794 NCE: 1.435 NCE_Y: 1.135 
End of epoch 43 / 60 	 Time Taken: 404 sec
learning rate = 0.0001097
(epoch: 44, iters: 84, time: 0.107, data: 0.001) G_GAN: 0.336 D_real: 0.143 D_fake: 0.195 G: 1.639 NCE: 1.505 NCE_Y: 1.100 
(epoch: 44, iters: 184, time: 0.107, data: 0.001) G_GAN: 0.739 D_real: 0.021 D_fake: 0.078 G: 2.017 NCE: 1.446 NCE_Y: 1.108 
(epoch: 44, iters: 284, time: 0.107, data: 0.001) G_GAN: 0.897 D_real: 0.069 D_fake: 0.023 G: 2.164 NCE: 1.419 NCE_Y: 1.115 
(epoch: 44, iters: 384, time: 0.106, data: 0.001) G_GAN: 1.209 D_real: 0.206 D_fake: 0.046 G: 2.458 NCE: 1.372 NCE_Y: 1.126 
saving the latest model (epoch 44, total_iters 160000)
doctr_SD_to_SELFF_nl2
(epoch: 44, iters: 484, time: 0.106, data: 0.001) G_GAN: 0.402 D_real: 0.121 D_fake: 0.157 G: 1.675 NCE: 1.412 NCE_Y: 1.135 
(epoch: 44, iters: 584, time: 0.106, data: 0.001) G_GAN: 0.876 D_real: 0.030 D_fake: 0.020 G: 2.130 NCE: 1.394 NCE_Y: 1.115 
(epoch: 44, iters: 684, time: 0.107, data: 0.001) G_GAN: 0.647 D_real: 0.125 D_fake: 0.164 G: 1.936 NCE: 1.474 NCE_Y: 1.106 
(epoch: 44, iters: 784, time: 0.106, data: 0.001) G_GAN: 0.713 D_real: 0.031 D_fake: 0.114 G: 2.004 NCE: 1.481 NCE_Y: 1.101 
(epoch: 44, iters: 884, time: 0.106, data: 0.001) G_GAN: 0.429 D_real: 0.275 D_fake: 0.236 G: 1.708 NCE: 1.435 NCE_Y: 1.123 
(epoch: 44, iters: 984, time: 0.106, data: 0.001) G_GAN: 0.821 D_real: 0.021 D_fake: 0.071 G: 2.131 NCE: 1.497 NCE_Y: 1.123 
(epoch: 44, iters: 1084, time: 0.106, data: 0.001) G_GAN: 1.048 D_real: 0.028 D_fake: 0.023 G: 2.334 NCE: 1.468 NCE_Y: 1.104 
(epoch: 44, iters: 1184, time: 0.106, data: 0.001) G_GAN: 0.857 D_real: 0.015 D_fake: 0.085 G: 2.118 NCE: 1.403 NCE_Y: 1.119 
(epoch: 44, iters: 1284, time: 0.107, data: 0.001) G_GAN: 0.416 D_real: 0.197 D_fake: 0.257 G: 1.679 NCE: 1.410 NCE_Y: 1.116 
(epoch: 44, iters: 1384, time: 0.106, data: 0.001) G_GAN: 0.328 D_real: 0.128 D_fake: 0.186 G: 1.580 NCE: 1.405 NCE_Y: 1.099 
(epoch: 44, iters: 1484, time: 0.106, data: 0.001) G_GAN: 0.583 D_real: 0.075 D_fake: 0.349 G: 1.815 NCE: 1.343 NCE_Y: 1.119 
(epoch: 44, iters: 1584, time: 0.106, data: 0.001) G_GAN: 0.921 D_real: 0.038 D_fake: 0.083 G: 2.176 NCE: 1.403 NCE_Y: 1.107 
(epoch: 44, iters: 1684, time: 0.106, data: 0.001) G_GAN: 0.601 D_real: 0.089 D_fake: 0.040 G: 1.860 NCE: 1.401 NCE_Y: 1.117 
(epoch: 44, iters: 1784, time: 0.106, data: 0.001) G_GAN: 0.940 D_real: 0.024 D_fake: 0.444 G: 2.207 NCE: 1.403 NCE_Y: 1.132 
(epoch: 44, iters: 1884, time: 0.107, data: 0.001) G_GAN: 1.226 D_real: 0.119 D_fake: 0.080 G: 2.471 NCE: 1.382 NCE_Y: 1.107 
(epoch: 44, iters: 1984, time: 0.106, data: 0.002) G_GAN: 0.395 D_real: 0.257 D_fake: 0.110 G: 1.650 NCE: 1.429 NCE_Y: 1.082 
(epoch: 44, iters: 2084, time: 0.106, data: 0.001) G_GAN: 0.622 D_real: 0.180 D_fake: 0.162 G: 2.045 NCE: 1.720 NCE_Y: 1.125 
(epoch: 44, iters: 2184, time: 0.106, data: 0.001) G_GAN: 1.326 D_real: 0.116 D_fake: 0.088 G: 2.593 NCE: 1.415 NCE_Y: 1.117 
(epoch: 44, iters: 2284, time: 0.106, data: 0.001) G_GAN: 0.872 D_real: 0.022 D_fake: 0.058 G: 2.131 NCE: 1.411 NCE_Y: 1.108 
(epoch: 44, iters: 2384, time: 0.106, data: 0.001) G_GAN: 0.929 D_real: 0.027 D_fake: 0.064 G: 2.284 NCE: 1.598 NCE_Y: 1.112 
(epoch: 44, iters: 2484, time: 0.105, data: 0.001) G_GAN: 0.254 D_real: 0.583 D_fake: 0.080 G: 1.543 NCE: 1.474 NCE_Y: 1.102 
(epoch: 44, iters: 2584, time: 0.105, data: 0.001) G_GAN: 0.481 D_real: 0.270 D_fake: 0.129 G: 1.737 NCE: 1.414 NCE_Y: 1.097 
(epoch: 44, iters: 2684, time: 0.105, data: 0.001) G_GAN: 0.378 D_real: 0.268 D_fake: 0.190 G: 1.593 NCE: 1.314 NCE_Y: 1.116 
(epoch: 44, iters: 2784, time: 0.106, data: 0.001) G_GAN: 0.328 D_real: 0.199 D_fake: 0.239 G: 1.555 NCE: 1.347 NCE_Y: 1.105 
(epoch: 44, iters: 2884, time: 0.107, data: 0.001) G_GAN: 0.259 D_real: 0.308 D_fake: 0.265 G: 1.506 NCE: 1.367 NCE_Y: 1.126 
(epoch: 44, iters: 2984, time: 0.107, data: 0.001) G_GAN: 0.334 D_real: 0.270 D_fake: 0.177 G: 1.559 NCE: 1.349 NCE_Y: 1.100 
(epoch: 44, iters: 3084, time: 0.107, data: 0.001) G_GAN: 0.734 D_real: 0.045 D_fake: 0.213 G: 1.969 NCE: 1.365 NCE_Y: 1.106 
(epoch: 44, iters: 3184, time: 0.106, data: 0.001) G_GAN: 1.007 D_real: 0.019 D_fake: 0.036 G: 2.305 NCE: 1.448 NCE_Y: 1.149 
(epoch: 44, iters: 3284, time: 0.105, data: 0.001) G_GAN: 0.989 D_real: 0.011 D_fake: 0.017 G: 2.273 NCE: 1.493 NCE_Y: 1.073 
(epoch: 44, iters: 3384, time: 0.105, data: 0.001) G_GAN: 1.039 D_real: 0.014 D_fake: 0.017 G: 2.361 NCE: 1.560 NCE_Y: 1.084 
(epoch: 44, iters: 3484, time: 0.106, data: 0.001) G_GAN: 0.994 D_real: 0.010 D_fake: 0.010 G: 2.284 NCE: 1.487 NCE_Y: 1.093 
(epoch: 44, iters: 3584, time: 0.106, data: 0.001) G_GAN: 1.020 D_real: 0.017 D_fake: 0.025 G: 2.306 NCE: 1.513 NCE_Y: 1.059 
(epoch: 44, iters: 3684, time: 0.106, data: 0.001) G_GAN: 1.066 D_real: 0.018 D_fake: 0.043 G: 2.419 NCE: 1.639 NCE_Y: 1.067 
End of epoch 44 / 60 	 Time Taken: 401 sec
learning rate = 0.0001032
(epoch: 45, iters: 72, time: 0.106, data: 0.001) G_GAN: 1.113 D_real: 0.044 D_fake: 0.037 G: 2.444 NCE: 1.571 NCE_Y: 1.092 
(epoch: 45, iters: 172, time: 0.107, data: 0.001) G_GAN: 0.998 D_real: 0.010 D_fake: 0.031 G: 2.276 NCE: 1.485 NCE_Y: 1.072 
(epoch: 45, iters: 272, time: 0.107, data: 0.001) G_GAN: 0.827 D_real: 0.023 D_fake: 0.031 G: 2.114 NCE: 1.468 NCE_Y: 1.108 
(epoch: 45, iters: 372, time: 0.107, data: 0.001) G_GAN: 0.951 D_real: 0.021 D_fake: 0.014 G: 2.210 NCE: 1.392 NCE_Y: 1.126 
(epoch: 45, iters: 472, time: 0.107, data: 0.001) G_GAN: 0.851 D_real: 0.068 D_fake: 0.059 G: 2.097 NCE: 1.405 NCE_Y: 1.086 
(epoch: 45, iters: 572, time: 0.107, data: 0.001) G_GAN: 0.942 D_real: 0.012 D_fake: 0.013 G: 2.162 NCE: 1.360 NCE_Y: 1.079 
(epoch: 45, iters: 672, time: 0.107, data: 0.001) G_GAN: 0.882 D_real: 0.019 D_fake: 0.049 G: 2.118 NCE: 1.395 NCE_Y: 1.078 
(epoch: 45, iters: 772, time: 0.106, data: 0.001) G_GAN: 1.088 D_real: 0.125 D_fake: 0.050 G: 2.334 NCE: 1.392 NCE_Y: 1.100 
(epoch: 45, iters: 872, time: 0.106, data: 0.001) G_GAN: 0.916 D_real: 0.069 D_fake: 0.206 G: 2.178 NCE: 1.389 NCE_Y: 1.136 
(epoch: 45, iters: 972, time: 0.106, data: 0.001) G_GAN: 0.601 D_real: 0.048 D_fake: 0.223 G: 1.891 NCE: 1.470 NCE_Y: 1.109 
(epoch: 45, iters: 1072, time: 0.106, data: 0.002) G_GAN: 0.429 D_real: 0.323 D_fake: 0.074 G: 1.656 NCE: 1.375 NCE_Y: 1.080 
(epoch: 45, iters: 1172, time: 0.106, data: 0.001) G_GAN: 0.485 D_real: 0.278 D_fake: 0.043 G: 1.775 NCE: 1.493 NCE_Y: 1.086 
(epoch: 45, iters: 1272, time: 0.107, data: 0.001) G_GAN: 0.841 D_real: 0.226 D_fake: 0.130 G: 2.148 NCE: 1.467 NCE_Y: 1.147 
(epoch: 45, iters: 1372, time: 0.106, data: 0.001) G_GAN: 0.936 D_real: 0.035 D_fake: 0.014 G: 2.229 NCE: 1.460 NCE_Y: 1.125 
(epoch: 45, iters: 1472, time: 0.106, data: 0.001) G_GAN: 1.129 D_real: 0.074 D_fake: 0.037 G: 2.390 NCE: 1.427 NCE_Y: 1.096 
(epoch: 45, iters: 1572, time: 0.106, data: 0.001) G_GAN: 0.495 D_real: 0.249 D_fake: 0.043 G: 1.754 NCE: 1.418 NCE_Y: 1.099 
(epoch: 45, iters: 1672, time: 0.106, data: 0.001) G_GAN: 0.732 D_real: 0.074 D_fake: 0.078 G: 1.978 NCE: 1.401 NCE_Y: 1.089 
saving the latest model (epoch 45, total_iters 165000)
doctr_SD_to_SELFF_nl2
(epoch: 45, iters: 1772, time: 0.107, data: 0.001) G_GAN: 0.760 D_real: 0.206 D_fake: 0.061 G: 1.987 NCE: 1.360 NCE_Y: 1.094 
(epoch: 45, iters: 1872, time: 0.107, data: 0.001) G_GAN: 0.821 D_real: 0.121 D_fake: 0.025 G: 2.058 NCE: 1.389 NCE_Y: 1.086 
(epoch: 45, iters: 1972, time: 0.106, data: 0.001) G_GAN: 1.052 D_real: 0.047 D_fake: 0.095 G: 2.304 NCE: 1.422 NCE_Y: 1.082 
(epoch: 45, iters: 2072, time: 0.106, data: 0.001) G_GAN: 1.243 D_real: 0.023 D_fake: 0.031 G: 2.502 NCE: 1.401 NCE_Y: 1.119 
(epoch: 45, iters: 2172, time: 0.106, data: 0.001) G_GAN: 0.364 D_real: 0.367 D_fake: 0.143 G: 1.607 NCE: 1.415 NCE_Y: 1.072 
(epoch: 45, iters: 2272, time: 0.106, data: 0.001) G_GAN: 0.643 D_real: 0.195 D_fake: 0.022 G: 1.922 NCE: 1.446 NCE_Y: 1.111 
(epoch: 45, iters: 2372, time: 0.107, data: 0.001) G_GAN: 1.178 D_real: 0.065 D_fake: 0.034 G: 2.437 NCE: 1.410 NCE_Y: 1.108 
(epoch: 45, iters: 2472, time: 0.106, data: 0.002) G_GAN: 0.730 D_real: 0.013 D_fake: 0.112 G: 1.981 NCE: 1.379 NCE_Y: 1.123 
(epoch: 45, iters: 2572, time: 0.107, data: 0.001) G_GAN: 0.813 D_real: 0.105 D_fake: 0.027 G: 2.101 NCE: 1.467 NCE_Y: 1.109 
(epoch: 45, iters: 2672, time: 0.107, data: 0.001) G_GAN: 0.828 D_real: 0.115 D_fake: 0.019 G: 2.066 NCE: 1.366 NCE_Y: 1.111 
(epoch: 45, iters: 2772, time: 0.107, data: 0.001) G_GAN: 0.925 D_real: 0.021 D_fake: 0.032 G: 2.177 NCE: 1.410 NCE_Y: 1.094 
(epoch: 45, iters: 2872, time: 0.107, data: 0.001) G_GAN: 0.492 D_real: 0.195 D_fake: 0.160 G: 1.692 NCE: 1.316 NCE_Y: 1.086 
(epoch: 45, iters: 2972, time: 0.107, data: 0.001) G_GAN: 0.550 D_real: 0.047 D_fake: 0.215 G: 1.782 NCE: 1.342 NCE_Y: 1.124 
(epoch: 45, iters: 3072, time: 0.107, data: 0.001) G_GAN: 0.378 D_real: 0.112 D_fake: 0.182 G: 1.627 NCE: 1.428 NCE_Y: 1.071 
(epoch: 45, iters: 3172, time: 0.107, data: 0.001) G_GAN: 0.398 D_real: 0.212 D_fake: 0.152 G: 1.647 NCE: 1.393 NCE_Y: 1.104 
(epoch: 45, iters: 3272, time: 0.106, data: 0.001) G_GAN: 0.505 D_real: 0.036 D_fake: 0.256 G: 1.710 NCE: 1.344 NCE_Y: 1.067 
(epoch: 45, iters: 3372, time: 0.106, data: 0.001) G_GAN: 0.263 D_real: 0.286 D_fake: 0.260 G: 1.525 NCE: 1.436 NCE_Y: 1.088 
(epoch: 45, iters: 3472, time: 0.106, data: 0.001) G_GAN: 0.337 D_real: 0.139 D_fake: 0.235 G: 1.567 NCE: 1.354 NCE_Y: 1.106 
(epoch: 45, iters: 3572, time: 0.106, data: 0.001) G_GAN: 0.946 D_real: 0.084 D_fake: 0.030 G: 2.159 NCE: 1.346 NCE_Y: 1.082 
(epoch: 45, iters: 3672, time: 0.106, data: 0.001) G_GAN: 1.048 D_real: 0.013 D_fake: 0.014 G: 2.313 NCE: 1.428 NCE_Y: 1.100 
saving the model at the end of epoch 45, iters 167040
End of epoch 45 / 60 	 Time Taken: 403 sec
learning rate = 0.0000968
(epoch: 46, iters: 60, time: 0.107, data: 0.002) G_GAN: 0.810 D_real: 0.020 D_fake: 0.032 G: 2.111 NCE: 1.487 NCE_Y: 1.115 
(epoch: 46, iters: 160, time: 0.107, data: 0.001) G_GAN: 0.800 D_real: 0.020 D_fake: 0.217 G: 2.032 NCE: 1.363 NCE_Y: 1.103 
(epoch: 46, iters: 260, time: 0.107, data: 0.002) G_GAN: 0.628 D_real: 0.179 D_fake: 0.023 G: 1.899 NCE: 1.410 NCE_Y: 1.131 
(epoch: 46, iters: 360, time: 0.106, data: 0.002) G_GAN: 1.015 D_real: 0.227 D_fake: 0.015 G: 2.286 NCE: 1.416 NCE_Y: 1.125 
(epoch: 46, iters: 460, time: 0.107, data: 0.001) G_GAN: 1.014 D_real: 0.018 D_fake: 0.268 G: 2.310 NCE: 1.471 NCE_Y: 1.123 
(epoch: 46, iters: 560, time: 0.107, data: 0.001) G_GAN: 0.431 D_real: 0.226 D_fake: 0.254 G: 1.666 NCE: 1.354 NCE_Y: 1.117 
(epoch: 46, iters: 660, time: 0.107, data: 0.002) G_GAN: 0.399 D_real: 0.169 D_fake: 0.187 G: 1.626 NCE: 1.343 NCE_Y: 1.110 
(epoch: 46, iters: 760, time: 0.107, data: 0.001) G_GAN: 1.160 D_real: 0.201 D_fake: 0.088 G: 2.482 NCE: 1.515 NCE_Y: 1.130 
(epoch: 46, iters: 860, time: 0.107, data: 0.001) G_GAN: 0.692 D_real: 0.129 D_fake: 0.083 G: 1.961 NCE: 1.425 NCE_Y: 1.113 
(epoch: 46, iters: 960, time: 0.107, data: 0.001) G_GAN: 0.710 D_real: 0.061 D_fake: 0.148 G: 1.976 NCE: 1.421 NCE_Y: 1.111 
(epoch: 46, iters: 1060, time: 0.107, data: 0.002) G_GAN: 0.303 D_real: 0.314 D_fake: 0.151 G: 1.556 NCE: 1.410 NCE_Y: 1.096 
(epoch: 46, iters: 1160, time: 0.107, data: 0.001) G_GAN: 0.842 D_real: 0.017 D_fake: 0.067 G: 2.082 NCE: 1.376 NCE_Y: 1.105 
(epoch: 46, iters: 1260, time: 0.107, data: 0.001) G_GAN: 0.849 D_real: 0.017 D_fake: 0.021 G: 2.256 NCE: 1.648 NCE_Y: 1.164 
(epoch: 46, iters: 1360, time: 0.106, data: 0.001) G_GAN: 0.798 D_real: 0.023 D_fake: 0.118 G: 2.028 NCE: 1.376 NCE_Y: 1.085 
(epoch: 46, iters: 1460, time: 0.107, data: 0.001) G_GAN: 1.049 D_real: 0.017 D_fake: 0.014 G: 2.310 NCE: 1.414 NCE_Y: 1.107 
(epoch: 46, iters: 1560, time: 0.106, data: 0.001) G_GAN: 0.937 D_real: 0.012 D_fake: 0.011 G: 2.161 NCE: 1.360 NCE_Y: 1.090 
(epoch: 46, iters: 1660, time: 0.106, data: 0.001) G_GAN: 0.898 D_real: 0.018 D_fake: 0.025 G: 2.171 NCE: 1.454 NCE_Y: 1.092 
(epoch: 46, iters: 1760, time: 0.106, data: 0.001) G_GAN: 0.367 D_real: 0.110 D_fake: 0.216 G: 1.592 NCE: 1.368 NCE_Y: 1.083 
(epoch: 46, iters: 1860, time: 0.106, data: 0.001) G_GAN: 0.971 D_real: 0.030 D_fake: 0.072 G: 2.241 NCE: 1.443 NCE_Y: 1.096 
(epoch: 46, iters: 1960, time: 0.106, data: 0.001) G_GAN: 0.961 D_real: 0.019 D_fake: 0.268 G: 2.201 NCE: 1.413 NCE_Y: 1.068 
(epoch: 46, iters: 2060, time: 0.105, data: 0.001) G_GAN: 0.986 D_real: 0.036 D_fake: 0.024 G: 2.220 NCE: 1.355 NCE_Y: 1.112 
(epoch: 46, iters: 2160, time: 0.105, data: 0.001) G_GAN: 0.870 D_real: 0.025 D_fake: 0.044 G: 2.095 NCE: 1.375 NCE_Y: 1.077 
(epoch: 46, iters: 2260, time: 0.104, data: 0.001) G_GAN: 0.861 D_real: 0.029 D_fake: 0.316 G: 2.135 NCE: 1.475 NCE_Y: 1.073 
(epoch: 46, iters: 2360, time: 0.105, data: 0.001) G_GAN: 1.367 D_real: 0.028 D_fake: 0.245 G: 2.654 NCE: 1.461 NCE_Y: 1.111 
(epoch: 46, iters: 2460, time: 0.105, data: 0.001) G_GAN: 0.553 D_real: 0.024 D_fake: 0.358 G: 1.876 NCE: 1.522 NCE_Y: 1.124 
(epoch: 46, iters: 2560, time: 0.106, data: 0.001) G_GAN: 0.309 D_real: 0.171 D_fake: 0.197 G: 1.577 NCE: 1.420 NCE_Y: 1.115 
(epoch: 46, iters: 2660, time: 0.106, data: 0.001) G_GAN: 0.430 D_real: 0.209 D_fake: 0.166 G: 1.655 NCE: 1.354 NCE_Y: 1.096 
(epoch: 46, iters: 2760, time: 0.106, data: 0.001) G_GAN: 0.455 D_real: 0.049 D_fake: 0.193 G: 1.749 NCE: 1.445 NCE_Y: 1.143 
(epoch: 46, iters: 2860, time: 0.106, data: 0.001) G_GAN: 0.354 D_real: 0.192 D_fake: 0.173 G: 1.624 NCE: 1.458 NCE_Y: 1.082 
(epoch: 46, iters: 2960, time: 0.107, data: 0.001) G_GAN: 0.303 D_real: 0.108 D_fake: 0.254 G: 1.618 NCE: 1.533 NCE_Y: 1.098 
saving the latest model (epoch 46, total_iters 170000)
doctr_SD_to_SELFF_nl2
(epoch: 46, iters: 3060, time: 0.107, data: 0.001) G_GAN: 0.606 D_real: 0.034 D_fake: 0.159 G: 1.849 NCE: 1.394 NCE_Y: 1.091 
(epoch: 46, iters: 3160, time: 0.106, data: 0.001) G_GAN: 0.633 D_real: 0.065 D_fake: 0.131 G: 1.905 NCE: 1.421 NCE_Y: 1.122 
(epoch: 46, iters: 3260, time: 0.107, data: 0.001) G_GAN: 0.945 D_real: 0.051 D_fake: 0.020 G: 2.198 NCE: 1.434 NCE_Y: 1.073 
(epoch: 46, iters: 3360, time: 0.107, data: 0.001) G_GAN: 0.889 D_real: 0.058 D_fake: 0.023 G: 2.190 NCE: 1.513 NCE_Y: 1.091 
(epoch: 46, iters: 3460, time: 0.107, data: 0.001) G_GAN: 0.834 D_real: 0.022 D_fake: 0.063 G: 2.069 NCE: 1.379 NCE_Y: 1.093 
(epoch: 46, iters: 3560, time: 0.107, data: 0.001) G_GAN: 0.846 D_real: 0.071 D_fake: 0.074 G: 2.213 NCE: 1.583 NCE_Y: 1.152 
(epoch: 46, iters: 3660, time: 0.106, data: 0.002) G_GAN: 1.091 D_real: 0.224 D_fake: 0.048 G: 2.390 NCE: 1.489 NCE_Y: 1.108 
End of epoch 46 / 60 	 Time Taken: 402 sec
learning rate = 0.0000903
(epoch: 47, iters: 48, time: 0.106, data: 0.001) G_GAN: 0.960 D_real: 0.106 D_fake: 0.047 G: 2.192 NCE: 1.408 NCE_Y: 1.056 
(epoch: 47, iters: 148, time: 0.106, data: 0.001) G_GAN: 1.107 D_real: 0.018 D_fake: 0.020 G: 2.352 NCE: 1.384 NCE_Y: 1.105 
(epoch: 47, iters: 248, time: 0.106, data: 0.001) G_GAN: 1.239 D_real: 0.040 D_fake: 0.030 G: 2.520 NCE: 1.459 NCE_Y: 1.104 
(epoch: 47, iters: 348, time: 0.106, data: 0.001) G_GAN: 1.002 D_real: 0.225 D_fake: 0.023 G: 2.256 NCE: 1.404 NCE_Y: 1.104 
(epoch: 47, iters: 448, time: 0.106, data: 0.001) G_GAN: 0.883 D_real: 0.185 D_fake: 0.018 G: 2.178 NCE: 1.503 NCE_Y: 1.087 
(epoch: 47, iters: 548, time: 0.106, data: 0.001) G_GAN: 0.384 D_real: 0.273 D_fake: 0.134 G: 1.676 NCE: 1.477 NCE_Y: 1.106 
(epoch: 47, iters: 648, time: 0.106, data: 0.001) G_GAN: 0.396 D_real: 0.149 D_fake: 0.175 G: 1.634 NCE: 1.374 NCE_Y: 1.101 
(epoch: 47, iters: 748, time: 0.107, data: 0.001) G_GAN: 0.375 D_real: 0.166 D_fake: 0.186 G: 1.659 NCE: 1.464 NCE_Y: 1.103 
(epoch: 47, iters: 848, time: 0.107, data: 0.001) G_GAN: 0.948 D_real: 0.014 D_fake: 0.011 G: 2.316 NCE: 1.569 NCE_Y: 1.168 
(epoch: 47, iters: 948, time: 0.107, data: 0.001) G_GAN: 0.870 D_real: 0.016 D_fake: 0.050 G: 2.160 NCE: 1.483 NCE_Y: 1.097 
(epoch: 47, iters: 1048, time: 0.107, data: 0.002) G_GAN: 0.819 D_real: 0.016 D_fake: 0.061 G: 2.157 NCE: 1.567 NCE_Y: 1.107 
(epoch: 47, iters: 1148, time: 0.107, data: 0.001) G_GAN: 0.411 D_real: 0.169 D_fake: 0.126 G: 1.732 NCE: 1.514 NCE_Y: 1.128 
(epoch: 47, iters: 1248, time: 0.107, data: 0.001) G_GAN: 0.347 D_real: 0.339 D_fake: 0.165 G: 1.606 NCE: 1.401 NCE_Y: 1.117 
(epoch: 47, iters: 1348, time: 0.107, data: 0.001) G_GAN: 0.936 D_real: 0.173 D_fake: 0.028 G: 2.281 NCE: 1.569 NCE_Y: 1.120 
(epoch: 47, iters: 1448, time: 0.107, data: 0.001) G_GAN: 0.961 D_real: 0.049 D_fake: 0.058 G: 2.250 NCE: 1.490 NCE_Y: 1.089 
(epoch: 47, iters: 1548, time: 0.107, data: 0.001) G_GAN: 0.522 D_real: 0.443 D_fake: 0.077 G: 1.835 NCE: 1.514 NCE_Y: 1.112 
(epoch: 47, iters: 1648, time: 0.107, data: 0.002) G_GAN: 0.797 D_real: 0.027 D_fake: 0.030 G: 2.037 NCE: 1.380 NCE_Y: 1.102 
(epoch: 47, iters: 1748, time: 0.107, data: 0.001) G_GAN: 1.250 D_real: 0.272 D_fake: 0.057 G: 2.484 NCE: 1.383 NCE_Y: 1.085 
(epoch: 47, iters: 1848, time: 0.106, data: 0.001) G_GAN: 1.394 D_real: 0.062 D_fake: 0.080 G: 2.657 NCE: 1.419 NCE_Y: 1.106 
(epoch: 47, iters: 1948, time: 0.107, data: 0.001) G_GAN: 0.721 D_real: 0.017 D_fake: 0.096 G: 2.008 NCE: 1.460 NCE_Y: 1.116 
(epoch: 47, iters: 2048, time: 0.106, data: 0.001) G_GAN: 0.917 D_real: 0.012 D_fake: 0.016 G: 2.189 NCE: 1.388 NCE_Y: 1.154 
(epoch: 47, iters: 2148, time: 0.106, data: 0.001) G_GAN: 0.807 D_real: 0.215 D_fake: 0.007 G: 2.083 NCE: 1.411 NCE_Y: 1.141 
(epoch: 47, iters: 2248, time: 0.107, data: 0.001) G_GAN: 0.934 D_real: 0.015 D_fake: 0.007 G: 2.191 NCE: 1.344 NCE_Y: 1.171 
(epoch: 47, iters: 2348, time: 0.107, data: 0.001) G_GAN: 1.019 D_real: 0.005 D_fake: 0.005 G: 2.248 NCE: 1.353 NCE_Y: 1.105 
(epoch: 47, iters: 2448, time: 0.107, data: 0.001) G_GAN: 0.931 D_real: 0.009 D_fake: 0.009 G: 2.273 NCE: 1.553 NCE_Y: 1.131 
(epoch: 47, iters: 2548, time: 0.106, data: 0.001) G_GAN: 1.067 D_real: 0.015 D_fake: 0.032 G: 2.397 NCE: 1.568 NCE_Y: 1.093 
(epoch: 47, iters: 2648, time: 0.106, data: 0.001) G_GAN: 0.970 D_real: 0.036 D_fake: 0.010 G: 2.219 NCE: 1.368 NCE_Y: 1.130 
(epoch: 47, iters: 2748, time: 0.106, data: 0.001) G_GAN: 1.042 D_real: 0.008 D_fake: 0.019 G: 2.293 NCE: 1.388 NCE_Y: 1.113 
(epoch: 47, iters: 2848, time: 0.106, data: 0.001) G_GAN: 1.169 D_real: 0.011 D_fake: 0.024 G: 2.641 NCE: 1.835 NCE_Y: 1.110 
(epoch: 47, iters: 2948, time: 0.106, data: 0.001) G_GAN: 1.020 D_real: 0.006 D_fake: 0.010 G: 2.226 NCE: 1.319 NCE_Y: 1.094 
(epoch: 47, iters: 3048, time: 0.106, data: 0.001) G_GAN: 1.011 D_real: 0.007 D_fake: 0.019 G: 2.222 NCE: 1.304 NCE_Y: 1.117 
(epoch: 47, iters: 3148, time: 0.107, data: 0.001) G_GAN: 1.003 D_real: 0.005 D_fake: 0.006 G: 2.206 NCE: 1.313 NCE_Y: 1.094 
(epoch: 47, iters: 3248, time: 0.107, data: 0.001) G_GAN: 1.031 D_real: 0.017 D_fake: 0.012 G: 2.243 NCE: 1.295 NCE_Y: 1.128 
(epoch: 47, iters: 3348, time: 0.107, data: 0.001) G_GAN: 0.993 D_real: 0.007 D_fake: 0.017 G: 2.234 NCE: 1.360 NCE_Y: 1.122 
(epoch: 47, iters: 3448, time: 0.107, data: 0.001) G_GAN: 0.967 D_real: 0.021 D_fake: 0.018 G: 2.253 NCE: 1.404 NCE_Y: 1.167 
(epoch: 47, iters: 3548, time: 0.107, data: 0.001) G_GAN: 1.047 D_real: 0.005 D_fake: 0.026 G: 2.358 NCE: 1.437 NCE_Y: 1.185 
(epoch: 47, iters: 3648, time: 0.107, data: 0.001) G_GAN: 1.028 D_real: 0.012 D_fake: 0.018 G: 2.270 NCE: 1.314 NCE_Y: 1.170 
End of epoch 47 / 60 	 Time Taken: 404 sec
learning rate = 0.0000839
(epoch: 48, iters: 36, time: 0.107, data: 0.001) G_GAN: 1.080 D_real: 0.017 D_fake: 0.046 G: 2.301 NCE: 1.328 NCE_Y: 1.113 
(epoch: 48, iters: 136, time: 0.107, data: 0.002) G_GAN: 1.024 D_real: 0.008 D_fake: 0.013 G: 2.260 NCE: 1.332 NCE_Y: 1.140 
(epoch: 48, iters: 236, time: 0.107, data: 0.001) G_GAN: 1.006 D_real: 0.007 D_fake: 0.024 G: 2.240 NCE: 1.319 NCE_Y: 1.148 
(epoch: 48, iters: 336, time: 0.107, data: 0.001) G_GAN: 0.980 D_real: 0.007 D_fake: 0.010 G: 2.208 NCE: 1.326 NCE_Y: 1.131 
(epoch: 48, iters: 436, time: 0.107, data: 0.001) G_GAN: 0.995 D_real: 0.014 D_fake: 0.017 G: 2.234 NCE: 1.365 NCE_Y: 1.114 
(epoch: 48, iters: 536, time: 0.107, data: 0.001) G_GAN: 0.964 D_real: 0.011 D_fake: 0.027 G: 2.245 NCE: 1.414 NCE_Y: 1.148 
saving the latest model (epoch 48, total_iters 175000)
doctr_SD_to_SELFF_nl2
(epoch: 48, iters: 636, time: 0.108, data: 0.001) G_GAN: 1.016 D_real: 0.004 D_fake: 0.006 G: 2.237 NCE: 1.289 NCE_Y: 1.152 
(epoch: 48, iters: 736, time: 0.108, data: 0.001) G_GAN: 0.965 D_real: 0.005 D_fake: 0.005 G: 2.268 NCE: 1.461 NCE_Y: 1.145 
(epoch: 48, iters: 836, time: 0.108, data: 0.001) G_GAN: 1.036 D_real: 0.010 D_fake: 0.014 G: 2.309 NCE: 1.389 NCE_Y: 1.157 
(epoch: 48, iters: 936, time: 0.107, data: 0.001) G_GAN: 0.968 D_real: 0.016 D_fake: 0.028 G: 2.243 NCE: 1.362 NCE_Y: 1.187 
(epoch: 48, iters: 1036, time: 0.107, data: 0.002) G_GAN: 0.938 D_real: 0.130 D_fake: 0.060 G: 2.226 NCE: 1.406 NCE_Y: 1.171 
(epoch: 48, iters: 1136, time: 0.108, data: 0.001) G_GAN: 1.052 D_real: 0.007 D_fake: 0.061 G: 2.387 NCE: 1.443 NCE_Y: 1.229 
(epoch: 48, iters: 1236, time: 0.107, data: 0.001) G_GAN: 0.928 D_real: 0.023 D_fake: 0.055 G: 2.283 NCE: 1.554 NCE_Y: 1.154 
(epoch: 48, iters: 1336, time: 0.107, data: 0.001) G_GAN: 0.922 D_real: 0.016 D_fake: 0.043 G: 2.182 NCE: 1.358 NCE_Y: 1.162 
(epoch: 48, iters: 1436, time: 0.107, data: 0.001) G_GAN: 0.999 D_real: 0.022 D_fake: 0.056 G: 2.267 NCE: 1.345 NCE_Y: 1.191 
(epoch: 48, iters: 1536, time: 0.107, data: 0.002) G_GAN: 1.140 D_real: 0.022 D_fake: 0.064 G: 2.408 NCE: 1.374 NCE_Y: 1.162 
(epoch: 48, iters: 1636, time: 0.107, data: 0.001) G_GAN: 0.999 D_real: 0.007 D_fake: 0.016 G: 2.233 NCE: 1.315 NCE_Y: 1.153 
(epoch: 48, iters: 1736, time: 0.107, data: 0.001) G_GAN: 1.277 D_real: 0.004 D_fake: 0.063 G: 2.518 NCE: 1.296 NCE_Y: 1.186 
(epoch: 48, iters: 1836, time: 0.107, data: 0.002) G_GAN: 1.076 D_real: 0.009 D_fake: 0.022 G: 2.323 NCE: 1.331 NCE_Y: 1.161 
(epoch: 48, iters: 1936, time: 0.107, data: 0.001) G_GAN: 0.928 D_real: 0.007 D_fake: 0.032 G: 2.264 NCE: 1.542 NCE_Y: 1.131 
(epoch: 48, iters: 2036, time: 0.107, data: 0.001) G_GAN: 1.017 D_real: 0.009 D_fake: 0.008 G: 2.246 NCE: 1.300 NCE_Y: 1.157 
(epoch: 48, iters: 2136, time: 0.107, data: 0.001) G_GAN: 0.963 D_real: 0.009 D_fake: 0.007 G: 2.169 NCE: 1.283 NCE_Y: 1.130 
(epoch: 48, iters: 2236, time: 0.107, data: 0.001) G_GAN: 1.006 D_real: 0.004 D_fake: 0.008 G: 2.196 NCE: 1.273 NCE_Y: 1.107 
(epoch: 48, iters: 2336, time: 0.107, data: 0.001) G_GAN: 1.027 D_real: 0.008 D_fake: 0.017 G: 2.234 NCE: 1.289 NCE_Y: 1.125 
(epoch: 48, iters: 2436, time: 0.107, data: 0.001) G_GAN: 0.985 D_real: 0.004 D_fake: 0.007 G: 2.247 NCE: 1.388 NCE_Y: 1.135 
(epoch: 48, iters: 2536, time: 0.109, data: 0.002) G_GAN: 1.056 D_real: 0.006 D_fake: 0.017 G: 2.335 NCE: 1.403 NCE_Y: 1.156 
(epoch: 48, iters: 2636, time: 0.109, data: 0.001) G_GAN: 0.970 D_real: 0.006 D_fake: 0.016 G: 2.217 NCE: 1.315 NCE_Y: 1.179 
(epoch: 48, iters: 2736, time: 0.109, data: 0.001) G_GAN: 1.118 D_real: 0.008 D_fake: 0.035 G: 2.298 NCE: 1.290 NCE_Y: 1.070 
(epoch: 48, iters: 2836, time: 0.108, data: 0.001) G_GAN: 1.008 D_real: 0.006 D_fake: 0.018 G: 2.239 NCE: 1.338 NCE_Y: 1.123 
(epoch: 48, iters: 2936, time: 0.107, data: 0.001) G_GAN: 1.041 D_real: 0.004 D_fake: 0.014 G: 2.306 NCE: 1.404 NCE_Y: 1.126 
(epoch: 48, iters: 3036, time: 0.107, data: 0.001) G_GAN: 1.062 D_real: 0.007 D_fake: 0.035 G: 2.266 NCE: 1.322 NCE_Y: 1.087 
(epoch: 48, iters: 3136, time: 0.107, data: 0.001) G_GAN: 1.022 D_real: 0.005 D_fake: 0.013 G: 2.236 NCE: 1.340 NCE_Y: 1.088 
(epoch: 48, iters: 3236, time: 0.107, data: 0.001) G_GAN: 0.959 D_real: 0.004 D_fake: 0.014 G: 2.178 NCE: 1.355 NCE_Y: 1.082 
(epoch: 48, iters: 3336, time: 0.107, data: 0.001) G_GAN: 1.009 D_real: 0.003 D_fake: 0.010 G: 2.260 NCE: 1.417 NCE_Y: 1.085 
(epoch: 48, iters: 3436, time: 0.107, data: 0.001) G_GAN: 0.894 D_real: 0.004 D_fake: 0.028 G: 2.115 NCE: 1.390 NCE_Y: 1.050 
(epoch: 48, iters: 3536, time: 0.107, data: 0.002) G_GAN: 1.043 D_real: 0.005 D_fake: 0.018 G: 2.274 NCE: 1.379 NCE_Y: 1.083 
(epoch: 48, iters: 3636, time: 0.107, data: 0.001) G_GAN: 0.978 D_real: 0.013 D_fake: 0.012 G: 2.265 NCE: 1.455 NCE_Y: 1.118 
End of epoch 48 / 60 	 Time Taken: 406 sec
learning rate = 0.0000774
(epoch: 49, iters: 24, time: 0.107, data: 0.001) G_GAN: 1.030 D_real: 0.003 D_fake: 0.018 G: 2.242 NCE: 1.356 NCE_Y: 1.067 
(epoch: 49, iters: 124, time: 0.107, data: 0.001) G_GAN: 0.946 D_real: 0.003 D_fake: 0.026 G: 2.198 NCE: 1.402 NCE_Y: 1.101 
(epoch: 49, iters: 224, time: 0.107, data: 0.001) G_GAN: 0.951 D_real: 0.007 D_fake: 0.014 G: 2.190 NCE: 1.369 NCE_Y: 1.108 
(epoch: 49, iters: 324, time: 0.107, data: 0.001) G_GAN: 1.013 D_real: 0.007 D_fake: 0.013 G: 2.238 NCE: 1.329 NCE_Y: 1.121 
(epoch: 49, iters: 424, time: 0.107, data: 0.001) G_GAN: 1.128 D_real: 0.009 D_fake: 0.027 G: 2.383 NCE: 1.389 NCE_Y: 1.121 
(epoch: 49, iters: 524, time: 0.107, data: 0.001) G_GAN: 0.960 D_real: 0.004 D_fake: 0.015 G: 2.206 NCE: 1.365 NCE_Y: 1.127 
(epoch: 49, iters: 624, time: 0.107, data: 0.002) G_GAN: 1.052 D_real: 0.016 D_fake: 0.014 G: 2.352 NCE: 1.427 NCE_Y: 1.172 
(epoch: 49, iters: 724, time: 0.107, data: 0.001) G_GAN: 1.003 D_real: 0.007 D_fake: 0.015 G: 2.258 NCE: 1.367 NCE_Y: 1.143 
(epoch: 49, iters: 824, time: 0.106, data: 0.001) G_GAN: 0.989 D_real: 0.005 D_fake: 0.011 G: 2.194 NCE: 1.342 NCE_Y: 1.069 
(epoch: 49, iters: 924, time: 0.106, data: 0.001) G_GAN: 0.942 D_real: 0.010 D_fake: 0.013 G: 2.094 NCE: 1.283 NCE_Y: 1.021 
(epoch: 49, iters: 1024, time: 0.106, data: 0.001) G_GAN: 1.084 D_real: 0.025 D_fake: 0.016 G: 2.258 NCE: 1.279 NCE_Y: 1.068 
(epoch: 49, iters: 1124, time: 0.106, data: 0.002) G_GAN: 0.903 D_real: 0.030 D_fake: 0.008 G: 2.037 NCE: 1.244 NCE_Y: 1.023 
(epoch: 49, iters: 1224, time: 0.106, data: 0.001) G_GAN: 0.850 D_real: 0.010 D_fake: 0.015 G: 1.967 NCE: 1.263 NCE_Y: 0.972 
(epoch: 49, iters: 1324, time: 0.107, data: 0.001) G_GAN: 0.823 D_real: 0.026 D_fake: 0.015 G: 1.973 NCE: 1.290 NCE_Y: 1.010 
(epoch: 49, iters: 1424, time: 0.107, data: 0.001) G_GAN: 0.831 D_real: 0.009 D_fake: 0.051 G: 2.098 NCE: 1.435 NCE_Y: 1.099 
(epoch: 49, iters: 1524, time: 0.107, data: 0.001) G_GAN: 0.871 D_real: 0.023 D_fake: 0.068 G: 2.117 NCE: 1.421 NCE_Y: 1.070 
(epoch: 49, iters: 1624, time: 0.107, data: 0.001) G_GAN: 0.688 D_real: 0.104 D_fake: 0.024 G: 2.021 NCE: 1.568 NCE_Y: 1.099 
(epoch: 49, iters: 1724, time: 0.107, data: 0.002) G_GAN: 0.848 D_real: 0.028 D_fake: 0.023 G: 2.072 NCE: 1.369 NCE_Y: 1.078 
(epoch: 49, iters: 1824, time: 0.107, data: 0.001) G_GAN: 0.911 D_real: 0.032 D_fake: 0.058 G: 2.095 NCE: 1.319 NCE_Y: 1.049 
saving the latest model (epoch 49, total_iters 180000)
doctr_SD_to_SELFF_nl2
(epoch: 49, iters: 1924, time: 0.107, data: 0.001) G_GAN: 1.095 D_real: 0.011 D_fake: 0.020 G: 2.329 NCE: 1.327 NCE_Y: 1.141 
(epoch: 49, iters: 2024, time: 0.106, data: 0.001) G_GAN: 0.861 D_real: 0.113 D_fake: 0.023 G: 2.080 NCE: 1.387 NCE_Y: 1.052 
(epoch: 49, iters: 2124, time: 0.106, data: 0.001) G_GAN: 1.001 D_real: 0.026 D_fake: 0.019 G: 2.260 NCE: 1.386 NCE_Y: 1.133 
(epoch: 49, iters: 2224, time: 0.107, data: 0.001) G_GAN: 0.878 D_real: 0.023 D_fake: 0.072 G: 2.101 NCE: 1.379 NCE_Y: 1.067 
(epoch: 49, iters: 2324, time: 0.106, data: 0.001) G_GAN: 0.904 D_real: 0.030 D_fake: 0.013 G: 2.147 NCE: 1.380 NCE_Y: 1.107 
(epoch: 49, iters: 2424, time: 0.106, data: 0.001) G_GAN: 0.680 D_real: 0.053 D_fake: 0.085 G: 2.016 NCE: 1.564 NCE_Y: 1.108 
(epoch: 49, iters: 2524, time: 0.106, data: 0.001) G_GAN: 0.846 D_real: 0.020 D_fake: 0.073 G: 2.202 NCE: 1.588 NCE_Y: 1.124 
(epoch: 49, iters: 2624, time: 0.106, data: 0.001) G_GAN: 0.722 D_real: 0.032 D_fake: 0.090 G: 2.063 NCE: 1.586 NCE_Y: 1.097 
(epoch: 49, iters: 2724, time: 0.106, data: 0.001) G_GAN: 0.761 D_real: 0.067 D_fake: 0.033 G: 2.056 NCE: 1.484 NCE_Y: 1.107 
(epoch: 49, iters: 2824, time: 0.106, data: 0.001) G_GAN: 0.838 D_real: 0.033 D_fake: 0.036 G: 2.158 NCE: 1.531 NCE_Y: 1.110 
(epoch: 49, iters: 2924, time: 0.106, data: 0.001) G_GAN: 0.878 D_real: 0.019 D_fake: 0.026 G: 2.184 NCE: 1.527 NCE_Y: 1.085 
(epoch: 49, iters: 3024, time: 0.107, data: 0.001) G_GAN: 0.786 D_real: 0.086 D_fake: 0.038 G: 2.123 NCE: 1.596 NCE_Y: 1.079 
(epoch: 49, iters: 3124, time: 0.107, data: 0.001) G_GAN: 0.695 D_real: 0.065 D_fake: 0.059 G: 2.054 NCE: 1.627 NCE_Y: 1.091 
(epoch: 49, iters: 3224, time: 0.107, data: 0.001) G_GAN: 0.929 D_real: 0.050 D_fake: 0.065 G: 2.316 NCE: 1.668 NCE_Y: 1.108 
(epoch: 49, iters: 3324, time: 0.107, data: 0.001) G_GAN: 0.757 D_real: 0.082 D_fake: 0.025 G: 2.083 NCE: 1.548 NCE_Y: 1.104 
(epoch: 49, iters: 3424, time: 0.107, data: 0.001) G_GAN: 0.900 D_real: 0.020 D_fake: 0.063 G: 2.173 NCE: 1.484 NCE_Y: 1.061 
(epoch: 49, iters: 3524, time: 0.106, data: 0.002) G_GAN: 1.024 D_real: 0.030 D_fake: 0.015 G: 2.330 NCE: 1.538 NCE_Y: 1.074 
(epoch: 49, iters: 3624, time: 0.106, data: 0.001) G_GAN: 0.842 D_real: 0.244 D_fake: 0.030 G: 2.240 NCE: 1.723 NCE_Y: 1.073 
End of epoch 49 / 60 	 Time Taken: 403 sec
learning rate = 0.0000710
(epoch: 50, iters: 12, time: 0.106, data: 0.001) G_GAN: 0.972 D_real: 0.026 D_fake: 0.037 G: 2.308 NCE: 1.519 NCE_Y: 1.153 
(epoch: 50, iters: 112, time: 0.107, data: 0.001) G_GAN: 0.457 D_real: 0.236 D_fake: 0.150 G: 1.737 NCE: 1.471 NCE_Y: 1.089 
(epoch: 50, iters: 212, time: 0.107, data: 0.001) G_GAN: 0.877 D_real: 0.025 D_fake: 0.049 G: 2.247 NCE: 1.683 NCE_Y: 1.057 
(epoch: 50, iters: 312, time: 0.107, data: 0.001) G_GAN: 0.666 D_real: 0.034 D_fake: 0.177 G: 1.940 NCE: 1.467 NCE_Y: 1.081 
(epoch: 50, iters: 412, time: 0.106, data: 0.002) G_GAN: 0.572 D_real: 0.017 D_fake: 0.120 G: 1.817 NCE: 1.449 NCE_Y: 1.041 
(epoch: 50, iters: 512, time: 0.106, data: 0.001) G_GAN: 0.854 D_real: 0.014 D_fake: 0.036 G: 2.274 NCE: 1.780 NCE_Y: 1.060 
(epoch: 50, iters: 612, time: 0.106, data: 0.001) G_GAN: 0.667 D_real: 0.046 D_fake: 0.132 G: 1.967 NCE: 1.516 NCE_Y: 1.084 
(epoch: 50, iters: 712, time: 0.107, data: 0.001) G_GAN: 0.558 D_real: 0.185 D_fake: 0.109 G: 1.858 NCE: 1.511 NCE_Y: 1.089 
(epoch: 50, iters: 812, time: 0.106, data: 0.001) G_GAN: 0.931 D_real: 0.073 D_fake: 0.134 G: 2.205 NCE: 1.450 NCE_Y: 1.098 
(epoch: 50, iters: 912, time: 0.106, data: 0.001) G_GAN: 1.028 D_real: 0.063 D_fake: 0.018 G: 2.299 NCE: 1.463 NCE_Y: 1.079 
(epoch: 50, iters: 1012, time: 0.106, data: 0.001) G_GAN: 0.718 D_real: 0.069 D_fake: 0.071 G: 1.999 NCE: 1.476 NCE_Y: 1.086 
(epoch: 50, iters: 1112, time: 0.106, data: 0.001) G_GAN: 0.982 D_real: 0.026 D_fake: 0.081 G: 2.250 NCE: 1.470 NCE_Y: 1.065 
(epoch: 50, iters: 1212, time: 0.106, data: 0.001) G_GAN: 0.941 D_real: 0.035 D_fake: 0.132 G: 2.367 NCE: 1.759 NCE_Y: 1.093 
(epoch: 50, iters: 1312, time: 0.107, data: 0.001) G_GAN: 0.719 D_real: 0.020 D_fake: 0.166 G: 1.995 NCE: 1.445 NCE_Y: 1.107 
(epoch: 50, iters: 1412, time: 0.107, data: 0.002) G_GAN: 1.175 D_real: 0.012 D_fake: 0.028 G: 2.466 NCE: 1.440 NCE_Y: 1.142 
(epoch: 50, iters: 1512, time: 0.107, data: 0.001) G_GAN: 1.199 D_real: 0.018 D_fake: 0.035 G: 2.516 NCE: 1.520 NCE_Y: 1.113 
(epoch: 50, iters: 1612, time: 0.107, data: 0.001) G_GAN: 0.953 D_real: 0.012 D_fake: 0.009 G: 2.258 NCE: 1.447 NCE_Y: 1.163 
(epoch: 50, iters: 1712, time: 0.107, data: 0.001) G_GAN: 0.832 D_real: 0.015 D_fake: 0.017 G: 2.134 NCE: 1.498 NCE_Y: 1.106 
(epoch: 50, iters: 1812, time: 0.107, data: 0.001) G_GAN: 0.922 D_real: 0.012 D_fake: 0.008 G: 2.181 NCE: 1.417 NCE_Y: 1.100 
(epoch: 50, iters: 1912, time: 0.107, data: 0.001) G_GAN: 0.892 D_real: 0.015 D_fake: 0.015 G: 2.174 NCE: 1.451 NCE_Y: 1.113 
(epoch: 50, iters: 2012, time: 0.107, data: 0.001) G_GAN: 0.836 D_real: 0.055 D_fake: 0.086 G: 2.066 NCE: 1.366 NCE_Y: 1.094 
(epoch: 50, iters: 2112, time: 0.106, data: 0.001) G_GAN: 0.531 D_real: 0.018 D_fake: 0.167 G: 1.763 NCE: 1.380 NCE_Y: 1.083 
(epoch: 50, iters: 2212, time: 0.106, data: 0.001) G_GAN: 0.436 D_real: 0.247 D_fake: 0.114 G: 1.764 NCE: 1.528 NCE_Y: 1.128 
(epoch: 50, iters: 2312, time: 0.107, data: 0.001) G_GAN: 0.411 D_real: 0.026 D_fake: 0.315 G: 1.675 NCE: 1.458 NCE_Y: 1.070 
(epoch: 50, iters: 2412, time: 0.107, data: 0.001) G_GAN: 0.426 D_real: 0.271 D_fake: 0.113 G: 1.753 NCE: 1.564 NCE_Y: 1.091 
(epoch: 50, iters: 2512, time: 0.106, data: 0.001) G_GAN: 0.402 D_real: 0.148 D_fake: 0.218 G: 1.692 NCE: 1.483 NCE_Y: 1.097 
(epoch: 50, iters: 2612, time: 0.106, data: 0.002) G_GAN: 0.467 D_real: 0.178 D_fake: 0.132 G: 1.774 NCE: 1.504 NCE_Y: 1.110 
(epoch: 50, iters: 2712, time: 0.106, data: 0.001) G_GAN: 0.829 D_real: 0.482 D_fake: 0.034 G: 2.082 NCE: 1.414 NCE_Y: 1.093 
(epoch: 50, iters: 2812, time: 0.106, data: 0.001) G_GAN: 0.426 D_real: 0.126 D_fake: 0.153 G: 1.787 NCE: 1.596 NCE_Y: 1.126 
(epoch: 50, iters: 2912, time: 0.107, data: 0.001) G_GAN: 0.377 D_real: 0.199 D_fake: 0.265 G: 1.632 NCE: 1.426 NCE_Y: 1.085 
(epoch: 50, iters: 3012, time: 0.107, data: 0.001) G_GAN: 0.511 D_real: 0.347 D_fake: 0.098 G: 1.781 NCE: 1.445 NCE_Y: 1.095 
(epoch: 50, iters: 3112, time: 0.106, data: 0.001) G_GAN: 1.290 D_real: 0.037 D_fake: 0.049 G: 2.627 NCE: 1.570 NCE_Y: 1.102 
saving the latest model (epoch 50, total_iters 185000)
doctr_SD_to_SELFF_nl2
(epoch: 50, iters: 3212, time: 0.106, data: 0.001) G_GAN: 0.971 D_real: 0.036 D_fake: 0.035 G: 2.315 NCE: 1.586 NCE_Y: 1.100 
(epoch: 50, iters: 3312, time: 0.107, data: 0.001) G_GAN: 0.705 D_real: 0.260 D_fake: 0.083 G: 1.970 NCE: 1.413 NCE_Y: 1.117 
(epoch: 50, iters: 3412, time: 0.107, data: 0.002) G_GAN: 0.739 D_real: 0.022 D_fake: 0.090 G: 2.011 NCE: 1.442 NCE_Y: 1.104 
(epoch: 50, iters: 3512, time: 0.107, data: 0.001) G_GAN: 1.149 D_real: 0.014 D_fake: 0.024 G: 2.577 NCE: 1.766 NCE_Y: 1.089 
(epoch: 50, iters: 3612, time: 0.107, data: 0.001) G_GAN: 1.342 D_real: 0.021 D_fake: 0.066 G: 2.579 NCE: 1.388 NCE_Y: 1.086 
(epoch: 50, iters: 3712, time: 0.107, data: 0.001) G_GAN: 0.363 D_real: 0.238 D_fake: 0.204 G: 1.613 NCE: 1.362 NCE_Y: 1.138 
saving the model at the end of epoch 50, iters 185600
End of epoch 50 / 60 	 Time Taken: 404 sec
learning rate = 0.0000645
(epoch: 51, iters: 100, time: 0.107, data: 0.126) G_GAN: 0.319 D_real: 0.187 D_fake: 0.231 G: 1.570 NCE: 1.392 NCE_Y: 1.109 
(epoch: 51, iters: 200, time: 0.107, data: 0.001) G_GAN: 0.982 D_real: 0.049 D_fake: 0.028 G: 2.308 NCE: 1.509 NCE_Y: 1.143 
(epoch: 51, iters: 300, time: 0.107, data: 0.001) G_GAN: 0.716 D_real: 0.029 D_fake: 0.054 G: 1.978 NCE: 1.421 NCE_Y: 1.104 
(epoch: 51, iters: 400, time: 0.107, data: 0.001) G_GAN: 1.354 D_real: 0.037 D_fake: 0.093 G: 2.591 NCE: 1.369 NCE_Y: 1.105 
(epoch: 51, iters: 500, time: 0.107, data: 0.001) G_GAN: 0.785 D_real: 0.036 D_fake: 0.055 G: 2.030 NCE: 1.382 NCE_Y: 1.108 
(epoch: 51, iters: 600, time: 0.107, data: 0.001) G_GAN: 0.717 D_real: 0.024 D_fake: 0.233 G: 1.937 NCE: 1.368 NCE_Y: 1.071 
(epoch: 51, iters: 700, time: 0.107, data: 0.001) G_GAN: 1.308 D_real: 0.087 D_fake: 0.046 G: 2.599 NCE: 1.469 NCE_Y: 1.112 
(epoch: 51, iters: 800, time: 0.107, data: 0.001) G_GAN: 0.886 D_real: 0.052 D_fake: 0.105 G: 2.132 NCE: 1.422 NCE_Y: 1.071 
(epoch: 51, iters: 900, time: 0.107, data: 0.002) G_GAN: 0.871 D_real: 0.012 D_fake: 0.036 G: 2.123 NCE: 1.423 NCE_Y: 1.081 
(epoch: 51, iters: 1000, time: 0.107, data: 0.001) G_GAN: 1.199 D_real: 0.041 D_fake: 0.026 G: 2.452 NCE: 1.420 NCE_Y: 1.086 
(epoch: 51, iters: 1100, time: 0.107, data: 0.001) G_GAN: 0.814 D_real: 0.011 D_fake: 0.158 G: 2.055 NCE: 1.391 NCE_Y: 1.091 
(epoch: 51, iters: 1200, time: 0.107, data: 0.001) G_GAN: 0.435 D_real: 0.137 D_fake: 0.184 G: 1.724 NCE: 1.486 NCE_Y: 1.091 
(epoch: 51, iters: 1300, time: 0.107, data: 0.001) G_GAN: 0.532 D_real: 0.030 D_fake: 0.155 G: 1.761 NCE: 1.363 NCE_Y: 1.096 
(epoch: 51, iters: 1400, time: 0.107, data: 0.001) G_GAN: 0.739 D_real: 0.015 D_fake: 0.047 G: 1.990 NCE: 1.397 NCE_Y: 1.104 
(epoch: 51, iters: 1500, time: 0.107, data: 0.001) G_GAN: 0.922 D_real: 0.016 D_fake: 0.022 G: 2.174 NCE: 1.432 NCE_Y: 1.073 
(epoch: 51, iters: 1600, time: 0.107, data: 0.002) G_GAN: 1.069 D_real: 0.019 D_fake: 0.021 G: 2.327 NCE: 1.412 NCE_Y: 1.105 
(epoch: 51, iters: 1700, time: 0.107, data: 0.001) G_GAN: 1.001 D_real: 0.144 D_fake: 0.030 G: 2.238 NCE: 1.376 NCE_Y: 1.098 
(epoch: 51, iters: 1800, time: 0.107, data: 0.001) G_GAN: 0.885 D_real: 0.033 D_fake: 0.009 G: 2.149 NCE: 1.427 NCE_Y: 1.100 
(epoch: 51, iters: 1900, time: 0.106, data: 0.001) G_GAN: 0.821 D_real: 0.017 D_fake: 0.042 G: 2.075 NCE: 1.391 NCE_Y: 1.117 
(epoch: 51, iters: 2000, time: 0.106, data: 0.001) G_GAN: 0.858 D_real: 0.170 D_fake: 0.034 G: 2.107 NCE: 1.395 NCE_Y: 1.103 
(epoch: 51, iters: 2100, time: 0.106, data: 0.001) G_GAN: 0.361 D_real: 0.247 D_fake: 0.220 G: 1.608 NCE: 1.404 NCE_Y: 1.089 
(epoch: 51, iters: 2200, time: 0.106, data: 0.001) G_GAN: 0.723 D_real: 0.043 D_fake: 0.087 G: 1.955 NCE: 1.375 NCE_Y: 1.088 
(epoch: 51, iters: 2300, time: 0.106, data: 0.001) G_GAN: 0.420 D_real: 0.119 D_fake: 0.160 G: 1.659 NCE: 1.377 NCE_Y: 1.101 
(epoch: 51, iters: 2400, time: 0.106, data: 0.001) G_GAN: 0.582 D_real: 0.043 D_fake: 0.095 G: 1.809 NCE: 1.322 NCE_Y: 1.131 
(epoch: 51, iters: 2500, time: 0.106, data: 0.001) G_GAN: 1.204 D_real: 0.018 D_fake: 0.036 G: 2.445 NCE: 1.406 NCE_Y: 1.077 
(epoch: 51, iters: 2600, time: 0.106, data: 0.001) G_GAN: 1.548 D_real: 0.053 D_fake: 0.138 G: 2.840 NCE: 1.487 NCE_Y: 1.097 
(epoch: 51, iters: 2700, time: 0.106, data: 0.001) G_GAN: 0.417 D_real: 0.171 D_fake: 0.197 G: 1.696 NCE: 1.454 NCE_Y: 1.104 
(epoch: 51, iters: 2800, time: 0.106, data: 0.001) G_GAN: 1.087 D_real: 0.026 D_fake: 0.021 G: 2.345 NCE: 1.432 NCE_Y: 1.084 
(epoch: 51, iters: 2900, time: 0.106, data: 0.001) G_GAN: 0.952 D_real: 0.034 D_fake: 0.018 G: 2.190 NCE: 1.405 NCE_Y: 1.071 
(epoch: 51, iters: 3000, time: 0.106, data: 0.001) G_GAN: 1.131 D_real: 0.019 D_fake: 0.017 G: 2.386 NCE: 1.391 NCE_Y: 1.118 
(epoch: 51, iters: 3100, time: 0.106, data: 0.001) G_GAN: 0.708 D_real: 0.014 D_fake: 0.061 G: 1.971 NCE: 1.414 NCE_Y: 1.112 
(epoch: 51, iters: 3200, time: 0.107, data: 0.001) G_GAN: 0.807 D_real: 0.019 D_fake: 0.063 G: 2.187 NCE: 1.650 NCE_Y: 1.111 
(epoch: 51, iters: 3300, time: 0.107, data: 0.001) G_GAN: 1.314 D_real: 0.017 D_fake: 0.044 G: 2.547 NCE: 1.389 NCE_Y: 1.077 
(epoch: 51, iters: 3400, time: 0.107, data: 0.001) G_GAN: 1.170 D_real: 0.042 D_fake: 0.038 G: 2.432 NCE: 1.429 NCE_Y: 1.096 
(epoch: 51, iters: 3500, time: 0.106, data: 0.001) G_GAN: 1.028 D_real: 0.024 D_fake: 0.017 G: 2.319 NCE: 1.484 NCE_Y: 1.098 
(epoch: 51, iters: 3600, time: 0.105, data: 0.001) G_GAN: 0.977 D_real: 0.016 D_fake: 0.020 G: 2.222 NCE: 1.344 NCE_Y: 1.145 
(epoch: 51, iters: 3700, time: 0.105, data: 0.001) G_GAN: 0.423 D_real: 0.178 D_fake: 0.139 G: 1.648 NCE: 1.385 NCE_Y: 1.064 
End of epoch 51 / 60 	 Time Taken: 403 sec
learning rate = 0.0000581
(epoch: 52, iters: 88, time: 0.106, data: 0.001) G_GAN: 0.384 D_real: 0.227 D_fake: 0.183 G: 1.643 NCE: 1.443 NCE_Y: 1.075 
(epoch: 52, iters: 188, time: 0.106, data: 0.001) G_GAN: 0.275 D_real: 0.229 D_fake: 0.275 G: 1.552 NCE: 1.451 NCE_Y: 1.104 
(epoch: 52, iters: 288, time: 0.107, data: 0.002) G_GAN: 0.758 D_real: 0.013 D_fake: 0.267 G: 1.987 NCE: 1.379 NCE_Y: 1.077 
(epoch: 52, iters: 388, time: 0.106, data: 0.002) G_GAN: 1.580 D_real: 0.026 D_fake: 0.118 G: 2.835 NCE: 1.393 NCE_Y: 1.116 
(epoch: 52, iters: 488, time: 0.106, data: 0.001) G_GAN: 0.873 D_real: 0.018 D_fake: 0.063 G: 2.219 NCE: 1.619 NCE_Y: 1.073 
(epoch: 52, iters: 588, time: 0.106, data: 0.002) G_GAN: 1.230 D_real: 0.034 D_fake: 0.044 G: 2.484 NCE: 1.423 NCE_Y: 1.084 
(epoch: 52, iters: 688, time: 0.106, data: 0.001) G_GAN: 0.810 D_real: 0.036 D_fake: 0.083 G: 2.057 NCE: 1.388 NCE_Y: 1.106 
saving the latest model (epoch 52, total_iters 190000)
doctr_SD_to_SELFF_nl2
(epoch: 52, iters: 788, time: 0.106, data: 0.001) G_GAN: 1.135 D_real: 0.014 D_fake: 0.022 G: 2.381 NCE: 1.407 NCE_Y: 1.087 
(epoch: 52, iters: 888, time: 0.107, data: 0.001) G_GAN: 0.981 D_real: 0.115 D_fake: 0.018 G: 2.231 NCE: 1.393 NCE_Y: 1.107 
(epoch: 52, iters: 988, time: 0.107, data: 0.001) G_GAN: 0.712 D_real: 0.015 D_fake: 0.085 G: 1.962 NCE: 1.407 NCE_Y: 1.092 
(epoch: 52, iters: 1088, time: 0.108, data: 0.002) G_GAN: 0.417 D_real: 0.235 D_fake: 0.144 G: 1.686 NCE: 1.431 NCE_Y: 1.107 
(epoch: 52, iters: 1188, time: 0.108, data: 0.002) G_GAN: 1.059 D_real: 0.162 D_fake: 0.256 G: 2.308 NCE: 1.417 NCE_Y: 1.081 
(epoch: 52, iters: 1288, time: 0.108, data: 0.002) G_GAN: 0.662 D_real: 0.123 D_fake: 0.036 G: 1.943 NCE: 1.443 NCE_Y: 1.118 
(epoch: 52, iters: 1388, time: 0.108, data: 0.002) G_GAN: 0.694 D_real: 0.027 D_fake: 0.095 G: 1.956 NCE: 1.386 NCE_Y: 1.137 
(epoch: 52, iters: 1488, time: 0.108, data: 0.002) G_GAN: 0.967 D_real: 0.021 D_fake: 0.012 G: 2.202 NCE: 1.355 NCE_Y: 1.115 
(epoch: 52, iters: 1588, time: 0.108, data: 0.002) G_GAN: 0.904 D_real: 0.024 D_fake: 0.018 G: 2.138 NCE: 1.359 NCE_Y: 1.110 
(epoch: 52, iters: 1688, time: 0.108, data: 0.002) G_GAN: 0.905 D_real: 0.082 D_fake: 0.047 G: 2.224 NCE: 1.499 NCE_Y: 1.140 
(epoch: 52, iters: 1788, time: 0.108, data: 0.001) G_GAN: 1.214 D_real: 0.032 D_fake: 0.048 G: 2.510 NCE: 1.513 NCE_Y: 1.077 
(epoch: 52, iters: 1888, time: 0.108, data: 0.001) G_GAN: 0.291 D_real: 0.213 D_fake: 0.348 G: 1.536 NCE: 1.405 NCE_Y: 1.086 
(epoch: 52, iters: 1988, time: 0.108, data: 0.002) G_GAN: 1.142 D_real: 0.054 D_fake: 0.039 G: 2.339 NCE: 1.332 NCE_Y: 1.064 
(epoch: 52, iters: 2088, time: 0.108, data: 0.002) G_GAN: 0.912 D_real: 0.053 D_fake: 0.022 G: 2.221 NCE: 1.453 NCE_Y: 1.165 
(epoch: 52, iters: 2188, time: 0.108, data: 0.002) G_GAN: 0.629 D_real: 0.028 D_fake: 0.137 G: 1.872 NCE: 1.388 NCE_Y: 1.098 
(epoch: 52, iters: 2288, time: 0.108, data: 0.002) G_GAN: 0.780 D_real: 0.026 D_fake: 0.045 G: 2.045 NCE: 1.417 NCE_Y: 1.114 
(epoch: 52, iters: 2388, time: 0.108, data: 0.002) G_GAN: 1.019 D_real: 0.139 D_fake: 0.021 G: 2.267 NCE: 1.392 NCE_Y: 1.104 
(epoch: 52, iters: 2488, time: 0.108, data: 0.003) G_GAN: 0.834 D_real: 0.016 D_fake: 0.058 G: 2.110 NCE: 1.453 NCE_Y: 1.100 
(epoch: 52, iters: 2588, time: 0.108, data: 0.002) G_GAN: 0.848 D_real: 0.012 D_fake: 0.093 G: 2.084 NCE: 1.363 NCE_Y: 1.109 
(epoch: 52, iters: 2688, time: 0.108, data: 0.002) G_GAN: 0.845 D_real: 0.014 D_fake: 0.158 G: 2.166 NCE: 1.537 NCE_Y: 1.105 
(epoch: 52, iters: 2788, time: 0.108, data: 0.002) G_GAN: 0.805 D_real: 0.035 D_fake: 0.057 G: 2.046 NCE: 1.352 NCE_Y: 1.129 
(epoch: 52, iters: 2888, time: 0.108, data: 0.002) G_GAN: 0.502 D_real: 0.060 D_fake: 0.155 G: 1.714 NCE: 1.356 NCE_Y: 1.068 
(epoch: 52, iters: 2988, time: 0.108, data: 0.002) G_GAN: 0.391 D_real: 0.185 D_fake: 0.163 G: 1.616 NCE: 1.338 NCE_Y: 1.112 
(epoch: 52, iters: 3088, time: 0.109, data: 0.001) G_GAN: 0.340 D_real: 0.296 D_fake: 0.261 G: 1.570 NCE: 1.373 NCE_Y: 1.087 
(epoch: 52, iters: 3188, time: 0.108, data: 0.002) G_GAN: 0.302 D_real: 0.148 D_fake: 0.243 G: 1.539 NCE: 1.363 NCE_Y: 1.110 
(epoch: 52, iters: 3288, time: 0.108, data: 0.002) G_GAN: 0.455 D_real: 0.221 D_fake: 0.115 G: 1.695 NCE: 1.390 NCE_Y: 1.091 
(epoch: 52, iters: 3388, time: 0.108, data: 0.002) G_GAN: 0.339 D_real: 0.162 D_fake: 0.233 G: 1.553 NCE: 1.325 NCE_Y: 1.102 
(epoch: 52, iters: 3488, time: 0.108, data: 0.002) G_GAN: 0.313 D_real: 0.132 D_fake: 0.240 G: 1.672 NCE: 1.611 NCE_Y: 1.108 
(epoch: 52, iters: 3588, time: 0.108, data: 0.002) G_GAN: 0.470 D_real: 0.330 D_fake: 0.103 G: 1.666 NCE: 1.303 NCE_Y: 1.090 
(epoch: 52, iters: 3688, time: 0.108, data: 0.002) G_GAN: 0.370 D_real: 0.239 D_fake: 0.148 G: 1.612 NCE: 1.369 NCE_Y: 1.117 
End of epoch 52 / 60 	 Time Taken: 409 sec
learning rate = 0.0000516
(epoch: 53, iters: 76, time: 0.108, data: 0.002) G_GAN: 0.300 D_real: 0.156 D_fake: 0.269 G: 1.562 NCE: 1.419 NCE_Y: 1.105 
(epoch: 53, iters: 176, time: 0.108, data: 0.001) G_GAN: 0.298 D_real: 0.276 D_fake: 0.223 G: 1.528 NCE: 1.360 NCE_Y: 1.099 
(epoch: 53, iters: 276, time: 0.108, data: 0.001) G_GAN: 0.464 D_real: 0.168 D_fake: 0.146 G: 1.857 NCE: 1.666 NCE_Y: 1.120 
(epoch: 53, iters: 376, time: 0.108, data: 0.001) G_GAN: 0.456 D_real: 0.041 D_fake: 0.178 G: 1.745 NCE: 1.447 NCE_Y: 1.132 
(epoch: 53, iters: 476, time: 0.108, data: 0.001) G_GAN: 0.847 D_real: 0.035 D_fake: 0.060 G: 2.148 NCE: 1.490 NCE_Y: 1.111 
(epoch: 53, iters: 576, time: 0.108, data: 0.002) G_GAN: 1.052 D_real: 0.014 D_fake: 0.016 G: 2.295 NCE: 1.371 NCE_Y: 1.115 
(epoch: 53, iters: 676, time: 0.108, data: 0.001) G_GAN: 0.802 D_real: 0.028 D_fake: 0.037 G: 2.052 NCE: 1.394 NCE_Y: 1.104 
(epoch: 53, iters: 776, time: 0.108, data: 0.002) G_GAN: 0.873 D_real: 0.012 D_fake: 0.021 G: 2.126 NCE: 1.385 NCE_Y: 1.120 
(epoch: 53, iters: 876, time: 0.108, data: 0.001) G_GAN: 0.925 D_real: 0.024 D_fake: 0.097 G: 2.260 NCE: 1.564 NCE_Y: 1.105 
(epoch: 53, iters: 976, time: 0.108, data: 0.002) G_GAN: 0.871 D_real: 0.102 D_fake: 0.028 G: 2.117 NCE: 1.402 NCE_Y: 1.091 
(epoch: 53, iters: 1076, time: 0.108, data: 0.001) G_GAN: 0.672 D_real: 0.012 D_fake: 0.215 G: 1.931 NCE: 1.388 NCE_Y: 1.131 
(epoch: 53, iters: 1176, time: 0.108, data: 0.001) G_GAN: 0.808 D_real: 0.018 D_fake: 0.059 G: 2.074 NCE: 1.426 NCE_Y: 1.107 
(epoch: 53, iters: 1276, time: 0.108, data: 0.001) G_GAN: 0.484 D_real: 0.118 D_fake: 0.139 G: 1.751 NCE: 1.460 NCE_Y: 1.074 
(epoch: 53, iters: 1376, time: 0.108, data: 0.001) G_GAN: 0.410 D_real: 0.269 D_fake: 0.109 G: 1.642 NCE: 1.365 NCE_Y: 1.100 
(epoch: 53, iters: 1476, time: 0.108, data: 0.002) G_GAN: 0.371 D_real: 0.185 D_fake: 0.183 G: 1.609 NCE: 1.353 NCE_Y: 1.121 
(epoch: 53, iters: 1576, time: 0.108, data: 0.002) G_GAN: 0.425 D_real: 0.017 D_fake: 0.201 G: 1.697 NCE: 1.397 NCE_Y: 1.148 
(epoch: 53, iters: 1676, time: 0.108, data: 0.001) G_GAN: 0.451 D_real: 0.451 D_fake: 0.120 G: 1.701 NCE: 1.404 NCE_Y: 1.097 
(epoch: 53, iters: 1776, time: 0.108, data: 0.002) G_GAN: 0.391 D_real: 0.276 D_fake: 0.124 G: 1.655 NCE: 1.431 NCE_Y: 1.097 
(epoch: 53, iters: 1876, time: 0.108, data: 0.001) G_GAN: 0.359 D_real: 0.210 D_fake: 0.180 G: 1.623 NCE: 1.403 NCE_Y: 1.124 
(epoch: 53, iters: 1976, time: 0.108, data: 0.001) G_GAN: 0.396 D_real: 0.165 D_fake: 0.165 G: 1.622 NCE: 1.345 NCE_Y: 1.107 
saving the latest model (epoch 53, total_iters 195000)
doctr_SD_to_SELFF_nl2
(epoch: 53, iters: 2076, time: 0.108, data: 0.001) G_GAN: 0.336 D_real: 0.293 D_fake: 0.201 G: 1.557 NCE: 1.350 NCE_Y: 1.091 
(epoch: 53, iters: 2176, time: 0.108, data: 0.001) G_GAN: 0.396 D_real: 0.171 D_fake: 0.183 G: 1.660 NCE: 1.429 NCE_Y: 1.098 
(epoch: 53, iters: 2276, time: 0.108, data: 0.002) G_GAN: 0.404 D_real: 0.155 D_fake: 0.189 G: 1.757 NCE: 1.619 NCE_Y: 1.087 
(epoch: 53, iters: 2376, time: 0.108, data: 0.001) G_GAN: 0.759 D_real: 0.021 D_fake: 0.092 G: 2.009 NCE: 1.402 NCE_Y: 1.097 
(epoch: 53, iters: 2476, time: 0.108, data: 0.001) G_GAN: 0.615 D_real: 0.166 D_fake: 0.054 G: 1.857 NCE: 1.375 NCE_Y: 1.109 
(epoch: 53, iters: 2576, time: 0.108, data: 0.001) G_GAN: 0.922 D_real: 0.017 D_fake: 0.023 G: 2.333 NCE: 1.723 NCE_Y: 1.099 
(epoch: 53, iters: 2676, time: 0.108, data: 0.001) G_GAN: 0.797 D_real: 0.013 D_fake: 0.029 G: 2.129 NCE: 1.557 NCE_Y: 1.107 
(epoch: 53, iters: 2776, time: 0.108, data: 0.001) G_GAN: 0.411 D_real: 0.181 D_fake: 0.166 G: 1.670 NCE: 1.416 NCE_Y: 1.103 
(epoch: 53, iters: 2876, time: 0.108, data: 0.001) G_GAN: 0.441 D_real: 0.126 D_fake: 0.186 G: 1.970 NCE: 1.969 NCE_Y: 1.088 
(epoch: 53, iters: 2976, time: 0.108, data: 0.001) G_GAN: 0.489 D_real: 0.143 D_fake: 0.108 G: 1.727 NCE: 1.365 NCE_Y: 1.110 
(epoch: 53, iters: 3076, time: 0.108, data: 0.001) G_GAN: 1.210 D_real: 0.049 D_fake: 0.035 G: 2.437 NCE: 1.363 NCE_Y: 1.092 
(epoch: 53, iters: 3176, time: 0.107, data: 0.001) G_GAN: 0.854 D_real: 0.022 D_fake: 0.062 G: 2.105 NCE: 1.418 NCE_Y: 1.085 
(epoch: 53, iters: 3276, time: 0.108, data: 0.002) G_GAN: 0.650 D_real: 0.026 D_fake: 0.131 G: 1.894 NCE: 1.400 NCE_Y: 1.087 
(epoch: 53, iters: 3376, time: 0.108, data: 0.002) G_GAN: 0.864 D_real: 0.028 D_fake: 0.033 G: 2.124 NCE: 1.413 NCE_Y: 1.107 
(epoch: 53, iters: 3476, time: 0.108, data: 0.002) G_GAN: 0.680 D_real: 0.016 D_fake: 0.097 G: 1.931 NCE: 1.410 NCE_Y: 1.092 
(epoch: 53, iters: 3576, time: 0.108, data: 0.001) G_GAN: 0.729 D_real: 0.042 D_fake: 0.043 G: 1.921 NCE: 1.320 NCE_Y: 1.064 
(epoch: 53, iters: 3676, time: 0.108, data: 0.001) G_GAN: 1.206 D_real: 0.011 D_fake: 0.042 G: 2.485 NCE: 1.481 NCE_Y: 1.076 
End of epoch 53 / 60 	 Time Taken: 409 sec
learning rate = 0.0000452
(epoch: 54, iters: 64, time: 0.108, data: 0.002) G_GAN: 1.087 D_real: 0.033 D_fake: 0.020 G: 2.355 NCE: 1.445 NCE_Y: 1.092 
(epoch: 54, iters: 164, time: 0.108, data: 0.002) G_GAN: 1.218 D_real: 0.024 D_fake: 0.037 G: 2.470 NCE: 1.438 NCE_Y: 1.064 
(epoch: 54, iters: 264, time: 0.108, data: 0.002) G_GAN: 1.251 D_real: 0.033 D_fake: 0.056 G: 2.513 NCE: 1.412 NCE_Y: 1.112 
(epoch: 54, iters: 364, time: 0.108, data: 0.001) G_GAN: 0.637 D_real: 0.020 D_fake: 0.124 G: 1.861 NCE: 1.353 NCE_Y: 1.093 
(epoch: 54, iters: 464, time: 0.108, data: 0.001) G_GAN: 0.842 D_real: 0.017 D_fake: 0.028 G: 2.111 NCE: 1.429 NCE_Y: 1.108 
(epoch: 54, iters: 564, time: 0.108, data: 0.002) G_GAN: 1.009 D_real: 0.041 D_fake: 0.013 G: 2.294 NCE: 1.464 NCE_Y: 1.107 
(epoch: 54, iters: 664, time: 0.108, data: 0.002) G_GAN: 1.051 D_real: 0.025 D_fake: 0.017 G: 2.387 NCE: 1.581 NCE_Y: 1.089 
(epoch: 54, iters: 764, time: 0.108, data: 0.002) G_GAN: 0.754 D_real: 0.042 D_fake: 0.155 G: 2.001 NCE: 1.423 NCE_Y: 1.071 
(epoch: 54, iters: 864, time: 0.108, data: 0.002) G_GAN: 0.556 D_real: 0.031 D_fake: 0.094 G: 1.908 NCE: 1.580 NCE_Y: 1.124 
(epoch: 54, iters: 964, time: 0.108, data: 0.001) G_GAN: 1.372 D_real: 0.026 D_fake: 0.051 G: 2.597 NCE: 1.364 NCE_Y: 1.086 
(epoch: 54, iters: 1064, time: 0.108, data: 0.001) G_GAN: 0.768 D_real: 0.017 D_fake: 0.095 G: 2.060 NCE: 1.481 NCE_Y: 1.101 
(epoch: 54, iters: 1164, time: 0.108, data: 0.002) G_GAN: 0.981 D_real: 0.039 D_fake: 0.010 G: 2.313 NCE: 1.542 NCE_Y: 1.120 
(epoch: 54, iters: 1264, time: 0.108, data: 0.001) G_GAN: 0.937 D_real: 0.024 D_fake: 0.019 G: 2.187 NCE: 1.390 NCE_Y: 1.110 
(epoch: 54, iters: 1364, time: 0.108, data: 0.002) G_GAN: 0.711 D_real: 0.016 D_fake: 0.196 G: 1.983 NCE: 1.455 NCE_Y: 1.089 
(epoch: 54, iters: 1464, time: 0.108, data: 0.002) G_GAN: 0.994 D_real: 0.019 D_fake: 0.011 G: 2.264 NCE: 1.430 NCE_Y: 1.109 
(epoch: 54, iters: 1564, time: 0.108, data: 0.001) G_GAN: 0.612 D_real: 0.038 D_fake: 0.161 G: 1.838 NCE: 1.408 NCE_Y: 1.044 
(epoch: 54, iters: 1664, time: 0.108, data: 0.002) G_GAN: 0.898 D_real: 0.056 D_fake: 0.024 G: 2.177 NCE: 1.432 NCE_Y: 1.127 
(epoch: 54, iters: 1764, time: 0.108, data: 0.002) G_GAN: 1.079 D_real: 0.020 D_fake: 0.025 G: 2.335 NCE: 1.416 NCE_Y: 1.096 
(epoch: 54, iters: 1864, time: 0.108, data: 0.002) G_GAN: 0.810 D_real: 0.073 D_fake: 0.027 G: 2.089 NCE: 1.452 NCE_Y: 1.105 
(epoch: 54, iters: 1964, time: 0.108, data: 0.001) G_GAN: 0.768 D_real: 0.016 D_fake: 0.139 G: 2.021 NCE: 1.416 NCE_Y: 1.090 
(epoch: 54, iters: 2064, time: 0.108, data: 0.001) G_GAN: 0.812 D_real: 0.035 D_fake: 0.125 G: 2.070 NCE: 1.418 NCE_Y: 1.099 
(epoch: 54, iters: 2164, time: 0.108, data: 0.002) G_GAN: 0.415 D_real: 0.283 D_fake: 0.125 G: 1.671 NCE: 1.414 NCE_Y: 1.097 
(epoch: 54, iters: 2264, time: 0.108, data: 0.001) G_GAN: 0.390 D_real: 0.138 D_fake: 0.209 G: 1.639 NCE: 1.415 NCE_Y: 1.084 
(epoch: 54, iters: 2364, time: 0.108, data: 0.001) G_GAN: 0.455 D_real: 0.105 D_fake: 0.158 G: 1.714 NCE: 1.438 NCE_Y: 1.080 
(epoch: 54, iters: 2464, time: 0.108, data: 0.001) G_GAN: 0.392 D_real: 0.146 D_fake: 0.187 G: 1.648 NCE: 1.424 NCE_Y: 1.089 
(epoch: 54, iters: 2564, time: 0.108, data: 0.001) G_GAN: 0.421 D_real: 0.173 D_fake: 0.156 G: 1.715 NCE: 1.476 NCE_Y: 1.111 
(epoch: 54, iters: 2664, time: 0.108, data: 0.001) G_GAN: 0.371 D_real: 0.108 D_fake: 0.226 G: 1.643 NCE: 1.454 NCE_Y: 1.090 
(epoch: 54, iters: 2764, time: 0.108, data: 0.002) G_GAN: 0.495 D_real: 0.163 D_fake: 0.137 G: 1.779 NCE: 1.455 NCE_Y: 1.114 
(epoch: 54, iters: 2864, time: 0.108, data: 0.001) G_GAN: 0.444 D_real: 0.186 D_fake: 0.172 G: 1.713 NCE: 1.439 NCE_Y: 1.098 
(epoch: 54, iters: 2964, time: 0.108, data: 0.002) G_GAN: 0.827 D_real: 0.032 D_fake: 0.080 G: 2.116 NCE: 1.446 NCE_Y: 1.132 
(epoch: 54, iters: 3064, time: 0.108, data: 0.002) G_GAN: 1.134 D_real: 0.130 D_fake: 0.021 G: 2.399 NCE: 1.422 NCE_Y: 1.106 
(epoch: 54, iters: 3164, time: 0.108, data: 0.002) G_GAN: 0.942 D_real: 0.014 D_fake: 0.034 G: 2.200 NCE: 1.408 NCE_Y: 1.106 
(epoch: 54, iters: 3264, time: 0.108, data: 0.001) G_GAN: 0.921 D_real: 0.011 D_fake: 0.012 G: 2.174 NCE: 1.425 NCE_Y: 1.081 
saving the latest model (epoch 54, total_iters 200000)
doctr_SD_to_SELFF_nl2
(epoch: 54, iters: 3364, time: 0.107, data: 0.002) G_GAN: 0.851 D_real: 0.107 D_fake: 0.095 G: 2.146 NCE: 1.469 NCE_Y: 1.119 
(epoch: 54, iters: 3464, time: 0.107, data: 0.002) G_GAN: 0.899 D_real: 0.110 D_fake: 0.021 G: 2.148 NCE: 1.414 NCE_Y: 1.082 
(epoch: 54, iters: 3564, time: 0.107, data: 0.002) G_GAN: 1.194 D_real: 0.043 D_fake: 0.028 G: 2.501 NCE: 1.487 NCE_Y: 1.128 
(epoch: 54, iters: 3664, time: 0.107, data: 0.002) G_GAN: 0.697 D_real: 0.019 D_fake: 0.357 G: 1.918 NCE: 1.358 NCE_Y: 1.084 
End of epoch 54 / 60 	 Time Taken: 409 sec
learning rate = 0.0000387
(epoch: 55, iters: 52, time: 0.107, data: 0.002) G_GAN: 1.220 D_real: 0.046 D_fake: 0.031 G: 2.502 NCE: 1.446 NCE_Y: 1.117 
(epoch: 55, iters: 152, time: 0.107, data: 0.001) G_GAN: 0.667 D_real: 0.039 D_fake: 0.178 G: 1.928 NCE: 1.428 NCE_Y: 1.094 
(epoch: 55, iters: 252, time: 0.107, data: 0.001) G_GAN: 1.296 D_real: 0.011 D_fake: 0.038 G: 2.553 NCE: 1.409 NCE_Y: 1.103 
(epoch: 55, iters: 352, time: 0.107, data: 0.001) G_GAN: 0.929 D_real: 0.018 D_fake: 0.013 G: 2.171 NCE: 1.359 NCE_Y: 1.124 
(epoch: 55, iters: 452, time: 0.107, data: 0.001) G_GAN: 0.699 D_real: 0.036 D_fake: 0.045 G: 1.986 NCE: 1.451 NCE_Y: 1.123 
(epoch: 55, iters: 552, time: 0.107, data: 0.001) G_GAN: 0.838 D_real: 0.019 D_fake: 0.056 G: 2.101 NCE: 1.410 NCE_Y: 1.116 
(epoch: 55, iters: 652, time: 0.108, data: 0.002) G_GAN: 0.891 D_real: 0.014 D_fake: 0.038 G: 2.209 NCE: 1.505 NCE_Y: 1.130 
(epoch: 55, iters: 752, time: 0.108, data: 0.001) G_GAN: 0.344 D_real: 0.140 D_fake: 0.216 G: 1.612 NCE: 1.419 NCE_Y: 1.116 
(epoch: 55, iters: 852, time: 0.107, data: 0.001) G_GAN: 0.407 D_real: 0.124 D_fake: 0.162 G: 1.666 NCE: 1.396 NCE_Y: 1.122 
(epoch: 55, iters: 952, time: 0.107, data: 0.001) G_GAN: 0.233 D_real: 0.221 D_fake: 0.323 G: 1.474 NCE: 1.374 NCE_Y: 1.109 
(epoch: 55, iters: 1052, time: 0.107, data: 0.001) G_GAN: 0.487 D_real: 0.206 D_fake: 0.114 G: 1.713 NCE: 1.357 NCE_Y: 1.095 
(epoch: 55, iters: 1152, time: 0.107, data: 0.001) G_GAN: 0.372 D_real: 0.081 D_fake: 0.186 G: 1.638 NCE: 1.462 NCE_Y: 1.069 
(epoch: 55, iters: 1252, time: 0.107, data: 0.001) G_GAN: 0.491 D_real: 0.118 D_fake: 0.132 G: 1.750 NCE: 1.407 NCE_Y: 1.111 
(epoch: 55, iters: 1352, time: 0.107, data: 0.001) G_GAN: 0.326 D_real: 0.238 D_fake: 0.199 G: 1.558 NCE: 1.367 NCE_Y: 1.095 
(epoch: 55, iters: 1452, time: 0.107, data: 0.001) G_GAN: 0.440 D_real: 0.279 D_fake: 0.099 G: 1.676 NCE: 1.381 NCE_Y: 1.091 
(epoch: 55, iters: 1552, time: 0.107, data: 0.001) G_GAN: 0.366 D_real: 0.207 D_fake: 0.199 G: 1.610 NCE: 1.402 NCE_Y: 1.088 
(epoch: 55, iters: 1652, time: 0.107, data: 0.001) G_GAN: 0.341 D_real: 0.105 D_fake: 0.208 G: 1.586 NCE: 1.344 NCE_Y: 1.146 
(epoch: 55, iters: 1752, time: 0.107, data: 0.001) G_GAN: 0.378 D_real: 0.182 D_fake: 0.184 G: 1.640 NCE: 1.421 NCE_Y: 1.103 
(epoch: 55, iters: 1852, time: 0.107, data: 0.001) G_GAN: 0.397 D_real: 0.245 D_fake: 0.186 G: 1.636 NCE: 1.349 NCE_Y: 1.130 
(epoch: 55, iters: 1952, time: 0.107, data: 0.001) G_GAN: 0.378 D_real: 0.156 D_fake: 0.177 G: 1.608 NCE: 1.343 NCE_Y: 1.116 
(epoch: 55, iters: 2052, time: 0.107, data: 0.001) G_GAN: 0.351 D_real: 0.208 D_fake: 0.194 G: 1.606 NCE: 1.390 NCE_Y: 1.121 
(epoch: 55, iters: 2152, time: 0.107, data: 0.001) G_GAN: 0.403 D_real: 0.221 D_fake: 0.136 G: 1.619 NCE: 1.336 NCE_Y: 1.096 
(epoch: 55, iters: 2252, time: 0.107, data: 0.002) G_GAN: 0.385 D_real: 0.159 D_fake: 0.207 G: 1.651 NCE: 1.439 NCE_Y: 1.092 
(epoch: 55, iters: 2352, time: 0.107, data: 0.001) G_GAN: 0.349 D_real: 0.197 D_fake: 0.190 G: 1.671 NCE: 1.546 NCE_Y: 1.098 
(epoch: 55, iters: 2452, time: 0.107, data: 0.001) G_GAN: 0.965 D_real: 0.035 D_fake: 0.024 G: 2.217 NCE: 1.399 NCE_Y: 1.105 
(epoch: 55, iters: 2552, time: 0.107, data: 0.002) G_GAN: 1.005 D_real: 0.027 D_fake: 0.016 G: 2.270 NCE: 1.407 NCE_Y: 1.122 
(epoch: 55, iters: 2652, time: 0.107, data: 0.001) G_GAN: 0.918 D_real: 0.014 D_fake: 0.024 G: 2.209 NCE: 1.475 NCE_Y: 1.108 
(epoch: 55, iters: 2752, time: 0.106, data: 0.001) G_GAN: 0.746 D_real: 0.015 D_fake: 0.109 G: 1.969 NCE: 1.379 NCE_Y: 1.067 
(epoch: 55, iters: 2852, time: 0.107, data: 0.001) G_GAN: 0.906 D_real: 0.019 D_fake: 0.145 G: 2.163 NCE: 1.403 NCE_Y: 1.111 
(epoch: 55, iters: 2952, time: 0.107, data: 0.002) G_GAN: 0.971 D_real: 0.011 D_fake: 0.011 G: 2.244 NCE: 1.443 NCE_Y: 1.103 
(epoch: 55, iters: 3052, time: 0.107, data: 0.001) G_GAN: 0.853 D_real: 0.015 D_fake: 0.035 G: 2.169 NCE: 1.545 NCE_Y: 1.088 
(epoch: 55, iters: 3152, time: 0.107, data: 0.002) G_GAN: 0.691 D_real: 0.020 D_fake: 0.137 G: 1.953 NCE: 1.442 NCE_Y: 1.082 
(epoch: 55, iters: 3252, time: 0.107, data: 0.001) G_GAN: 1.246 D_real: 0.019 D_fake: 0.030 G: 2.535 NCE: 1.492 NCE_Y: 1.085 
(epoch: 55, iters: 3352, time: 0.107, data: 0.001) G_GAN: 1.004 D_real: 0.020 D_fake: 0.023 G: 2.265 NCE: 1.430 NCE_Y: 1.091 
(epoch: 55, iters: 3452, time: 0.107, data: 0.001) G_GAN: 1.097 D_real: 0.015 D_fake: 0.017 G: 2.328 NCE: 1.371 NCE_Y: 1.091 
(epoch: 55, iters: 3552, time: 0.106, data: 0.001) G_GAN: 0.870 D_real: 0.039 D_fake: 0.059 G: 2.095 NCE: 1.386 NCE_Y: 1.063 
(epoch: 55, iters: 3652, time: 0.106, data: 0.001) G_GAN: 1.087 D_real: 0.158 D_fake: 0.051 G: 2.329 NCE: 1.404 NCE_Y: 1.080 
saving the model at the end of epoch 55, iters 204160
End of epoch 55 / 60 	 Time Taken: 406 sec
learning rate = 0.0000323
(epoch: 56, iters: 40, time: 0.107, data: 0.001) G_GAN: 0.395 D_real: 0.387 D_fake: 0.223 G: 1.623 NCE: 1.394 NCE_Y: 1.062 
(epoch: 56, iters: 140, time: 0.107, data: 0.001) G_GAN: 0.515 D_real: 0.102 D_fake: 0.143 G: 1.808 NCE: 1.511 NCE_Y: 1.076 
(epoch: 56, iters: 240, time: 0.107, data: 0.001) G_GAN: 1.356 D_real: 0.023 D_fake: 0.065 G: 2.582 NCE: 1.382 NCE_Y: 1.070 
(epoch: 56, iters: 340, time: 0.107, data: 0.002) G_GAN: 0.808 D_real: 0.136 D_fake: 0.126 G: 2.047 NCE: 1.392 NCE_Y: 1.085 
(epoch: 56, iters: 440, time: 0.107, data: 0.001) G_GAN: 1.022 D_real: 0.058 D_fake: 0.014 G: 2.270 NCE: 1.393 NCE_Y: 1.102 
(epoch: 56, iters: 540, time: 0.107, data: 0.001) G_GAN: 0.804 D_real: 0.068 D_fake: 0.028 G: 2.049 NCE: 1.407 NCE_Y: 1.083 
(epoch: 56, iters: 640, time: 0.107, data: 0.001) G_GAN: 0.811 D_real: 0.022 D_fake: 0.048 G: 2.101 NCE: 1.484 NCE_Y: 1.095 
(epoch: 56, iters: 740, time: 0.107, data: 0.001) G_GAN: 1.071 D_real: 0.034 D_fake: 0.023 G: 2.439 NCE: 1.651 NCE_Y: 1.083 
(epoch: 56, iters: 840, time: 0.107, data: 0.001) G_GAN: 1.062 D_real: 0.022 D_fake: 0.008 G: 2.313 NCE: 1.393 NCE_Y: 1.109 
saving the latest model (epoch 56, total_iters 205000)
doctr_SD_to_SELFF_nl2
(epoch: 56, iters: 940, time: 0.107, data: 0.001) G_GAN: 0.977 D_real: 0.087 D_fake: 0.020 G: 2.212 NCE: 1.397 NCE_Y: 1.073 
(epoch: 56, iters: 1040, time: 0.107, data: 0.001) G_GAN: 1.251 D_real: 0.038 D_fake: 0.041 G: 2.509 NCE: 1.392 NCE_Y: 1.124 
(epoch: 56, iters: 1140, time: 0.107, data: 0.001) G_GAN: 0.757 D_real: 0.021 D_fake: 0.047 G: 1.996 NCE: 1.383 NCE_Y: 1.094 
(epoch: 56, iters: 1240, time: 0.107, data: 0.001) G_GAN: 0.955 D_real: 0.098 D_fake: 0.010 G: 2.206 NCE: 1.397 NCE_Y: 1.105 
(epoch: 56, iters: 1340, time: 0.106, data: 0.001) G_GAN: 1.034 D_real: 0.020 D_fake: 0.013 G: 2.288 NCE: 1.422 NCE_Y: 1.085 
(epoch: 56, iters: 1440, time: 0.107, data: 0.001) G_GAN: 0.987 D_real: 0.012 D_fake: 0.012 G: 2.240 NCE: 1.393 NCE_Y: 1.112 
(epoch: 56, iters: 1540, time: 0.107, data: 0.001) G_GAN: 0.832 D_real: 0.012 D_fake: 0.024 G: 2.062 NCE: 1.352 NCE_Y: 1.107 
(epoch: 56, iters: 1640, time: 0.107, data: 0.001) G_GAN: 0.770 D_real: 0.022 D_fake: 0.016 G: 2.015 NCE: 1.423 NCE_Y: 1.067 
(epoch: 56, iters: 1740, time: 0.107, data: 0.001) G_GAN: 1.102 D_real: 0.134 D_fake: 0.017 G: 2.356 NCE: 1.405 NCE_Y: 1.104 
(epoch: 56, iters: 1840, time: 0.107, data: 0.001) G_GAN: 0.804 D_real: 0.060 D_fake: 0.056 G: 2.102 NCE: 1.483 NCE_Y: 1.112 
(epoch: 56, iters: 1940, time: 0.107, data: 0.002) G_GAN: 0.996 D_real: 0.054 D_fake: 0.089 G: 2.282 NCE: 1.455 NCE_Y: 1.116 
(epoch: 56, iters: 2040, time: 0.107, data: 0.002) G_GAN: 1.117 D_real: 0.198 D_fake: 0.013 G: 2.383 NCE: 1.402 NCE_Y: 1.131 
(epoch: 56, iters: 2140, time: 0.107, data: 0.001) G_GAN: 0.990 D_real: 0.018 D_fake: 0.140 G: 2.262 NCE: 1.431 NCE_Y: 1.113 
(epoch: 56, iters: 2240, time: 0.107, data: 0.001) G_GAN: 0.640 D_real: 0.087 D_fake: 0.093 G: 1.934 NCE: 1.514 NCE_Y: 1.074 
(epoch: 56, iters: 2340, time: 0.107, data: 0.001) G_GAN: 0.589 D_real: 0.029 D_fake: 0.229 G: 1.861 NCE: 1.430 NCE_Y: 1.115 
(epoch: 56, iters: 2440, time: 0.107, data: 0.001) G_GAN: 0.734 D_real: 0.031 D_fake: 0.069 G: 1.993 NCE: 1.424 NCE_Y: 1.093 
(epoch: 56, iters: 2540, time: 0.107, data: 0.001) G_GAN: 1.107 D_real: 0.035 D_fake: 0.031 G: 2.386 NCE: 1.467 NCE_Y: 1.090 
(epoch: 56, iters: 2640, time: 0.107, data: 0.001) G_GAN: 0.835 D_real: 0.073 D_fake: 0.035 G: 2.133 NCE: 1.489 NCE_Y: 1.107 
(epoch: 56, iters: 2740, time: 0.107, data: 0.001) G_GAN: 1.359 D_real: 0.147 D_fake: 0.035 G: 2.616 NCE: 1.420 NCE_Y: 1.095 
(epoch: 56, iters: 2840, time: 0.107, data: 0.001) G_GAN: 0.848 D_real: 0.014 D_fake: 0.142 G: 2.105 NCE: 1.400 NCE_Y: 1.115 
(epoch: 56, iters: 2940, time: 0.107, data: 0.001) G_GAN: 1.288 D_real: 0.015 D_fake: 0.035 G: 2.541 NCE: 1.375 NCE_Y: 1.130 
(epoch: 56, iters: 3040, time: 0.107, data: 0.001) G_GAN: 1.226 D_real: 0.014 D_fake: 0.024 G: 2.466 NCE: 1.396 NCE_Y: 1.084 
(epoch: 56, iters: 3140, time: 0.107, data: 0.001) G_GAN: 0.529 D_real: 0.069 D_fake: 0.301 G: 1.830 NCE: 1.500 NCE_Y: 1.102 
(epoch: 56, iters: 3240, time: 0.107, data: 0.001) G_GAN: 0.856 D_real: 0.059 D_fake: 0.099 G: 2.230 NCE: 1.650 NCE_Y: 1.099 
(epoch: 56, iters: 3340, time: 0.108, data: 0.001) G_GAN: 0.849 D_real: 0.027 D_fake: 0.053 G: 2.103 NCE: 1.400 NCE_Y: 1.106 
(epoch: 56, iters: 3440, time: 0.108, data: 0.001) G_GAN: 0.653 D_real: 0.068 D_fake: 0.093 G: 1.928 NCE: 1.420 NCE_Y: 1.131 
(epoch: 56, iters: 3540, time: 0.107, data: 0.001) G_GAN: 1.202 D_real: 0.020 D_fake: 0.028 G: 2.443 NCE: 1.391 NCE_Y: 1.091 
(epoch: 56, iters: 3640, time: 0.107, data: 0.001) G_GAN: 1.070 D_real: 0.015 D_fake: 0.017 G: 2.327 NCE: 1.405 NCE_Y: 1.108 
End of epoch 56 / 60 	 Time Taken: 406 sec
learning rate = 0.0000258
(epoch: 57, iters: 28, time: 0.107, data: 0.001) G_GAN: 0.816 D_real: 0.044 D_fake: 0.011 G: 2.066 NCE: 1.391 NCE_Y: 1.109 
(epoch: 57, iters: 128, time: 0.107, data: 0.001) G_GAN: 1.010 D_real: 0.162 D_fake: 0.018 G: 2.332 NCE: 1.536 NCE_Y: 1.106 
(epoch: 57, iters: 228, time: 0.107, data: 0.001) G_GAN: 0.951 D_real: 0.024 D_fake: 0.014 G: 2.276 NCE: 1.546 NCE_Y: 1.106 
(epoch: 57, iters: 328, time: 0.107, data: 0.001) G_GAN: 1.015 D_real: 0.047 D_fake: 0.009 G: 2.254 NCE: 1.396 NCE_Y: 1.083 
(epoch: 57, iters: 428, time: 0.107, data: 0.002) G_GAN: 0.666 D_real: 0.020 D_fake: 0.111 G: 1.913 NCE: 1.396 NCE_Y: 1.097 
(epoch: 57, iters: 528, time: 0.107, data: 0.001) G_GAN: 0.681 D_real: 0.014 D_fake: 0.104 G: 1.922 NCE: 1.385 NCE_Y: 1.096 
(epoch: 57, iters: 628, time: 0.107, data: 0.001) G_GAN: 0.949 D_real: 0.019 D_fake: 0.010 G: 2.180 NCE: 1.383 NCE_Y: 1.079 
(epoch: 57, iters: 728, time: 0.107, data: 0.001) G_GAN: 0.720 D_real: 0.017 D_fake: 0.065 G: 2.019 NCE: 1.486 NCE_Y: 1.110 
(epoch: 57, iters: 828, time: 0.107, data: 0.001) G_GAN: 0.677 D_real: 0.064 D_fake: 0.027 G: 1.931 NCE: 1.404 NCE_Y: 1.104 
(epoch: 57, iters: 928, time: 0.107, data: 0.001) G_GAN: 1.367 D_real: 0.029 D_fake: 0.057 G: 2.682 NCE: 1.553 NCE_Y: 1.077 
(epoch: 57, iters: 1028, time: 0.107, data: 0.002) G_GAN: 0.666 D_real: 0.143 D_fake: 0.048 G: 1.917 NCE: 1.386 NCE_Y: 1.116 
(epoch: 57, iters: 1128, time: 0.107, data: 0.002) G_GAN: 1.202 D_real: 0.027 D_fake: 0.030 G: 2.439 NCE: 1.383 NCE_Y: 1.093 
(epoch: 57, iters: 1228, time: 0.106, data: 0.001) G_GAN: 0.680 D_real: 0.029 D_fake: 0.096 G: 1.956 NCE: 1.414 NCE_Y: 1.137 
(epoch: 57, iters: 1328, time: 0.106, data: 0.001) G_GAN: 0.635 D_real: 0.148 D_fake: 0.045 G: 1.898 NCE: 1.429 NCE_Y: 1.097 
(epoch: 57, iters: 1428, time: 0.107, data: 0.001) G_GAN: 1.133 D_real: 0.023 D_fake: 0.023 G: 2.496 NCE: 1.631 NCE_Y: 1.095 
(epoch: 57, iters: 1528, time: 0.106, data: 0.001) G_GAN: 0.821 D_real: 0.027 D_fake: 0.025 G: 2.128 NCE: 1.480 NCE_Y: 1.135 
(epoch: 57, iters: 1628, time: 0.107, data: 0.001) G_GAN: 0.828 D_real: 0.033 D_fake: 0.117 G: 2.155 NCE: 1.559 NCE_Y: 1.096 
(epoch: 57, iters: 1728, time: 0.107, data: 0.001) G_GAN: 0.532 D_real: 0.094 D_fake: 0.090 G: 1.777 NCE: 1.384 NCE_Y: 1.106 
(epoch: 57, iters: 1828, time: 0.106, data: 0.001) G_GAN: 0.764 D_real: 0.285 D_fake: 0.034 G: 2.001 NCE: 1.385 NCE_Y: 1.088 
(epoch: 57, iters: 1928, time: 0.106, data: 0.001) G_GAN: 0.982 D_real: 0.019 D_fake: 0.009 G: 2.269 NCE: 1.472 NCE_Y: 1.104 
(epoch: 57, iters: 2028, time: 0.106, data: 0.001) G_GAN: 1.017 D_real: 0.027 D_fake: 0.020 G: 2.246 NCE: 1.383 NCE_Y: 1.076 
(epoch: 57, iters: 2128, time: 0.106, data: 0.001) G_GAN: 1.144 D_real: 0.031 D_fake: 0.030 G: 2.390 NCE: 1.394 NCE_Y: 1.099 
saving the latest model (epoch 57, total_iters 210000)
doctr_SD_to_SELFF_nl2
(epoch: 57, iters: 2228, time: 0.106, data: 0.001) G_GAN: 1.180 D_real: 0.054 D_fake: 0.031 G: 2.400 NCE: 1.385 NCE_Y: 1.055 
(epoch: 57, iters: 2328, time: 0.107, data: 0.001) G_GAN: 0.659 D_real: 0.020 D_fake: 0.183 G: 1.956 NCE: 1.506 NCE_Y: 1.086 
(epoch: 57, iters: 2428, time: 0.107, data: 0.002) G_GAN: 1.164 D_real: 0.021 D_fake: 0.024 G: 2.441 NCE: 1.459 NCE_Y: 1.096 
(epoch: 57, iters: 2528, time: 0.107, data: 0.001) G_GAN: 0.891 D_real: 0.026 D_fake: 0.021 G: 2.143 NCE: 1.422 NCE_Y: 1.082 
(epoch: 57, iters: 2628, time: 0.107, data: 0.001) G_GAN: 0.973 D_real: 0.014 D_fake: 0.012 G: 2.252 NCE: 1.479 NCE_Y: 1.080 
(epoch: 57, iters: 2728, time: 0.106, data: 0.001) G_GAN: 1.059 D_real: 0.076 D_fake: 0.029 G: 2.313 NCE: 1.420 NCE_Y: 1.088 
(epoch: 57, iters: 2828, time: 0.107, data: 0.001) G_GAN: 0.847 D_real: 0.086 D_fake: 0.112 G: 2.088 NCE: 1.394 NCE_Y: 1.088 
(epoch: 57, iters: 2928, time: 0.107, data: 0.001) G_GAN: 0.891 D_real: 0.043 D_fake: 0.014 G: 2.177 NCE: 1.454 NCE_Y: 1.118 
(epoch: 57, iters: 3028, time: 0.107, data: 0.001) G_GAN: 0.930 D_real: 0.122 D_fake: 0.027 G: 2.211 NCE: 1.460 NCE_Y: 1.103 
(epoch: 57, iters: 3128, time: 0.107, data: 0.001) G_GAN: 0.677 D_real: 0.039 D_fake: 0.056 G: 1.948 NCE: 1.450 NCE_Y: 1.093 
(epoch: 57, iters: 3228, time: 0.107, data: 0.001) G_GAN: 0.817 D_real: 0.037 D_fake: 0.088 G: 2.072 NCE: 1.434 NCE_Y: 1.075 
(epoch: 57, iters: 3328, time: 0.107, data: 0.001) G_GAN: 0.764 D_real: 0.013 D_fake: 0.043 G: 2.024 NCE: 1.465 NCE_Y: 1.056 
(epoch: 57, iters: 3428, time: 0.107, data: 0.001) G_GAN: 1.220 D_real: 0.031 D_fake: 0.037 G: 2.503 NCE: 1.450 NCE_Y: 1.116 
(epoch: 57, iters: 3528, time: 0.107, data: 0.001) G_GAN: 0.758 D_real: 0.054 D_fake: 0.036 G: 1.996 NCE: 1.392 NCE_Y: 1.083 
(epoch: 57, iters: 3628, time: 0.107, data: 0.002) G_GAN: 0.752 D_real: 0.044 D_fake: 0.064 G: 2.032 NCE: 1.470 NCE_Y: 1.090 
End of epoch 57 / 60 	 Time Taken: 404 sec
learning rate = 0.0000194
(epoch: 58, iters: 16, time: 0.107, data: 0.001) G_GAN: 0.956 D_real: 0.030 D_fake: 0.021 G: 2.218 NCE: 1.436 NCE_Y: 1.087 
(epoch: 58, iters: 116, time: 0.107, data: 0.002) G_GAN: 1.109 D_real: 0.016 D_fake: 0.017 G: 2.386 NCE: 1.470 NCE_Y: 1.084 
(epoch: 58, iters: 216, time: 0.107, data: 0.001) G_GAN: 0.727 D_real: 0.269 D_fake: 0.025 G: 1.993 NCE: 1.434 NCE_Y: 1.097 
(epoch: 58, iters: 316, time: 0.107, data: 0.001) G_GAN: 1.177 D_real: 0.323 D_fake: 0.016 G: 2.450 NCE: 1.470 NCE_Y: 1.077 
(epoch: 58, iters: 416, time: 0.107, data: 0.001) G_GAN: 0.990 D_real: 0.019 D_fake: 0.014 G: 2.225 NCE: 1.380 NCE_Y: 1.090 
(epoch: 58, iters: 516, time: 0.106, data: 0.001) G_GAN: 0.810 D_real: 0.052 D_fake: 0.055 G: 2.204 NCE: 1.698 NCE_Y: 1.090 
(epoch: 58, iters: 616, time: 0.107, data: 0.001) G_GAN: 0.921 D_real: 0.045 D_fake: 0.063 G: 2.160 NCE: 1.398 NCE_Y: 1.081 
(epoch: 58, iters: 716, time: 0.107, data: 0.001) G_GAN: 0.664 D_real: 0.014 D_fake: 0.138 G: 2.048 NCE: 1.674 NCE_Y: 1.093 
(epoch: 58, iters: 816, time: 0.107, data: 0.001) G_GAN: 0.998 D_real: 0.060 D_fake: 0.047 G: 2.267 NCE: 1.429 NCE_Y: 1.109 
(epoch: 58, iters: 916, time: 0.107, data: 0.001) G_GAN: 0.535 D_real: 0.020 D_fake: 0.210 G: 1.805 NCE: 1.432 NCE_Y: 1.109 
(epoch: 58, iters: 1016, time: 0.107, data: 0.001) G_GAN: 1.085 D_real: 0.075 D_fake: 0.019 G: 2.382 NCE: 1.480 NCE_Y: 1.114 
(epoch: 58, iters: 1116, time: 0.107, data: 0.001) G_GAN: 0.809 D_real: 0.034 D_fake: 0.209 G: 2.115 NCE: 1.480 NCE_Y: 1.131 
(epoch: 58, iters: 1216, time: 0.107, data: 0.001) G_GAN: 1.063 D_real: 0.067 D_fake: 0.030 G: 2.328 NCE: 1.437 NCE_Y: 1.094 
(epoch: 58, iters: 1316, time: 0.108, data: 0.001) G_GAN: 0.859 D_real: 0.329 D_fake: 0.030 G: 2.110 NCE: 1.425 NCE_Y: 1.076 
(epoch: 58, iters: 1416, time: 0.108, data: 0.001) G_GAN: 0.873 D_real: 0.294 D_fake: 0.057 G: 2.116 NCE: 1.383 NCE_Y: 1.103 
(epoch: 58, iters: 1516, time: 0.107, data: 0.001) G_GAN: 0.852 D_real: 0.051 D_fake: 0.028 G: 2.144 NCE: 1.502 NCE_Y: 1.080 
(epoch: 58, iters: 1616, time: 0.107, data: 0.001) G_GAN: 0.820 D_real: 0.026 D_fake: 0.050 G: 2.095 NCE: 1.454 NCE_Y: 1.095 
(epoch: 58, iters: 1716, time: 0.107, data: 0.001) G_GAN: 0.917 D_real: 0.041 D_fake: 0.022 G: 2.153 NCE: 1.400 NCE_Y: 1.073 
(epoch: 58, iters: 1816, time: 0.107, data: 0.001) G_GAN: 0.444 D_real: 0.136 D_fake: 0.115 G: 1.720 NCE: 1.406 NCE_Y: 1.146 
(epoch: 58, iters: 1916, time: 0.107, data: 0.001) G_GAN: 1.168 D_real: 0.032 D_fake: 0.027 G: 2.440 NCE: 1.446 NCE_Y: 1.098 
(epoch: 58, iters: 2016, time: 0.108, data: 0.002) G_GAN: 1.098 D_real: 0.259 D_fake: 0.019 G: 2.353 NCE: 1.419 NCE_Y: 1.093 
(epoch: 58, iters: 2116, time: 0.108, data: 0.001) G_GAN: 0.859 D_real: 0.027 D_fake: 0.087 G: 2.152 NCE: 1.481 NCE_Y: 1.105 
(epoch: 58, iters: 2216, time: 0.107, data: 0.001) G_GAN: 0.432 D_real: 0.157 D_fake: 0.133 G: 1.695 NCE: 1.425 NCE_Y: 1.100 
(epoch: 58, iters: 2316, time: 0.107, data: 0.001) G_GAN: 0.736 D_real: 0.118 D_fake: 0.049 G: 2.007 NCE: 1.456 NCE_Y: 1.085 
(epoch: 58, iters: 2416, time: 0.107, data: 0.001) G_GAN: 0.738 D_real: 0.025 D_fake: 0.058 G: 1.987 NCE: 1.392 NCE_Y: 1.106 
(epoch: 58, iters: 2516, time: 0.107, data: 0.001) G_GAN: 0.804 D_real: 0.034 D_fake: 0.049 G: 2.062 NCE: 1.416 NCE_Y: 1.100 
(epoch: 58, iters: 2616, time: 0.107, data: 0.001) G_GAN: 1.233 D_real: 0.131 D_fake: 0.028 G: 2.471 NCE: 1.390 NCE_Y: 1.086 
(epoch: 58, iters: 2716, time: 0.106, data: 0.001) G_GAN: 1.016 D_real: 0.050 D_fake: 0.092 G: 2.290 NCE: 1.476 NCE_Y: 1.073 
(epoch: 58, iters: 2816, time: 0.106, data: 0.001) G_GAN: 0.741 D_real: 0.015 D_fake: 0.117 G: 2.002 NCE: 1.432 NCE_Y: 1.089 
(epoch: 58, iters: 2916, time: 0.106, data: 0.001) G_GAN: 0.931 D_real: 0.033 D_fake: 0.019 G: 2.194 NCE: 1.455 NCE_Y: 1.071 
(epoch: 58, iters: 3016, time: 0.106, data: 0.001) G_GAN: 0.682 D_real: 0.050 D_fake: 0.110 G: 1.960 NCE: 1.456 NCE_Y: 1.099 
(epoch: 58, iters: 3116, time: 0.106, data: 0.001) G_GAN: 1.072 D_real: 0.198 D_fake: 0.034 G: 2.355 NCE: 1.458 NCE_Y: 1.108 
(epoch: 58, iters: 3216, time: 0.105, data: 0.001) G_GAN: 1.081 D_real: 0.042 D_fake: 0.035 G: 2.364 NCE: 1.479 NCE_Y: 1.086 
(epoch: 58, iters: 3316, time: 0.105, data: 0.001) G_GAN: 0.746 D_real: 0.022 D_fake: 0.126 G: 2.008 NCE: 1.440 NCE_Y: 1.084 
(epoch: 58, iters: 3416, time: 0.106, data: 0.001) G_GAN: 0.683 D_real: 0.058 D_fake: 0.117 G: 1.959 NCE: 1.461 NCE_Y: 1.091 
saving the latest model (epoch 58, total_iters 215000)
doctr_SD_to_SELFF_nl2
(epoch: 58, iters: 3516, time: 0.106, data: 0.001) G_GAN: 0.671 D_real: 0.019 D_fake: 0.085 G: 1.950 NCE: 1.453 NCE_Y: 1.106 
(epoch: 58, iters: 3616, time: 0.106, data: 0.001) G_GAN: 0.819 D_real: 0.169 D_fake: 0.025 G: 2.101 NCE: 1.472 NCE_Y: 1.092 
End of epoch 58 / 60 	 Time Taken: 404 sec
learning rate = 0.0000129
(epoch: 59, iters: 4, time: 0.107, data: 0.002) G_GAN: 0.735 D_real: 0.134 D_fake: 0.071 G: 2.003 NCE: 1.445 NCE_Y: 1.091 
(epoch: 59, iters: 104, time: 0.107, data: 0.002) G_GAN: 0.704 D_real: 0.065 D_fake: 0.069 G: 1.956 NCE: 1.408 NCE_Y: 1.095 
(epoch: 59, iters: 204, time: 0.107, data: 0.001) G_GAN: 0.774 D_real: 0.096 D_fake: 0.062 G: 2.037 NCE: 1.419 NCE_Y: 1.106 
(epoch: 59, iters: 304, time: 0.107, data: 0.001) G_GAN: 0.859 D_real: 0.045 D_fake: 0.147 G: 2.120 NCE: 1.439 NCE_Y: 1.083 
(epoch: 59, iters: 404, time: 0.107, data: 0.001) G_GAN: 0.943 D_real: 0.055 D_fake: 0.017 G: 2.218 NCE: 1.460 NCE_Y: 1.089 
(epoch: 59, iters: 504, time: 0.107, data: 0.001) G_GAN: 1.152 D_real: 0.053 D_fake: 0.017 G: 2.453 NCE: 1.511 NCE_Y: 1.092 
(epoch: 59, iters: 604, time: 0.107, data: 0.001) G_GAN: 0.772 D_real: 0.140 D_fake: 0.100 G: 2.018 NCE: 1.425 NCE_Y: 1.066 
(epoch: 59, iters: 704, time: 0.107, data: 0.003) G_GAN: 1.198 D_real: 0.074 D_fake: 0.026 G: 2.509 NCE: 1.498 NCE_Y: 1.124 
(epoch: 59, iters: 804, time: 0.107, data: 0.001) G_GAN: 1.140 D_real: 0.030 D_fake: 0.031 G: 2.443 NCE: 1.500 NCE_Y: 1.106 
(epoch: 59, iters: 904, time: 0.107, data: 0.001) G_GAN: 0.455 D_real: 0.035 D_fake: 0.203 G: 1.772 NCE: 1.509 NCE_Y: 1.125 
(epoch: 59, iters: 1004, time: 0.107, data: 0.001) G_GAN: 0.558 D_real: 0.022 D_fake: 0.209 G: 1.940 NCE: 1.599 NCE_Y: 1.166 
(epoch: 59, iters: 1104, time: 0.107, data: 0.002) G_GAN: 0.871 D_real: 0.069 D_fake: 0.050 G: 2.156 NCE: 1.470 NCE_Y: 1.100 
(epoch: 59, iters: 1204, time: 0.107, data: 0.001) G_GAN: 0.944 D_real: 0.043 D_fake: 0.152 G: 2.187 NCE: 1.403 NCE_Y: 1.083 
(epoch: 59, iters: 1304, time: 0.107, data: 0.001) G_GAN: 0.766 D_real: 0.061 D_fake: 0.129 G: 2.054 NCE: 1.477 NCE_Y: 1.100 
(epoch: 59, iters: 1404, time: 0.107, data: 0.001) G_GAN: 0.834 D_real: 0.037 D_fake: 0.079 G: 2.099 NCE: 1.439 NCE_Y: 1.090 
(epoch: 59, iters: 1504, time: 0.107, data: 0.002) G_GAN: 0.547 D_real: 0.079 D_fake: 0.143 G: 1.822 NCE: 1.456 NCE_Y: 1.095 
(epoch: 59, iters: 1604, time: 0.107, data: 0.001) G_GAN: 0.738 D_real: 0.090 D_fake: 0.060 G: 1.990 NCE: 1.435 NCE_Y: 1.068 
(epoch: 59, iters: 1704, time: 0.107, data: 0.002) G_GAN: 0.593 D_real: 0.023 D_fake: 0.107 G: 1.883 NCE: 1.494 NCE_Y: 1.086 
(epoch: 59, iters: 1804, time: 0.106, data: 0.001) G_GAN: 0.958 D_real: 0.031 D_fake: 0.087 G: 2.217 NCE: 1.411 NCE_Y: 1.107 
(epoch: 59, iters: 1904, time: 0.106, data: 0.001) G_GAN: 0.706 D_real: 0.026 D_fake: 0.063 G: 1.987 NCE: 1.476 NCE_Y: 1.087 
(epoch: 59, iters: 2004, time: 0.107, data: 0.001) G_GAN: 0.675 D_real: 0.079 D_fake: 0.103 G: 1.930 NCE: 1.409 NCE_Y: 1.102 
(epoch: 59, iters: 2104, time: 0.107, data: 0.001) G_GAN: 0.748 D_real: 0.119 D_fake: 0.122 G: 2.018 NCE: 1.420 NCE_Y: 1.118 
(epoch: 59, iters: 2204, time: 0.107, data: 0.001) G_GAN: 0.899 D_real: 0.018 D_fake: 0.022 G: 2.151 NCE: 1.417 NCE_Y: 1.087 
(epoch: 59, iters: 2304, time: 0.107, data: 0.001) G_GAN: 0.824 D_real: 0.042 D_fake: 0.025 G: 2.089 NCE: 1.418 NCE_Y: 1.112 
(epoch: 59, iters: 2404, time: 0.107, data: 0.002) G_GAN: 0.607 D_real: 0.049 D_fake: 0.098 G: 1.870 NCE: 1.436 NCE_Y: 1.090 
(epoch: 59, iters: 2504, time: 0.107, data: 0.001) G_GAN: 0.889 D_real: 0.045 D_fake: 0.039 G: 2.167 NCE: 1.450 NCE_Y: 1.106 
(epoch: 59, iters: 2604, time: 0.107, data: 0.001) G_GAN: 0.937 D_real: 0.083 D_fake: 0.015 G: 2.336 NCE: 1.685 NCE_Y: 1.114 
(epoch: 59, iters: 2704, time: 0.107, data: 0.001) G_GAN: 0.798 D_real: 0.022 D_fake: 0.091 G: 2.080 NCE: 1.455 NCE_Y: 1.110 
(epoch: 59, iters: 2804, time: 0.106, data: 0.001) G_GAN: 0.779 D_real: 0.042 D_fake: 0.099 G: 2.052 NCE: 1.457 NCE_Y: 1.089 
(epoch: 59, iters: 2904, time: 0.106, data: 0.001) G_GAN: 1.229 D_real: 0.304 D_fake: 0.019 G: 2.516 NCE: 1.490 NCE_Y: 1.084 
(epoch: 59, iters: 3004, time: 0.107, data: 0.001) G_GAN: 0.829 D_real: 0.045 D_fake: 0.026 G: 2.091 NCE: 1.433 NCE_Y: 1.091 
(epoch: 59, iters: 3104, time: 0.107, data: 0.001) G_GAN: 0.987 D_real: 0.044 D_fake: 0.018 G: 2.267 NCE: 1.475 NCE_Y: 1.086 
(epoch: 59, iters: 3204, time: 0.106, data: 0.001) G_GAN: 0.856 D_real: 0.039 D_fake: 0.040 G: 2.120 NCE: 1.441 NCE_Y: 1.086 
(epoch: 59, iters: 3304, time: 0.107, data: 0.001) G_GAN: 0.648 D_real: 0.056 D_fake: 0.158 G: 1.915 NCE: 1.437 NCE_Y: 1.096 
(epoch: 59, iters: 3404, time: 0.107, data: 0.001) G_GAN: 0.856 D_real: 0.031 D_fake: 0.028 G: 2.099 NCE: 1.389 NCE_Y: 1.098 
(epoch: 59, iters: 3504, time: 0.107, data: 0.001) G_GAN: 0.555 D_real: 0.051 D_fake: 0.163 G: 1.838 NCE: 1.463 NCE_Y: 1.102 
(epoch: 59, iters: 3604, time: 0.107, data: 0.002) G_GAN: 0.870 D_real: 0.067 D_fake: 0.177 G: 2.215 NCE: 1.613 NCE_Y: 1.078 
(epoch: 59, iters: 3704, time: 0.107, data: 0.001) G_GAN: 1.209 D_real: 0.273 D_fake: 0.047 G: 2.498 NCE: 1.475 NCE_Y: 1.102 
End of epoch 59 / 60 	 Time Taken: 405 sec
learning rate = 0.0000065
(epoch: 60, iters: 92, time: 0.107, data: 0.002) G_GAN: 0.719 D_real: 0.095 D_fake: 0.103 G: 2.007 NCE: 1.467 NCE_Y: 1.109 
(epoch: 60, iters: 192, time: 0.107, data: 0.001) G_GAN: 0.696 D_real: 0.108 D_fake: 0.077 G: 1.960 NCE: 1.426 NCE_Y: 1.102 
(epoch: 60, iters: 292, time: 0.107, data: 0.001) G_GAN: 0.642 D_real: 0.123 D_fake: 0.064 G: 1.916 NCE: 1.484 NCE_Y: 1.064 
(epoch: 60, iters: 392, time: 0.107, data: 0.001) G_GAN: 0.680 D_real: 0.146 D_fake: 0.053 G: 1.946 NCE: 1.438 NCE_Y: 1.094 
(epoch: 60, iters: 492, time: 0.107, data: 0.002) G_GAN: 0.496 D_real: 0.063 D_fake: 0.145 G: 1.775 NCE: 1.465 NCE_Y: 1.091 
(epoch: 60, iters: 592, time: 0.107, data: 0.001) G_GAN: 0.695 D_real: 0.164 D_fake: 0.142 G: 1.938 NCE: 1.414 NCE_Y: 1.071 
(epoch: 60, iters: 692, time: 0.107, data: 0.002) G_GAN: 0.700 D_real: 0.102 D_fake: 0.065 G: 1.967 NCE: 1.433 NCE_Y: 1.101 
(epoch: 60, iters: 792, time: 0.107, data: 0.001) G_GAN: 0.665 D_real: 0.031 D_fake: 0.072 G: 1.943 NCE: 1.495 NCE_Y: 1.062 
(epoch: 60, iters: 892, time: 0.106, data: 0.001) G_GAN: 0.464 D_real: 0.264 D_fake: 0.113 G: 1.747 NCE: 1.470 NCE_Y: 1.096 
(epoch: 60, iters: 992, time: 0.106, data: 0.001) G_GAN: 0.837 D_real: 0.082 D_fake: 0.029 G: 2.230 NCE: 1.669 NCE_Y: 1.116 
saving the latest model (epoch 60, total_iters 220000)
doctr_SD_to_SELFF_nl2
(epoch: 60, iters: 1092, time: 0.106, data: 0.001) G_GAN: 0.909 D_real: 0.119 D_fake: 0.040 G: 2.206 NCE: 1.508 NCE_Y: 1.087 
(epoch: 60, iters: 1192, time: 0.106, data: 0.001) G_GAN: 0.704 D_real: 0.119 D_fake: 0.047 G: 1.995 NCE: 1.497 NCE_Y: 1.085 
(epoch: 60, iters: 1292, time: 0.106, data: 0.001) G_GAN: 0.838 D_real: 0.043 D_fake: 0.021 G: 2.093 NCE: 1.441 NCE_Y: 1.071 
(epoch: 60, iters: 1392, time: 0.107, data: 0.001) G_GAN: 0.874 D_real: 0.091 D_fake: 0.049 G: 2.153 NCE: 1.479 NCE_Y: 1.078 
(epoch: 60, iters: 1492, time: 0.107, data: 0.001) G_GAN: 0.779 D_real: 0.141 D_fake: 0.055 G: 2.066 NCE: 1.481 NCE_Y: 1.095 
(epoch: 60, iters: 1592, time: 0.107, data: 0.001) G_GAN: 0.879 D_real: 0.094 D_fake: 0.050 G: 2.152 NCE: 1.454 NCE_Y: 1.093 
(epoch: 60, iters: 1692, time: 0.107, data: 0.001) G_GAN: 0.516 D_real: 0.053 D_fake: 0.120 G: 1.795 NCE: 1.471 NCE_Y: 1.087 
(epoch: 60, iters: 1792, time: 0.107, data: 0.001) G_GAN: 0.513 D_real: 0.093 D_fake: 0.136 G: 1.790 NCE: 1.446 NCE_Y: 1.107 
(epoch: 60, iters: 1892, time: 0.107, data: 0.001) G_GAN: 0.966 D_real: 0.055 D_fake: 0.063 G: 2.243 NCE: 1.461 NCE_Y: 1.094 
(epoch: 60, iters: 1992, time: 0.107, data: 0.001) G_GAN: 0.642 D_real: 0.043 D_fake: 0.091 G: 1.887 NCE: 1.415 NCE_Y: 1.074 
(epoch: 60, iters: 2092, time: 0.106, data: 0.001) G_GAN: 0.680 D_real: 0.054 D_fake: 0.058 G: 1.961 NCE: 1.484 NCE_Y: 1.077 
(epoch: 60, iters: 2192, time: 0.106, data: 0.001) G_GAN: 0.773 D_real: 0.053 D_fake: 0.035 G: 2.051 NCE: 1.473 NCE_Y: 1.082 
(epoch: 60, iters: 2292, time: 0.106, data: 0.001) G_GAN: 0.791 D_real: 0.080 D_fake: 0.052 G: 2.142 NCE: 1.607 NCE_Y: 1.096 
(epoch: 60, iters: 2392, time: 0.107, data: 0.002) G_GAN: 0.567 D_real: 0.087 D_fake: 0.141 G: 1.840 NCE: 1.451 NCE_Y: 1.094 
(epoch: 60, iters: 2492, time: 0.107, data: 0.001) G_GAN: 0.827 D_real: 0.033 D_fake: 0.036 G: 2.096 NCE: 1.442 NCE_Y: 1.097 
(epoch: 60, iters: 2592, time: 0.107, data: 0.002) G_GAN: 0.674 D_real: 0.111 D_fake: 0.136 G: 1.956 NCE: 1.477 NCE_Y: 1.086 
(epoch: 60, iters: 2692, time: 0.107, data: 0.001) G_GAN: 0.642 D_real: 0.065 D_fake: 0.090 G: 1.879 NCE: 1.410 NCE_Y: 1.063 
(epoch: 60, iters: 2792, time: 0.107, data: 0.002) G_GAN: 0.600 D_real: 0.036 D_fake: 0.123 G: 1.847 NCE: 1.410 NCE_Y: 1.084 
(epoch: 60, iters: 2892, time: 0.107, data: 0.001) G_GAN: 0.680 D_real: 0.054 D_fake: 0.078 G: 1.938 NCE: 1.444 NCE_Y: 1.071 
(epoch: 60, iters: 2992, time: 0.107, data: 0.001) G_GAN: 0.680 D_real: 0.065 D_fake: 0.059 G: 1.952 NCE: 1.480 NCE_Y: 1.064 
(epoch: 60, iters: 3092, time: 0.107, data: 0.001) G_GAN: 0.752 D_real: 0.087 D_fake: 0.065 G: 2.052 NCE: 1.497 NCE_Y: 1.103 
(epoch: 60, iters: 3192, time: 0.107, data: 0.001) G_GAN: 0.587 D_real: 0.077 D_fake: 0.085 G: 1.871 NCE: 1.467 NCE_Y: 1.101 
(epoch: 60, iters: 3292, time: 0.107, data: 0.001) G_GAN: 1.151 D_real: 0.083 D_fake: 0.064 G: 2.481 NCE: 1.585 NCE_Y: 1.076 
(epoch: 60, iters: 3392, time: 0.107, data: 0.001) G_GAN: 0.623 D_real: 0.044 D_fake: 0.088 G: 1.902 NCE: 1.449 NCE_Y: 1.108 
(epoch: 60, iters: 3492, time: 0.106, data: 0.001) G_GAN: 0.920 D_real: 0.036 D_fake: 0.038 G: 2.200 NCE: 1.464 NCE_Y: 1.097 
(epoch: 60, iters: 3592, time: 0.107, data: 0.001) G_GAN: 0.476 D_real: 0.103 D_fake: 0.143 G: 1.879 NCE: 1.729 NCE_Y: 1.079 
(epoch: 60, iters: 3692, time: 0.107, data: 0.001) G_GAN: 0.727 D_real: 0.063 D_fake: 0.066 G: 2.006 NCE: 1.468 NCE_Y: 1.090 
saving the model at the end of epoch 60, iters 222720
End of epoch 60 / 60 	 Time Taken: 405 sec
learning rate = 0.0000000
