Setting up a new session...
----------------- Options ---------------
                 CUT_mode: CUT                           
               batch_size: 1                             
                    beta1: 0.5                           
                    beta2: 0.999                         
          checkpoints_dir: ./checkpoints                 
           continue_train: False                         
                crop_size: 256                           
                 dataroot: ../doctr_cut_2d_fixed         	[default: placeholder]
             dataset_mode: unaligned                     
                direction: AtoB                          
              display_env: main                          
             display_freq: 400                           
               display_id: None                          
            display_ncols: 4                             
             display_port: 8097                          
           display_server: http://localhost              
          display_winsize: 256                           
               easy_label: experiment_name               
                    epoch: latest                        
              epoch_count: 1                             
          evaluation_freq: 5000                          
        flip_equivariance: False                         
                 gan_mode: lsgan                         
                  gpu_ids: 0                             
                init_gain: 0.02                          
                init_type: xavier                        
                 input_nc: 3                             
                  isTrain: True                          	[default: None]
               lambda_GAN: 1.0                           
               lambda_NCE: 1.0                           
                load_size: 286                           
                       lr: 0.0002                        
           lr_decay_iters: 50                            
                lr_policy: linear                        
         max_dataset_size: inf                           
                    model: cut                           
                 n_epochs: 30                            	[default: 200]
           n_epochs_decay: 30                            	[default: 200]
               n_layers_D: 2                             	[default: 3]
                     name: doctr_SELFF_to_SD_fixed_nl2   	[default: experiment_name]
                    nce_T: 0.07                          
                  nce_idt: True                          
nce_includes_all_negatives_from_minibatch: False                         
               nce_layers: 0,4,8,12,16                   
                      ndf: 64                            
                     netD: n_layers                      	[default: basic]
                     netF: mlp_sample                    
                  netF_nc: 256                           
                     netG: resnet_9blocks                
                      ngf: 64                            
             no_antialias: False                         
          no_antialias_up: False                         
               no_dropout: True                          
                  no_flip: False                         
                  no_html: False                         
                    normD: instance                      
                    normG: instance                      
              num_patches: 256                           
              num_threads: 4                             
                output_nc: 3                             
                    phase: train                         
                pool_size: 0                             
               preprocess: none                          	[default: resize_and_crop]
          pretrained_name: None                          
               print_freq: 100                           
         random_scale_max: 3.0                           
             save_by_iter: False                         
          save_epoch_freq: 5                             
         save_latest_freq: 5000                          
           serial_batches: False                         
stylegan2_G_num_downsampling: 1                             
                   suffix:                               
         update_html_freq: 1000                          
                  verbose: False                         
----------------- End -------------------
dataset [UnalignedDataset] was created
model [CUTModel] was created
The number of training images = 8040
create web directory ./checkpoints/doctr_SELFF_to_SD_fixed_nl2/web...
/home/vogg/contrastive-unpaired-translation/models/networks.py:569: UserWarning: To copy construct from a tensor, it is recommended to use sourceTensor.detach().clone() or sourceTensor.detach().clone().requires_grad_(True), rather than torch.tensor(sourceTensor).
  patch_id = torch.tensor(patch_id, dtype=torch.long, device=feat.device)
/home/vogg/contrastive-unpaired-translation/models/base_model.py:161: UserWarning: Converting a tensor with requires_grad=True to a scalar may lead to unexpected behavior.
Consider using tensor.detach() first. (Triggered internally at /pytorch/torch/csrc/autograd/generated/python_variable_methods.cpp:835.)
  errors_ret[name] = float(getattr(self, 'loss_' + name))  # float(...) works for both scalar tensor and float number
---------- Networks initialized -------------
[Network G] Total number of parameters : 11.378 M
[Network F] Total number of parameters : 0.560 M
[Network D] Total number of parameters : 0.663 M
-----------------------------------------------
(epoch: 1, iters: 100, time: 0.086, data: 0.080) G_GAN: 0.494 D_real: 0.214 D_fake: 0.195 G: 4.597 NCE: 4.059 NCE_Y: 4.148 
(epoch: 1, iters: 200, time: 0.073, data: 0.002) G_GAN: 0.309 D_real: 0.271 D_fake: 0.261 G: 3.919 NCE: 3.728 NCE_Y: 3.490 
(epoch: 1, iters: 300, time: 0.065, data: 0.001) G_GAN: 0.350 D_real: 0.209 D_fake: 0.289 G: 3.960 NCE: 3.821 NCE_Y: 3.398 
(epoch: 1, iters: 400, time: 0.060, data: 0.001) G_GAN: 0.251 D_real: 0.326 D_fake: 0.161 G: 3.531 NCE: 3.381 NCE_Y: 3.180 
(epoch: 1, iters: 500, time: 0.057, data: 0.001) G_GAN: 0.502 D_real: 0.216 D_fake: 0.262 G: 3.194 NCE: 2.869 NCE_Y: 2.515 
(epoch: 1, iters: 600, time: 0.055, data: 0.001) G_GAN: 0.424 D_real: 0.198 D_fake: 0.161 G: 2.869 NCE: 2.577 NCE_Y: 2.313 
(epoch: 1, iters: 700, time: 0.054, data: 0.002) G_GAN: 0.387 D_real: 0.235 D_fake: 0.278 G: 2.470 NCE: 2.327 NCE_Y: 1.840 
(epoch: 1, iters: 800, time: 0.054, data: 0.002) G_GAN: 0.501 D_real: 0.111 D_fake: 0.208 G: 2.632 NCE: 2.267 NCE_Y: 1.995 
(epoch: 1, iters: 900, time: 0.053, data: 0.001) G_GAN: 0.212 D_real: 0.320 D_fake: 0.290 G: 2.039 NCE: 2.115 NCE_Y: 1.538 
(epoch: 1, iters: 1000, time: 0.053, data: 0.001) G_GAN: 0.351 D_real: 0.140 D_fake: 0.390 G: 1.922 NCE: 1.788 NCE_Y: 1.355 
(epoch: 1, iters: 1100, time: 0.053, data: 0.002) G_GAN: 0.323 D_real: 0.239 D_fake: 0.230 G: 1.831 NCE: 1.702 NCE_Y: 1.312 
(epoch: 1, iters: 1200, time: 0.053, data: 0.001) G_GAN: 0.626 D_real: 0.148 D_fake: 0.210 G: 2.363 NCE: 2.030 NCE_Y: 1.444 
(epoch: 1, iters: 1300, time: 0.053, data: 0.002) G_GAN: 0.434 D_real: 0.310 D_fake: 0.084 G: 1.887 NCE: 1.628 NCE_Y: 1.278 
(epoch: 1, iters: 1400, time: 0.053, data: 0.002) G_GAN: 0.788 D_real: 0.037 D_fake: 0.203 G: 2.427 NCE: 1.840 NCE_Y: 1.438 
(epoch: 1, iters: 1500, time: 0.053, data: 0.001) G_GAN: 0.266 D_real: 0.158 D_fake: 0.345 G: 1.526 NCE: 1.402 NCE_Y: 1.118 
(epoch: 1, iters: 1600, time: 0.053, data: 0.001) G_GAN: 0.356 D_real: 0.194 D_fake: 0.220 G: 1.757 NCE: 1.641 NCE_Y: 1.159 
(epoch: 1, iters: 1700, time: 0.053, data: 0.001) G_GAN: 0.439 D_real: 0.244 D_fake: 0.187 G: 1.915 NCE: 1.745 NCE_Y: 1.208 
(epoch: 1, iters: 1800, time: 0.053, data: 0.002) G_GAN: 0.677 D_real: 0.089 D_fake: 0.107 G: 2.406 NCE: 2.004 NCE_Y: 1.454 
(epoch: 1, iters: 1900, time: 0.053, data: 0.002) G_GAN: 0.904 D_real: 0.034 D_fake: 0.019 G: 2.548 NCE: 1.682 NCE_Y: 1.606 
(epoch: 1, iters: 2000, time: 0.053, data: 0.001) G_GAN: 0.946 D_real: 0.018 D_fake: 0.008 G: 2.595 NCE: 1.822 NCE_Y: 1.476 
(epoch: 1, iters: 2100, time: 0.053, data: 0.001) G_GAN: 0.823 D_real: 0.036 D_fake: 0.011 G: 2.231 NCE: 1.306 NCE_Y: 1.511 
(epoch: 1, iters: 2200, time: 0.053, data: 0.002) G_GAN: 0.796 D_real: 0.067 D_fake: 0.009 G: 2.219 NCE: 1.540 NCE_Y: 1.307 
(epoch: 1, iters: 2300, time: 0.053, data: 0.002) G_GAN: 0.869 D_real: 0.031 D_fake: 0.023 G: 2.276 NCE: 1.475 NCE_Y: 1.339 
(epoch: 1, iters: 2400, time: 0.053, data: 0.001) G_GAN: 0.413 D_real: 0.205 D_fake: 0.173 G: 1.911 NCE: 1.656 NCE_Y: 1.340 
(epoch: 1, iters: 2500, time: 0.053, data: 0.001) G_GAN: 0.804 D_real: 0.113 D_fake: 0.162 G: 2.173 NCE: 1.408 NCE_Y: 1.330 
(epoch: 1, iters: 2600, time: 0.053, data: 0.001) G_GAN: 0.996 D_real: 0.010 D_fake: 0.027 G: 2.331 NCE: 1.428 NCE_Y: 1.242 
(epoch: 1, iters: 2700, time: 0.053, data: 0.002) G_GAN: 0.803 D_real: 0.121 D_fake: 0.174 G: 2.345 NCE: 1.706 NCE_Y: 1.378 
(epoch: 1, iters: 2800, time: 0.053, data: 0.003) G_GAN: 0.653 D_real: 0.205 D_fake: 0.096 G: 2.055 NCE: 1.409 NCE_Y: 1.396 
(epoch: 1, iters: 2900, time: 0.053, data: 0.001) G_GAN: 0.612 D_real: 0.017 D_fake: 0.172 G: 1.827 NCE: 1.216 NCE_Y: 1.213 
(epoch: 1, iters: 3000, time: 0.053, data: 0.001) G_GAN: 0.961 D_real: 0.012 D_fake: 0.005 G: 2.134 NCE: 1.230 NCE_Y: 1.117 
(epoch: 1, iters: 3100, time: 0.053, data: 0.005) G_GAN: 0.982 D_real: 0.011 D_fake: 0.006 G: 2.164 NCE: 1.168 NCE_Y: 1.195 
(epoch: 1, iters: 3200, time: 0.052, data: 0.002) G_GAN: 0.717 D_real: 0.096 D_fake: 0.093 G: 2.070 NCE: 1.457 NCE_Y: 1.250 
(epoch: 1, iters: 3300, time: 0.053, data: 0.002) G_GAN: 0.798 D_real: 0.138 D_fake: 0.151 G: 2.219 NCE: 1.508 NCE_Y: 1.333 
(epoch: 1, iters: 3400, time: 0.053, data: 0.001) G_GAN: 0.355 D_real: 0.193 D_fake: 0.208 G: 1.633 NCE: 1.412 NCE_Y: 1.144 
(epoch: 1, iters: 3500, time: 0.053, data: 0.002) G_GAN: 0.273 D_real: 0.202 D_fake: 0.273 G: 1.480 NCE: 1.330 NCE_Y: 1.084 
(epoch: 1, iters: 3600, time: 0.053, data: 0.002) G_GAN: 0.389 D_real: 0.116 D_fake: 0.308 G: 1.630 NCE: 1.311 NCE_Y: 1.171 
(epoch: 1, iters: 3700, time: 0.053, data: 0.002) G_GAN: 0.339 D_real: 0.243 D_fake: 0.175 G: 1.546 NCE: 1.366 NCE_Y: 1.048 
(epoch: 1, iters: 3800, time: 0.052, data: 0.001) G_GAN: 0.295 D_real: 0.268 D_fake: 0.206 G: 1.542 NCE: 1.394 NCE_Y: 1.102 
(epoch: 1, iters: 3900, time: 0.053, data: 0.001) G_GAN: 0.348 D_real: 0.331 D_fake: 0.209 G: 1.558 NCE: 1.386 NCE_Y: 1.034 
(epoch: 1, iters: 4000, time: 0.052, data: 0.002) G_GAN: 0.937 D_real: 0.039 D_fake: 0.012 G: 2.106 NCE: 1.136 NCE_Y: 1.202 
(epoch: 1, iters: 4100, time: 0.053, data: 0.002) G_GAN: 1.100 D_real: 0.017 D_fake: 0.025 G: 2.301 NCE: 1.277 NCE_Y: 1.124 
(epoch: 1, iters: 4200, time: 0.053, data: 0.002) G_GAN: 0.983 D_real: 0.004 D_fake: 0.004 G: 2.405 NCE: 1.652 NCE_Y: 1.194 
(epoch: 1, iters: 4300, time: 0.053, data: 0.002) G_GAN: 0.982 D_real: 0.002 D_fake: 0.010 G: 2.274 NCE: 1.432 NCE_Y: 1.150 
(epoch: 1, iters: 4400, time: 0.053, data: 0.001) G_GAN: 0.984 D_real: 0.007 D_fake: 0.005 G: 2.213 NCE: 1.320 NCE_Y: 1.138 
(epoch: 1, iters: 4500, time: 0.053, data: 0.001) G_GAN: 0.374 D_real: 0.240 D_fake: 0.137 G: 1.615 NCE: 1.308 NCE_Y: 1.175 
(epoch: 1, iters: 4600, time: 0.053, data: 0.002) G_GAN: 0.258 D_real: 0.082 D_fake: 0.454 G: 1.387 NCE: 1.198 NCE_Y: 1.059 
(epoch: 1, iters: 4700, time: 0.053, data: 0.002) G_GAN: 0.817 D_real: 0.341 D_fake: 0.119 G: 1.903 NCE: 1.121 NCE_Y: 1.052 
(epoch: 1, iters: 4800, time: 0.053, data: 0.001) G_GAN: 0.236 D_real: 0.314 D_fake: 0.229 G: 1.378 NCE: 1.252 NCE_Y: 1.033 
(epoch: 1, iters: 4900, time: 0.053, data: 0.001) G_GAN: 0.244 D_real: 0.262 D_fake: 0.305 G: 1.429 NCE: 1.333 NCE_Y: 1.038 
(epoch: 1, iters: 5000, time: 0.053, data: 0.001) G_GAN: 0.258 D_real: 0.333 D_fake: 0.181 G: 1.383 NCE: 1.243 NCE_Y: 1.006 
saving the latest model (epoch 1, total_iters 5000)
doctr_SELFF_to_SD_fixed_nl2
(epoch: 1, iters: 5100, time: 0.053, data: 0.001) G_GAN: 0.297 D_real: 0.215 D_fake: 0.214 G: 1.455 NCE: 1.331 NCE_Y: 0.986 
(epoch: 1, iters: 5200, time: 0.053, data: 0.001) G_GAN: 0.297 D_real: 0.208 D_fake: 0.305 G: 1.451 NCE: 1.314 NCE_Y: 0.994 
(epoch: 1, iters: 5300, time: 0.053, data: 0.001) G_GAN: 0.975 D_real: 0.020 D_fake: 0.016 G: 2.588 NCE: 1.729 NCE_Y: 1.496 
(epoch: 1, iters: 5400, time: 0.052, data: 0.001) G_GAN: 0.968 D_real: 0.009 D_fake: 0.010 G: 2.296 NCE: 1.408 NCE_Y: 1.249 
(epoch: 1, iters: 5500, time: 0.053, data: 0.002) G_GAN: 0.365 D_real: 0.152 D_fake: 0.209 G: 1.486 NCE: 1.180 NCE_Y: 1.062 
(epoch: 1, iters: 5600, time: 0.052, data: 0.002) G_GAN: 0.576 D_real: 0.179 D_fake: 0.148 G: 2.072 NCE: 1.555 NCE_Y: 1.436 
(epoch: 1, iters: 5700, time: 0.053, data: 0.002) G_GAN: 0.578 D_real: 0.091 D_fake: 0.120 G: 1.847 NCE: 1.279 NCE_Y: 1.260 
(epoch: 1, iters: 5800, time: 0.053, data: 0.001) G_GAN: 0.967 D_real: 0.031 D_fake: 0.024 G: 2.152 NCE: 1.189 NCE_Y: 1.182 
(epoch: 1, iters: 5900, time: 0.053, data: 0.001) G_GAN: 0.539 D_real: 0.045 D_fake: 0.302 G: 1.723 NCE: 1.171 NCE_Y: 1.199 
(epoch: 1, iters: 6000, time: 0.053, data: 0.002) G_GAN: 0.937 D_real: 0.036 D_fake: 0.011 G: 2.019 NCE: 1.092 NCE_Y: 1.070 
(epoch: 1, iters: 6100, time: 0.053, data: 0.001) G_GAN: 0.934 D_real: 0.002 D_fake: 0.008 G: 2.104 NCE: 1.307 NCE_Y: 1.033 
(epoch: 1, iters: 6200, time: 0.053, data: 0.002) G_GAN: 0.986 D_real: 0.013 D_fake: 0.015 G: 2.124 NCE: 1.176 NCE_Y: 1.101 
(epoch: 1, iters: 6300, time: 0.053, data: 0.002) G_GAN: 1.021 D_real: 0.006 D_fake: 0.005 G: 2.039 NCE: 1.071 NCE_Y: 0.965 
(epoch: 1, iters: 6400, time: 0.053, data: 0.001) G_GAN: 1.029 D_real: 0.002 D_fake: 0.006 G: 2.100 NCE: 1.117 NCE_Y: 1.027 
(epoch: 1, iters: 6500, time: 0.052, data: 0.001) G_GAN: 1.044 D_real: 0.002 D_fake: 0.005 G: 2.193 NCE: 1.254 NCE_Y: 1.045 
(epoch: 1, iters: 6600, time: 0.052, data: 0.001) G_GAN: 0.787 D_real: 0.064 D_fake: 0.291 G: 1.931 NCE: 1.198 NCE_Y: 1.089 
(epoch: 1, iters: 6700, time: 0.053, data: 0.001) G_GAN: 0.355 D_real: 0.172 D_fake: 0.184 G: 1.451 NCE: 1.138 NCE_Y: 1.054 
(epoch: 1, iters: 6800, time: 0.052, data: 0.001) G_GAN: 0.316 D_real: 0.166 D_fake: 0.267 G: 1.336 NCE: 1.088 NCE_Y: 0.954 
(epoch: 1, iters: 6900, time: 0.053, data: 0.002) G_GAN: 0.346 D_real: 0.176 D_fake: 0.236 G: 1.403 NCE: 1.149 NCE_Y: 0.964 
(epoch: 1, iters: 7000, time: 0.053, data: 0.001) G_GAN: 0.322 D_real: 0.163 D_fake: 0.261 G: 1.386 NCE: 1.150 NCE_Y: 0.977 
(epoch: 1, iters: 7100, time: 0.053, data: 0.001) G_GAN: 0.333 D_real: 0.207 D_fake: 0.240 G: 1.422 NCE: 1.235 NCE_Y: 0.943 
(epoch: 1, iters: 7200, time: 0.053, data: 0.001) G_GAN: 0.348 D_real: 0.218 D_fake: 0.215 G: 1.394 NCE: 1.083 NCE_Y: 1.009 
(epoch: 1, iters: 7300, time: 0.053, data: 0.001) G_GAN: 0.228 D_real: 0.248 D_fake: 0.277 G: 1.310 NCE: 1.182 NCE_Y: 0.982 
(epoch: 1, iters: 7400, time: 0.053, data: 0.001) G_GAN: 0.350 D_real: 0.237 D_fake: 0.196 G: 1.365 NCE: 1.080 NCE_Y: 0.950 
(epoch: 1, iters: 7500, time: 0.053, data: 0.002) G_GAN: 0.387 D_real: 0.114 D_fake: 0.251 G: 1.432 NCE: 1.121 NCE_Y: 0.969 
(epoch: 1, iters: 7600, time: 0.052, data: 0.001) G_GAN: 0.421 D_real: 0.147 D_fake: 0.233 G: 1.485 NCE: 1.123 NCE_Y: 1.005 
(epoch: 1, iters: 7700, time: 0.052, data: 0.001) G_GAN: 0.365 D_real: 0.170 D_fake: 0.234 G: 1.468 NCE: 1.231 NCE_Y: 0.976 
(epoch: 1, iters: 7800, time: 0.052, data: 0.002) G_GAN: 0.311 D_real: 0.196 D_fake: 0.229 G: 1.384 NCE: 1.214 NCE_Y: 0.932 
(epoch: 1, iters: 7900, time: 0.053, data: 0.002) G_GAN: 0.313 D_real: 0.142 D_fake: 0.270 G: 1.347 NCE: 1.147 NCE_Y: 0.922 
(epoch: 1, iters: 8000, time: 0.052, data: 0.002) G_GAN: 0.559 D_real: 0.717 D_fake: 0.016 G: 2.256 NCE: 1.884 NCE_Y: 1.511 
End of epoch 1 / 60 	 Time Taken: 437 sec
learning rate = 0.0002000
(epoch: 2, iters: 60, time: 0.052, data: 0.001) G_GAN: 0.642 D_real: 0.049 D_fake: 0.026 G: 1.861 NCE: 1.204 NCE_Y: 1.234 
(epoch: 2, iters: 160, time: 0.053, data: 0.001) G_GAN: 0.307 D_real: 0.244 D_fake: 0.180 G: 1.433 NCE: 1.162 NCE_Y: 1.090 
(epoch: 2, iters: 260, time: 0.053, data: 0.001) G_GAN: 0.913 D_real: 0.135 D_fake: 0.065 G: 2.066 NCE: 1.221 NCE_Y: 1.084 
(epoch: 2, iters: 360, time: 0.053, data: 0.001) G_GAN: 0.429 D_real: 0.159 D_fake: 0.257 G: 1.517 NCE: 1.105 NCE_Y: 1.071 
(epoch: 2, iters: 460, time: 0.053, data: 0.001) G_GAN: 0.323 D_real: 0.237 D_fake: 0.197 G: 1.401 NCE: 1.214 NCE_Y: 0.940 
(epoch: 2, iters: 560, time: 0.053, data: 0.002) G_GAN: 0.294 D_real: 0.350 D_fake: 0.178 G: 1.327 NCE: 1.142 NCE_Y: 0.925 
(epoch: 2, iters: 660, time: 0.052, data: 0.002) G_GAN: 0.243 D_real: 0.299 D_fake: 0.253 G: 1.409 NCE: 1.245 NCE_Y: 1.088 
(epoch: 2, iters: 760, time: 0.052, data: 0.001) G_GAN: 0.324 D_real: 0.210 D_fake: 0.201 G: 1.332 NCE: 1.062 NCE_Y: 0.953 
(epoch: 2, iters: 860, time: 0.053, data: 0.002) G_GAN: 0.233 D_real: 0.334 D_fake: 0.238 G: 1.288 NCE: 1.152 NCE_Y: 0.958 
(epoch: 2, iters: 960, time: 0.052, data: 0.002) G_GAN: 2.166 D_real: 0.052 D_fake: 0.140 G: 9.156 NCE: 7.464 NCE_Y: 6.515 
(epoch: 2, iters: 1060, time: 0.052, data: 0.002) G_GAN: 0.981 D_real: 0.014 D_fake: 0.044 G: 2.361 NCE: 1.439 NCE_Y: 1.321 
(epoch: 2, iters: 1160, time: 0.052, data: 0.001) G_GAN: 0.575 D_real: 0.545 D_fake: 0.030 G: 2.222 NCE: 1.682 NCE_Y: 1.612 
(epoch: 2, iters: 1260, time: 0.051, data: 0.002) G_GAN: 0.823 D_real: 0.015 D_fake: 0.046 G: 2.133 NCE: 1.368 NCE_Y: 1.254 
(epoch: 2, iters: 1360, time: 0.052, data: 0.001) G_GAN: 0.623 D_real: 0.167 D_fake: 0.028 G: 1.885 NCE: 1.307 NCE_Y: 1.219 
(epoch: 2, iters: 1460, time: 0.052, data: 0.002) G_GAN: 0.701 D_real: 0.008 D_fake: 0.200 G: 2.180 NCE: 1.613 NCE_Y: 1.344 
(epoch: 2, iters: 1560, time: 0.053, data: 0.001) G_GAN: 0.521 D_real: 0.042 D_fake: 0.236 G: 1.650 NCE: 1.118 NCE_Y: 1.140 
(epoch: 2, iters: 1660, time: 0.053, data: 0.001) G_GAN: 0.588 D_real: 0.062 D_fake: 0.063 G: 1.781 NCE: 1.214 NCE_Y: 1.172 
(epoch: 2, iters: 1760, time: 0.053, data: 0.001) G_GAN: 0.300 D_real: 0.189 D_fake: 0.276 G: 1.342 NCE: 1.038 NCE_Y: 1.045 
(epoch: 2, iters: 1860, time: 0.053, data: 0.001) G_GAN: 0.378 D_real: 0.167 D_fake: 0.280 G: 1.424 NCE: 1.123 NCE_Y: 0.969 
(epoch: 2, iters: 1960, time: 0.053, data: 0.001) G_GAN: 0.309 D_real: 0.301 D_fake: 0.151 G: 1.360 NCE: 1.083 NCE_Y: 1.021 
saving the latest model (epoch 2, total_iters 10000)
doctr_SELFF_to_SD_fixed_nl2
(epoch: 2, iters: 2060, time: 0.053, data: 0.001) G_GAN: 0.294 D_real: 0.212 D_fake: 0.272 G: 1.296 NCE: 1.055 NCE_Y: 0.948 
(epoch: 2, iters: 2160, time: 0.052, data: 0.001) G_GAN: 0.261 D_real: 0.310 D_fake: 0.196 G: 1.312 NCE: 1.164 NCE_Y: 0.938 
(epoch: 2, iters: 2260, time: 0.053, data: 0.002) G_GAN: 0.282 D_real: 0.289 D_fake: 0.214 G: 1.332 NCE: 1.194 NCE_Y: 0.907 
(epoch: 2, iters: 2360, time: 0.053, data: 0.001) G_GAN: 0.422 D_real: 0.083 D_fake: 0.249 G: 1.452 NCE: 1.118 NCE_Y: 0.942 
(epoch: 2, iters: 2460, time: 0.053, data: 0.002) G_GAN: 0.250 D_real: 0.261 D_fake: 0.245 G: 1.273 NCE: 1.095 NCE_Y: 0.951 
(epoch: 2, iters: 2560, time: 0.053, data: 0.001) G_GAN: 0.364 D_real: 0.118 D_fake: 0.255 G: 1.356 NCE: 1.025 NCE_Y: 0.960 
(epoch: 2, iters: 2660, time: 0.053, data: 0.001) G_GAN: 0.332 D_real: 0.243 D_fake: 0.253 G: 1.440 NCE: 1.257 NCE_Y: 0.959 
(epoch: 2, iters: 2760, time: 0.053, data: 0.001) G_GAN: 0.249 D_real: 0.372 D_fake: 0.192 G: 1.259 NCE: 1.077 NCE_Y: 0.945 
(epoch: 2, iters: 2860, time: 0.053, data: 0.002) G_GAN: 0.301 D_real: 0.212 D_fake: 0.212 G: 1.300 NCE: 1.062 NCE_Y: 0.936 
(epoch: 2, iters: 2960, time: 0.053, data: 0.002) G_GAN: 0.444 D_real: 0.122 D_fake: 0.195 G: 1.478 NCE: 1.085 NCE_Y: 0.983 
(epoch: 2, iters: 3060, time: 0.052, data: 0.001) G_GAN: 0.370 D_real: 0.245 D_fake: 0.190 G: 1.473 NCE: 1.157 NCE_Y: 1.047 
(epoch: 2, iters: 3160, time: 0.051, data: 0.001) G_GAN: 0.265 D_real: 0.247 D_fake: 0.216 G: 1.295 NCE: 1.125 NCE_Y: 0.936 
(epoch: 2, iters: 3260, time: 0.052, data: 0.002) G_GAN: 0.386 D_real: 0.188 D_fake: 0.159 G: 1.403 NCE: 1.078 NCE_Y: 0.956 
(epoch: 2, iters: 3360, time: 0.052, data: 0.001) G_GAN: 0.368 D_real: 0.429 D_fake: 0.121 G: 1.388 NCE: 1.101 NCE_Y: 0.939 
(epoch: 2, iters: 3460, time: 0.052, data: 0.001) G_GAN: 0.244 D_real: 0.375 D_fake: 0.305 G: 1.306 NCE: 1.103 NCE_Y: 1.021 
(epoch: 2, iters: 3560, time: 0.053, data: 0.002) G_GAN: 0.747 D_real: 0.018 D_fake: 0.118 G: 1.881 NCE: 1.191 NCE_Y: 1.076 
(epoch: 2, iters: 3660, time: 0.053, data: 0.003) G_GAN: 0.949 D_real: 0.006 D_fake: 0.007 G: 2.029 NCE: 1.090 NCE_Y: 1.068 
(epoch: 2, iters: 3760, time: 0.053, data: 0.001) G_GAN: 0.995 D_real: 0.002 D_fake: 0.006 G: 2.089 NCE: 1.159 NCE_Y: 1.030 
(epoch: 2, iters: 3860, time: 0.052, data: 0.002) G_GAN: 0.980 D_real: 0.003 D_fake: 0.020 G: 2.066 NCE: 1.110 NCE_Y: 1.061 
(epoch: 2, iters: 3960, time: 0.053, data: 0.001) G_GAN: 1.014 D_real: 0.006 D_fake: 0.012 G: 2.146 NCE: 1.123 NCE_Y: 1.141 
(epoch: 2, iters: 4060, time: 0.053, data: 0.001) G_GAN: 0.955 D_real: 0.008 D_fake: 0.003 G: 2.032 NCE: 1.121 NCE_Y: 1.031 
(epoch: 2, iters: 4160, time: 0.053, data: 0.001) G_GAN: 0.722 D_real: 0.067 D_fake: 0.042 G: 1.888 NCE: 1.284 NCE_Y: 1.047 
(epoch: 2, iters: 4260, time: 0.053, data: 0.001) G_GAN: 0.437 D_real: 0.222 D_fake: 0.211 G: 1.439 NCE: 1.036 NCE_Y: 0.968 
(epoch: 2, iters: 4360, time: 0.052, data: 0.001) G_GAN: 0.299 D_real: 0.215 D_fake: 0.262 G: 1.373 NCE: 1.180 NCE_Y: 0.968 
(epoch: 2, iters: 4460, time: 0.053, data: 0.001) G_GAN: 0.203 D_real: 0.254 D_fake: 0.383 G: 1.259 NCE: 1.133 NCE_Y: 0.978 
(epoch: 2, iters: 4560, time: 0.053, data: 0.002) G_GAN: 0.398 D_real: 0.164 D_fake: 0.274 G: 1.391 NCE: 1.025 NCE_Y: 0.961 
(epoch: 2, iters: 4660, time: 0.053, data: 0.001) G_GAN: 0.272 D_real: 0.398 D_fake: 0.190 G: 1.368 NCE: 1.179 NCE_Y: 1.013 
(epoch: 2, iters: 4760, time: 0.053, data: 0.002) G_GAN: 0.912 D_real: 0.010 D_fake: 0.016 G: 2.360 NCE: 1.583 NCE_Y: 1.314 
(epoch: 2, iters: 4860, time: 0.053, data: 0.001) G_GAN: 0.921 D_real: 0.368 D_fake: 0.100 G: 2.030 NCE: 1.182 NCE_Y: 1.034 
(epoch: 2, iters: 4960, time: 0.053, data: 0.001) G_GAN: 0.307 D_real: 0.257 D_fake: 0.221 G: 1.316 NCE: 1.067 NCE_Y: 0.950 
(epoch: 2, iters: 5060, time: 0.052, data: 0.002) G_GAN: 0.272 D_real: 0.286 D_fake: 0.230 G: 1.308 NCE: 1.133 NCE_Y: 0.940 
(epoch: 2, iters: 5160, time: 0.052, data: 0.001) G_GAN: 0.349 D_real: 0.232 D_fake: 0.232 G: 1.400 NCE: 1.072 NCE_Y: 1.029 
(epoch: 2, iters: 5260, time: 0.052, data: 0.001) G_GAN: 0.311 D_real: 0.203 D_fake: 0.244 G: 1.319 NCE: 1.070 NCE_Y: 0.946 
(epoch: 2, iters: 5360, time: 0.052, data: 0.001) G_GAN: 0.275 D_real: 0.267 D_fake: 0.244 G: 1.329 NCE: 1.185 NCE_Y: 0.923 
(epoch: 2, iters: 5460, time: 0.052, data: 0.001) G_GAN: 0.296 D_real: 0.183 D_fake: 0.273 G: 1.324 NCE: 1.113 NCE_Y: 0.942 
(epoch: 2, iters: 5560, time: 0.052, data: 0.002) G_GAN: 0.346 D_real: 0.190 D_fake: 0.244 G: 1.395 NCE: 1.067 NCE_Y: 1.031 
(epoch: 2, iters: 5660, time: 0.052, data: 0.001) G_GAN: 0.284 D_real: 0.167 D_fake: 0.218 G: 1.285 NCE: 1.071 NCE_Y: 0.931 
(epoch: 2, iters: 5760, time: 0.052, data: 0.001) G_GAN: 0.271 D_real: 0.280 D_fake: 0.254 G: 1.329 NCE: 1.165 NCE_Y: 0.949 
(epoch: 2, iters: 5860, time: 0.053, data: 0.001) G_GAN: 0.243 D_real: 0.280 D_fake: 0.293 G: 1.274 NCE: 1.132 NCE_Y: 0.930 
(epoch: 2, iters: 5960, time: 0.052, data: 0.001) G_GAN: 0.313 D_real: 0.268 D_fake: 0.177 G: 1.383 NCE: 1.033 NCE_Y: 1.106 
(epoch: 2, iters: 6060, time: 0.053, data: 0.001) G_GAN: 0.296 D_real: 0.350 D_fake: 0.223 G: 1.349 NCE: 1.053 NCE_Y: 1.052 
(epoch: 2, iters: 6160, time: 0.053, data: 0.002) G_GAN: 0.287 D_real: 0.217 D_fake: 0.267 G: 1.369 NCE: 1.205 NCE_Y: 0.959 
(epoch: 2, iters: 6260, time: 0.053, data: 0.002) G_GAN: 0.231 D_real: 0.300 D_fake: 0.336 G: 1.355 NCE: 1.255 NCE_Y: 0.993 
(epoch: 2, iters: 6360, time: 0.053, data: 0.001) G_GAN: 0.298 D_real: 0.323 D_fake: 0.155 G: 1.302 NCE: 1.081 NCE_Y: 0.925 
(epoch: 2, iters: 6460, time: 0.053, data: 0.001) G_GAN: 0.331 D_real: 0.145 D_fake: 0.295 G: 1.350 NCE: 1.039 NCE_Y: 0.998 
(epoch: 2, iters: 6560, time: 0.053, data: 0.001) G_GAN: 0.262 D_real: 0.332 D_fake: 0.232 G: 1.276 NCE: 1.103 NCE_Y: 0.924 
(epoch: 2, iters: 6660, time: 0.052, data: 0.002) G_GAN: 0.369 D_real: 0.170 D_fake: 0.232 G: 1.369 NCE: 1.091 NCE_Y: 0.907 
(epoch: 2, iters: 6760, time: 0.052, data: 0.002) G_GAN: 0.362 D_real: 0.150 D_fake: 0.181 G: 1.381 NCE: 1.100 NCE_Y: 0.939 
(epoch: 2, iters: 6860, time: 0.052, data: 0.001) G_GAN: 0.216 D_real: 0.288 D_fake: 0.266 G: 1.349 NCE: 1.330 NCE_Y: 0.936 
(epoch: 2, iters: 6960, time: 0.052, data: 0.002) G_GAN: 0.383 D_real: 0.168 D_fake: 0.143 G: 1.367 NCE: 1.037 NCE_Y: 0.932 
saving the latest model (epoch 2, total_iters 15000)
doctr_SELFF_to_SD_fixed_nl2
(epoch: 2, iters: 7060, time: 0.053, data: 0.001) G_GAN: 0.307 D_real: 0.261 D_fake: 0.284 G: 1.326 NCE: 1.112 NCE_Y: 0.927 
(epoch: 2, iters: 7160, time: 0.052, data: 0.001) G_GAN: 0.277 D_real: 0.182 D_fake: 0.293 G: 1.276 NCE: 1.094 NCE_Y: 0.906 
(epoch: 2, iters: 7260, time: 0.052, data: 0.002) G_GAN: 0.510 D_real: 0.169 D_fake: 0.102 G: 1.908 NCE: 1.661 NCE_Y: 1.136 
(epoch: 2, iters: 7360, time: 0.052, data: 0.002) G_GAN: 0.342 D_real: 0.212 D_fake: 0.223 G: 1.426 NCE: 1.138 NCE_Y: 1.031 
(epoch: 2, iters: 7460, time: 0.052, data: 0.001) G_GAN: 0.271 D_real: 0.287 D_fake: 0.250 G: 1.329 NCE: 1.192 NCE_Y: 0.925 
(epoch: 2, iters: 7560, time: 0.052, data: 0.001) G_GAN: 0.254 D_real: 0.265 D_fake: 0.276 G: 1.325 NCE: 1.220 NCE_Y: 0.922 
(epoch: 2, iters: 7660, time: 0.052, data: 0.001) G_GAN: 0.258 D_real: 0.246 D_fake: 0.248 G: 1.247 NCE: 1.077 NCE_Y: 0.901 
(epoch: 2, iters: 7760, time: 0.052, data: 0.001) G_GAN: 0.243 D_real: 0.250 D_fake: 0.279 G: 1.228 NCE: 1.040 NCE_Y: 0.931 
(epoch: 2, iters: 7860, time: 0.052, data: 0.001) G_GAN: 0.338 D_real: 0.246 D_fake: 0.266 G: 1.354 NCE: 1.102 NCE_Y: 0.930 
(epoch: 2, iters: 7960, time: 0.053, data: 0.001) G_GAN: 0.237 D_real: 0.232 D_fake: 0.296 G: 1.239 NCE: 1.108 NCE_Y: 0.895 
End of epoch 2 / 60 	 Time Taken: 433 sec
learning rate = 0.0002000
(epoch: 3, iters: 20, time: 0.053, data: 0.001) G_GAN: 0.803 D_real: 0.054 D_fake: 0.041 G: 1.887 NCE: 1.093 NCE_Y: 1.076 
(epoch: 3, iters: 120, time: 0.052, data: 0.002) G_GAN: 0.410 D_real: 0.200 D_fake: 0.201 G: 1.383 NCE: 1.031 NCE_Y: 0.915 
(epoch: 3, iters: 220, time: 0.052, data: 0.001) G_GAN: 0.282 D_real: 0.263 D_fake: 0.218 G: 1.297 NCE: 1.087 NCE_Y: 0.943 
(epoch: 3, iters: 320, time: 0.052, data: 0.001) G_GAN: 0.282 D_real: 0.290 D_fake: 0.259 G: 1.296 NCE: 1.094 NCE_Y: 0.933 
(epoch: 3, iters: 420, time: 0.052, data: 0.001) G_GAN: 0.283 D_real: 0.169 D_fake: 0.294 G: 1.316 NCE: 1.102 NCE_Y: 0.963 
(epoch: 3, iters: 520, time: 0.052, data: 0.002) G_GAN: 0.305 D_real: 0.211 D_fake: 0.219 G: 1.323 NCE: 1.091 NCE_Y: 0.945 
(epoch: 3, iters: 620, time: 0.052, data: 0.002) G_GAN: 0.553 D_real: 0.107 D_fake: 0.120 G: 1.559 NCE: 1.056 NCE_Y: 0.956 
(epoch: 3, iters: 720, time: 0.052, data: 0.001) G_GAN: 0.262 D_real: 0.352 D_fake: 0.251 G: 1.310 NCE: 1.162 NCE_Y: 0.934 
(epoch: 3, iters: 820, time: 0.052, data: 0.002) G_GAN: 0.211 D_real: 0.295 D_fake: 0.300 G: 1.269 NCE: 1.178 NCE_Y: 0.936 
(epoch: 3, iters: 920, time: 0.052, data: 0.001) G_GAN: 0.298 D_real: 0.199 D_fake: 0.277 G: 1.329 NCE: 1.129 NCE_Y: 0.933 
(epoch: 3, iters: 1020, time: 0.052, data: 0.001) G_GAN: 0.337 D_real: 0.274 D_fake: 0.136 G: 1.459 NCE: 1.293 NCE_Y: 0.952 
(epoch: 3, iters: 1120, time: 0.052, data: 0.001) G_GAN: 0.304 D_real: 0.279 D_fake: 0.188 G: 1.336 NCE: 1.128 NCE_Y: 0.937 
(epoch: 3, iters: 1220, time: 0.052, data: 0.001) G_GAN: 0.256 D_real: 0.315 D_fake: 0.267 G: 1.252 NCE: 1.071 NCE_Y: 0.922 
(epoch: 3, iters: 1320, time: 0.052, data: 0.001) G_GAN: 0.604 D_real: 0.118 D_fake: 0.296 G: 1.601 NCE: 1.091 NCE_Y: 0.903 
(epoch: 3, iters: 1420, time: 0.052, data: 0.002) G_GAN: 0.235 D_real: 0.153 D_fake: 0.451 G: 1.273 NCE: 1.165 NCE_Y: 0.910 
(epoch: 3, iters: 1520, time: 0.052, data: 0.001) G_GAN: 0.274 D_real: 0.216 D_fake: 0.254 G: 1.269 NCE: 1.094 NCE_Y: 0.896 
(epoch: 3, iters: 1620, time: 0.052, data: 0.001) G_GAN: 0.281 D_real: 0.256 D_fake: 0.226 G: 1.311 NCE: 1.093 NCE_Y: 0.967 
(epoch: 3, iters: 1720, time: 0.052, data: 0.001) G_GAN: 0.288 D_real: 0.308 D_fake: 0.154 G: 1.287 NCE: 1.063 NCE_Y: 0.935 
(epoch: 3, iters: 1820, time: 0.052, data: 0.001) G_GAN: 0.199 D_real: 0.352 D_fake: 0.181 G: 1.262 NCE: 1.179 NCE_Y: 0.947 
(epoch: 3, iters: 1920, time: 0.052, data: 0.001) G_GAN: 0.351 D_real: 0.146 D_fake: 0.194 G: 1.357 NCE: 1.089 NCE_Y: 0.923 
(epoch: 3, iters: 2020, time: 0.052, data: 0.001) G_GAN: 0.216 D_real: 0.421 D_fake: 0.250 G: 1.202 NCE: 1.022 NCE_Y: 0.950 
(epoch: 3, iters: 2120, time: 0.053, data: 0.002) G_GAN: 0.403 D_real: 0.164 D_fake: 0.227 G: 1.359 NCE: 1.018 NCE_Y: 0.894 
(epoch: 3, iters: 2220, time: 0.053, data: 0.001) G_GAN: 0.407 D_real: 0.235 D_fake: 0.116 G: 1.437 NCE: 1.129 NCE_Y: 0.931 
(epoch: 3, iters: 2320, time: 0.053, data: 0.001) G_GAN: 0.323 D_real: 0.285 D_fake: 0.191 G: 1.404 NCE: 1.241 NCE_Y: 0.920 
(epoch: 3, iters: 2420, time: 0.052, data: 0.002) G_GAN: 0.252 D_real: 0.273 D_fake: 0.179 G: 1.243 NCE: 1.086 NCE_Y: 0.897 
(epoch: 3, iters: 2520, time: 0.053, data: 0.002) G_GAN: 0.237 D_real: 0.332 D_fake: 0.196 G: 1.243 NCE: 1.113 NCE_Y: 0.898 
(epoch: 3, iters: 2620, time: 0.053, data: 0.001) G_GAN: 0.318 D_real: 0.272 D_fake: 0.210 G: 1.389 NCE: 1.212 NCE_Y: 0.930 
(epoch: 3, iters: 2720, time: 0.053, data: 0.001) G_GAN: 0.294 D_real: 0.251 D_fake: 0.220 G: 1.303 NCE: 1.137 NCE_Y: 0.882 
(epoch: 3, iters: 2820, time: 0.052, data: 0.001) G_GAN: 0.352 D_real: 0.257 D_fake: 0.196 G: 1.393 NCE: 1.166 NCE_Y: 0.915 
(epoch: 3, iters: 2920, time: 0.052, data: 0.001) G_GAN: 0.304 D_real: 0.224 D_fake: 0.198 G: 1.279 NCE: 1.026 NCE_Y: 0.924 
(epoch: 3, iters: 3020, time: 0.052, data: 0.001) G_GAN: 0.258 D_real: 0.176 D_fake: 0.400 G: 1.272 NCE: 1.114 NCE_Y: 0.914 
(epoch: 3, iters: 3120, time: 0.052, data: 0.001) G_GAN: 0.318 D_real: 0.109 D_fake: 0.307 G: 1.313 NCE: 1.066 NCE_Y: 0.925 
(epoch: 3, iters: 3220, time: 0.052, data: 0.001) G_GAN: 0.240 D_real: 0.360 D_fake: 0.270 G: 1.206 NCE: 1.049 NCE_Y: 0.882 
(epoch: 3, iters: 3320, time: 0.052, data: 0.001) G_GAN: 0.637 D_real: 0.047 D_fake: 0.168 G: 1.693 NCE: 1.211 NCE_Y: 0.902 
(epoch: 3, iters: 3420, time: 0.052, data: 0.001) G_GAN: 0.433 D_real: 0.185 D_fake: 0.229 G: 1.435 NCE: 1.015 NCE_Y: 0.989 
(epoch: 3, iters: 3520, time: 0.052, data: 0.001) G_GAN: 1.103 D_real: 0.005 D_fake: 0.020 G: 2.558 NCE: 1.729 NCE_Y: 1.180 
(epoch: 3, iters: 3620, time: 0.053, data: 0.002) G_GAN: 0.955 D_real: 0.005 D_fake: 0.018 G: 2.045 NCE: 1.132 NCE_Y: 1.050 
(epoch: 3, iters: 3720, time: 0.053, data: 0.001) G_GAN: 0.294 D_real: 0.234 D_fake: 0.259 G: 1.330 NCE: 1.083 NCE_Y: 0.990 
(epoch: 3, iters: 3820, time: 0.053, data: 0.002) G_GAN: 0.415 D_real: 0.200 D_fake: 0.165 G: 1.393 NCE: 1.035 NCE_Y: 0.921 
(epoch: 3, iters: 3920, time: 0.053, data: 0.001) G_GAN: 0.229 D_real: 0.228 D_fake: 0.282 G: 1.242 NCE: 1.071 NCE_Y: 0.955 
saving the latest model (epoch 3, total_iters 20000)
doctr_SELFF_to_SD_fixed_nl2
(epoch: 3, iters: 4020, time: 0.053, data: 0.001) G_GAN: 0.298 D_real: 0.261 D_fake: 0.237 G: 1.331 NCE: 1.144 NCE_Y: 0.922 
(epoch: 3, iters: 4120, time: 0.053, data: 0.002) G_GAN: 0.268 D_real: 0.176 D_fake: 0.316 G: 1.258 NCE: 1.097 NCE_Y: 0.883 
(epoch: 3, iters: 4220, time: 0.053, data: 0.001) G_GAN: 0.272 D_real: 0.249 D_fake: 0.258 G: 1.249 NCE: 1.069 NCE_Y: 0.884 
(epoch: 3, iters: 4320, time: 0.052, data: 0.001) G_GAN: 0.283 D_real: 0.248 D_fake: 0.268 G: 1.287 NCE: 1.135 NCE_Y: 0.873 
(epoch: 3, iters: 4420, time: 0.053, data: 0.002) G_GAN: 0.320 D_real: 0.255 D_fake: 0.190 G: 1.284 NCE: 1.044 NCE_Y: 0.885 
(epoch: 3, iters: 4520, time: 0.053, data: 0.002) G_GAN: 0.424 D_real: 0.151 D_fake: 0.173 G: 1.467 NCE: 1.124 NCE_Y: 0.961 
(epoch: 3, iters: 4620, time: 0.052, data: 0.001) G_GAN: 0.346 D_real: 0.243 D_fake: 0.166 G: 1.326 NCE: 1.058 NCE_Y: 0.903 
(epoch: 3, iters: 4720, time: 0.053, data: 0.001) G_GAN: 0.192 D_real: 0.241 D_fake: 0.284 G: 1.183 NCE: 1.059 NCE_Y: 0.922 
(epoch: 3, iters: 4820, time: 0.053, data: 0.002) G_GAN: 0.317 D_real: 0.199 D_fake: 0.258 G: 1.335 NCE: 1.084 NCE_Y: 0.953 
(epoch: 3, iters: 4920, time: 0.053, data: 0.001) G_GAN: 0.268 D_real: 0.292 D_fake: 0.237 G: 1.273 NCE: 1.115 NCE_Y: 0.896 
(epoch: 3, iters: 5020, time: 0.053, data: 0.001) G_GAN: 0.240 D_real: 0.333 D_fake: 0.167 G: 1.205 NCE: 1.036 NCE_Y: 0.894 
(epoch: 3, iters: 5120, time: 0.053, data: 0.001) G_GAN: 0.288 D_real: 0.224 D_fake: 0.222 G: 1.261 NCE: 1.056 NCE_Y: 0.889 
(epoch: 3, iters: 5220, time: 0.053, data: 0.001) G_GAN: 0.293 D_real: 0.049 D_fake: 0.423 G: 1.274 NCE: 1.035 NCE_Y: 0.927 
(epoch: 3, iters: 5320, time: 0.053, data: 0.001) G_GAN: 0.437 D_real: 0.122 D_fake: 0.305 G: 1.389 NCE: 0.997 NCE_Y: 0.907 
(epoch: 3, iters: 5420, time: 0.053, data: 0.001) G_GAN: 0.317 D_real: 0.214 D_fake: 0.312 G: 1.323 NCE: 1.095 NCE_Y: 0.918 
(epoch: 3, iters: 5520, time: 0.053, data: 0.002) G_GAN: 0.276 D_real: 0.294 D_fake: 0.224 G: 1.269 NCE: 1.092 NCE_Y: 0.896 
(epoch: 3, iters: 5620, time: 0.053, data: 0.002) G_GAN: 0.331 D_real: 0.205 D_fake: 0.210 G: 1.331 NCE: 1.113 NCE_Y: 0.888 
(epoch: 3, iters: 5720, time: 0.053, data: 0.001) G_GAN: 0.290 D_real: 0.227 D_fake: 0.275 G: 1.272 NCE: 1.081 NCE_Y: 0.883 
(epoch: 3, iters: 5820, time: 0.053, data: 0.002) G_GAN: 0.447 D_real: 0.091 D_fake: 0.301 G: 1.539 NCE: 1.227 NCE_Y: 0.956 
(epoch: 3, iters: 5920, time: 0.053, data: 0.002) G_GAN: 0.392 D_real: 0.265 D_fake: 0.176 G: 1.328 NCE: 0.995 NCE_Y: 0.878 
(epoch: 3, iters: 6020, time: 0.053, data: 0.001) G_GAN: 0.247 D_real: 0.269 D_fake: 0.196 G: 1.314 NCE: 1.226 NCE_Y: 0.908 
(epoch: 3, iters: 6120, time: 0.053, data: 0.001) G_GAN: 0.354 D_real: 0.198 D_fake: 0.241 G: 1.364 NCE: 1.095 NCE_Y: 0.926 
(epoch: 3, iters: 6220, time: 0.053, data: 0.001) G_GAN: 0.355 D_real: 0.137 D_fake: 0.212 G: 1.315 NCE: 1.029 NCE_Y: 0.892 
(epoch: 3, iters: 6320, time: 0.053, data: 0.002) G_GAN: 0.242 D_real: 0.156 D_fake: 0.275 G: 1.284 NCE: 1.174 NCE_Y: 0.910 
(epoch: 3, iters: 6420, time: 0.052, data: 0.001) G_GAN: 0.277 D_real: 0.242 D_fake: 0.225 G: 1.222 NCE: 1.012 NCE_Y: 0.878 
(epoch: 3, iters: 6520, time: 0.052, data: 0.002) G_GAN: 0.331 D_real: 0.131 D_fake: 0.199 G: 1.312 NCE: 1.103 NCE_Y: 0.860 
(epoch: 3, iters: 6620, time: 0.052, data: 0.001) G_GAN: 0.246 D_real: 0.327 D_fake: 0.188 G: 1.276 NCE: 1.180 NCE_Y: 0.881 
(epoch: 3, iters: 6720, time: 0.052, data: 0.001) G_GAN: 0.229 D_real: 0.220 D_fake: 0.189 G: 1.206 NCE: 1.054 NCE_Y: 0.900 
(epoch: 3, iters: 6820, time: 0.052, data: 0.002) G_GAN: 0.462 D_real: 0.073 D_fake: 0.236 G: 1.487 NCE: 1.116 NCE_Y: 0.936 
(epoch: 3, iters: 6920, time: 0.052, data: 0.001) G_GAN: 0.359 D_real: 0.239 D_fake: 0.223 G: 1.442 NCE: 1.200 NCE_Y: 0.966 
(epoch: 3, iters: 7020, time: 0.052, data: 0.001) G_GAN: 0.322 D_real: 0.240 D_fake: 0.193 G: 1.325 NCE: 1.113 NCE_Y: 0.893 
(epoch: 3, iters: 7120, time: 0.052, data: 0.001) G_GAN: 0.426 D_real: 0.129 D_fake: 0.207 G: 1.455 NCE: 1.053 NCE_Y: 1.003 
(epoch: 3, iters: 7220, time: 0.052, data: 0.001) G_GAN: 0.408 D_real: 0.145 D_fake: 0.224 G: 1.348 NCE: 1.005 NCE_Y: 0.874 
(epoch: 3, iters: 7320, time: 0.052, data: 0.002) G_GAN: 0.190 D_real: 0.251 D_fake: 0.388 G: 1.227 NCE: 1.209 NCE_Y: 0.866 
(epoch: 3, iters: 7420, time: 0.052, data: 0.002) G_GAN: 0.346 D_real: 0.157 D_fake: 0.313 G: 1.285 NCE: 0.994 NCE_Y: 0.884 
(epoch: 3, iters: 7520, time: 0.053, data: 0.001) G_GAN: 0.355 D_real: 0.164 D_fake: 0.214 G: 1.350 NCE: 1.055 NCE_Y: 0.934 
(epoch: 3, iters: 7620, time: 0.052, data: 0.001) G_GAN: 0.186 D_real: 0.267 D_fake: 0.309 G: 1.488 NCE: 1.077 NCE_Y: 1.528 
(epoch: 3, iters: 7720, time: 0.053, data: 0.001) G_GAN: 0.303 D_real: 0.506 D_fake: 0.077 G: 1.286 NCE: 1.028 NCE_Y: 0.937 
(epoch: 3, iters: 7820, time: 0.053, data: 0.002) G_GAN: 0.321 D_real: 0.230 D_fake: 0.198 G: 1.359 NCE: 1.075 NCE_Y: 1.002 
(epoch: 3, iters: 7920, time: 0.053, data: 0.001) G_GAN: 0.217 D_real: 0.267 D_fake: 0.290 G: 1.260 NCE: 1.199 NCE_Y: 0.888 
(epoch: 3, iters: 8020, time: 0.053, data: 0.001) G_GAN: 0.707 D_real: 0.048 D_fake: 0.127 G: 1.784 NCE: 1.194 NCE_Y: 0.959 
End of epoch 3 / 60 	 Time Taken: 433 sec
learning rate = 0.0002000
(epoch: 4, iters: 80, time: 0.053, data: 0.001) G_GAN: 0.588 D_real: 0.213 D_fake: 0.121 G: 1.625 NCE: 1.153 NCE_Y: 0.922 
(epoch: 4, iters: 180, time: 0.053, data: 0.001) G_GAN: 0.271 D_real: 0.337 D_fake: 0.161 G: 1.292 NCE: 1.140 NCE_Y: 0.902 
(epoch: 4, iters: 280, time: 0.053, data: 0.001) G_GAN: 0.275 D_real: 0.222 D_fake: 0.232 G: 1.267 NCE: 1.111 NCE_Y: 0.873 
(epoch: 4, iters: 380, time: 0.053, data: 0.001) G_GAN: 0.274 D_real: 0.209 D_fake: 0.289 G: 1.280 NCE: 1.126 NCE_Y: 0.886 
(epoch: 4, iters: 480, time: 0.053, data: 0.001) G_GAN: 0.210 D_real: 0.319 D_fake: 0.307 G: 1.186 NCE: 1.079 NCE_Y: 0.873 
(epoch: 4, iters: 580, time: 0.053, data: 0.002) G_GAN: 0.340 D_real: 0.237 D_fake: 0.202 G: 1.355 NCE: 1.102 NCE_Y: 0.929 
(epoch: 4, iters: 680, time: 0.053, data: 0.001) G_GAN: 0.279 D_real: 0.202 D_fake: 0.278 G: 1.244 NCE: 1.056 NCE_Y: 0.875 
(epoch: 4, iters: 780, time: 0.053, data: 0.001) G_GAN: 0.308 D_real: 0.260 D_fake: 0.252 G: 1.270 NCE: 1.061 NCE_Y: 0.863 
(epoch: 4, iters: 880, time: 0.053, data: 0.002) G_GAN: 0.254 D_real: 0.170 D_fake: 0.321 G: 1.255 NCE: 1.117 NCE_Y: 0.885 
saving the latest model (epoch 4, total_iters 25000)
doctr_SELFF_to_SD_fixed_nl2
(epoch: 4, iters: 980, time: 0.053, data: 0.001) G_GAN: 0.309 D_real: 0.235 D_fake: 0.179 G: 1.279 NCE: 1.061 NCE_Y: 0.878 
(epoch: 4, iters: 1080, time: 0.053, data: 0.001) G_GAN: 0.378 D_real: 0.202 D_fake: 0.123 G: 1.394 NCE: 1.117 NCE_Y: 0.914 
(epoch: 4, iters: 1180, time: 0.053, data: 0.001) G_GAN: 0.396 D_real: 0.164 D_fake: 0.210 G: 1.412 NCE: 1.106 NCE_Y: 0.925 
(epoch: 4, iters: 1280, time: 0.053, data: 0.002) G_GAN: 0.319 D_real: 0.255 D_fake: 0.257 G: 1.304 NCE: 1.059 NCE_Y: 0.911 
(epoch: 4, iters: 1380, time: 0.053, data: 0.001) G_GAN: 0.381 D_real: 0.128 D_fake: 0.223 G: 1.383 NCE: 1.122 NCE_Y: 0.882 
(epoch: 4, iters: 1480, time: 0.052, data: 0.006) G_GAN: 0.428 D_real: 0.137 D_fake: 0.342 G: 1.443 NCE: 1.120 NCE_Y: 0.911 
(epoch: 4, iters: 1580, time: 0.053, data: 0.001) G_GAN: 0.290 D_real: 0.203 D_fake: 0.268 G: 1.306 NCE: 1.150 NCE_Y: 0.882 
(epoch: 4, iters: 1680, time: 0.053, data: 0.001) G_GAN: 0.185 D_real: 0.385 D_fake: 0.330 G: 1.177 NCE: 1.094 NCE_Y: 0.891 
(epoch: 4, iters: 1780, time: 0.053, data: 0.001) G_GAN: 0.324 D_real: 0.166 D_fake: 0.314 G: 1.302 NCE: 1.061 NCE_Y: 0.897 
(epoch: 4, iters: 1880, time: 0.053, data: 0.001) G_GAN: 0.337 D_real: 0.141 D_fake: 0.248 G: 1.385 NCE: 1.211 NCE_Y: 0.885 
(epoch: 4, iters: 1980, time: 0.053, data: 0.001) G_GAN: 0.921 D_real: 0.018 D_fake: 0.017 G: 2.333 NCE: 1.660 NCE_Y: 1.162 
(epoch: 4, iters: 2080, time: 0.053, data: 0.001) G_GAN: 0.992 D_real: 0.028 D_fake: 0.010 G: 2.169 NCE: 1.236 NCE_Y: 1.118 
(epoch: 4, iters: 2180, time: 0.053, data: 0.002) G_GAN: 0.982 D_real: 0.008 D_fake: 0.016 G: 2.095 NCE: 1.183 NCE_Y: 1.043 
(epoch: 4, iters: 2280, time: 0.053, data: 0.001) G_GAN: 1.007 D_real: 0.186 D_fake: 0.106 G: 2.090 NCE: 1.130 NCE_Y: 1.036 
(epoch: 4, iters: 2380, time: 0.053, data: 0.002) G_GAN: 0.304 D_real: 0.197 D_fake: 0.239 G: 1.306 NCE: 1.104 NCE_Y: 0.901 
(epoch: 4, iters: 2480, time: 0.053, data: 0.001) G_GAN: 0.206 D_real: 0.466 D_fake: 0.180 G: 1.271 NCE: 1.164 NCE_Y: 0.966 
(epoch: 4, iters: 2580, time: 0.053, data: 0.002) G_GAN: 0.218 D_real: 0.243 D_fake: 0.280 G: 1.210 NCE: 1.104 NCE_Y: 0.880 
(epoch: 4, iters: 2680, time: 0.052, data: 0.001) G_GAN: 0.392 D_real: 0.314 D_fake: 0.148 G: 1.373 NCE: 1.050 NCE_Y: 0.911 
(epoch: 4, iters: 2780, time: 0.052, data: 0.001) G_GAN: 0.331 D_real: 0.248 D_fake: 0.145 G: 1.323 NCE: 1.082 NCE_Y: 0.902 
(epoch: 4, iters: 2880, time: 0.052, data: 0.001) G_GAN: 0.321 D_real: 0.207 D_fake: 0.156 G: 1.341 NCE: 1.103 NCE_Y: 0.938 
(epoch: 4, iters: 2980, time: 0.052, data: 0.001) G_GAN: 0.328 D_real: 0.169 D_fake: 0.263 G: 1.368 NCE: 1.173 NCE_Y: 0.907 
(epoch: 4, iters: 3080, time: 0.052, data: 0.001) G_GAN: 0.229 D_real: 0.435 D_fake: 0.143 G: 1.244 NCE: 1.116 NCE_Y: 0.913 
(epoch: 4, iters: 3180, time: 0.052, data: 0.001) G_GAN: 0.340 D_real: 0.180 D_fake: 0.290 G: 1.337 NCE: 1.121 NCE_Y: 0.872 
(epoch: 4, iters: 3280, time: 0.052, data: 0.002) G_GAN: 0.327 D_real: 0.450 D_fake: 0.122 G: 1.332 NCE: 1.139 NCE_Y: 0.870 
(epoch: 4, iters: 3380, time: 0.052, data: 0.002) G_GAN: 0.404 D_real: 0.132 D_fake: 0.308 G: 1.433 NCE: 1.173 NCE_Y: 0.886 
(epoch: 4, iters: 3480, time: 0.052, data: 0.001) G_GAN: 0.471 D_real: 0.087 D_fake: 0.216 G: 1.471 NCE: 1.103 NCE_Y: 0.896 
(epoch: 4, iters: 3580, time: 0.053, data: 0.001) G_GAN: 0.331 D_real: 0.176 D_fake: 0.244 G: 1.498 NCE: 1.211 NCE_Y: 1.124 
(epoch: 4, iters: 3680, time: 0.053, data: 0.003) G_GAN: 0.395 D_real: 0.211 D_fake: 0.167 G: 1.389 NCE: 1.097 NCE_Y: 0.891 
(epoch: 4, iters: 3780, time: 0.053, data: 0.001) G_GAN: 0.253 D_real: 0.461 D_fake: 0.207 G: 1.186 NCE: 0.991 NCE_Y: 0.874 
(epoch: 4, iters: 3880, time: 0.053, data: 0.001) G_GAN: 0.432 D_real: 0.154 D_fake: 0.147 G: 1.387 NCE: 1.053 NCE_Y: 0.859 
(epoch: 4, iters: 3980, time: 0.052, data: 0.001) G_GAN: 0.294 D_real: 0.169 D_fake: 0.230 G: 1.263 NCE: 1.059 NCE_Y: 0.879 
(epoch: 4, iters: 4080, time: 0.052, data: 0.001) G_GAN: 0.245 D_real: 0.338 D_fake: 0.213 G: 1.292 NCE: 1.108 NCE_Y: 0.985 
(epoch: 4, iters: 4180, time: 0.053, data: 0.002) G_GAN: 0.290 D_real: 0.371 D_fake: 0.108 G: 1.256 NCE: 1.073 NCE_Y: 0.858 
(epoch: 4, iters: 4280, time: 0.053, data: 0.001) G_GAN: 0.265 D_real: 0.207 D_fake: 0.230 G: 1.268 NCE: 1.128 NCE_Y: 0.878 
(epoch: 4, iters: 4380, time: 0.052, data: 0.001) G_GAN: 0.272 D_real: 0.273 D_fake: 0.224 G: 1.255 NCE: 1.075 NCE_Y: 0.891 
(epoch: 4, iters: 4480, time: 0.052, data: 0.001) G_GAN: 0.356 D_real: 0.230 D_fake: 0.178 G: 1.316 NCE: 1.040 NCE_Y: 0.880 
(epoch: 4, iters: 4580, time: 0.052, data: 0.001) G_GAN: 0.304 D_real: 0.213 D_fake: 0.202 G: 1.269 NCE: 1.068 NCE_Y: 0.864 
(epoch: 4, iters: 4680, time: 0.052, data: 0.001) G_GAN: 0.417 D_real: 0.201 D_fake: 0.121 G: 1.381 NCE: 1.036 NCE_Y: 0.892 
(epoch: 4, iters: 4780, time: 0.052, data: 0.001) G_GAN: 0.247 D_real: 0.304 D_fake: 0.216 G: 1.211 NCE: 1.062 NCE_Y: 0.865 
(epoch: 4, iters: 4880, time: 0.052, data: 0.001) G_GAN: 0.514 D_real: 0.249 D_fake: 0.208 G: 1.502 NCE: 1.063 NCE_Y: 0.914 
(epoch: 4, iters: 4980, time: 0.052, data: 0.001) G_GAN: 0.854 D_real: 0.227 D_fake: 0.064 G: 1.902 NCE: 1.208 NCE_Y: 0.888 
(epoch: 4, iters: 5080, time: 0.052, data: 0.002) G_GAN: 0.315 D_real: 0.276 D_fake: 0.165 G: 1.326 NCE: 1.099 NCE_Y: 0.923 
(epoch: 4, iters: 5180, time: 0.052, data: 0.001) G_GAN: 0.323 D_real: 0.192 D_fake: 0.257 G: 1.388 NCE: 1.264 NCE_Y: 0.866 
(epoch: 4, iters: 5280, time: 0.053, data: 0.001) G_GAN: 0.249 D_real: 0.330 D_fake: 0.195 G: 1.225 NCE: 1.082 NCE_Y: 0.870 
(epoch: 4, iters: 5380, time: 0.053, data: 0.001) G_GAN: 0.340 D_real: 0.244 D_fake: 0.163 G: 1.309 NCE: 1.082 NCE_Y: 0.856 
(epoch: 4, iters: 5480, time: 0.053, data: 0.001) G_GAN: 0.218 D_real: 0.191 D_fake: 0.454 G: 1.254 NCE: 1.164 NCE_Y: 0.909 
(epoch: 4, iters: 5580, time: 0.053, data: 0.002) G_GAN: 0.282 D_real: 0.183 D_fake: 0.361 G: 1.269 NCE: 1.117 NCE_Y: 0.857 
(epoch: 4, iters: 5680, time: 0.053, data: 0.002) G_GAN: 0.707 D_real: 0.101 D_fake: 0.039 G: 1.706 NCE: 1.078 NCE_Y: 0.920 
(epoch: 4, iters: 5780, time: 0.053, data: 0.002) G_GAN: 0.574 D_real: 0.936 D_fake: 0.025 G: 1.696 NCE: 1.310 NCE_Y: 0.933 
(epoch: 4, iters: 5880, time: 0.052, data: 0.001) G_GAN: 0.235 D_real: 0.332 D_fake: 0.172 G: 1.237 NCE: 1.089 NCE_Y: 0.914 
saving the latest model (epoch 4, total_iters 30000)
doctr_SELFF_to_SD_fixed_nl2
(epoch: 4, iters: 5980, time: 0.053, data: 0.001) G_GAN: 0.300 D_real: 0.192 D_fake: 0.277 G: 1.256 NCE: 1.058 NCE_Y: 0.852 
(epoch: 4, iters: 6080, time: 0.053, data: 0.001) G_GAN: 0.267 D_real: 0.346 D_fake: 0.163 G: 1.275 NCE: 1.166 NCE_Y: 0.851 
(epoch: 4, iters: 6180, time: 0.053, data: 0.001) G_GAN: 0.337 D_real: 0.332 D_fake: 0.162 G: 1.442 NCE: 1.119 NCE_Y: 1.092 
(epoch: 4, iters: 6280, time: 0.053, data: 0.001) G_GAN: 0.278 D_real: 0.177 D_fake: 0.320 G: 1.351 NCE: 1.241 NCE_Y: 0.905 
(epoch: 4, iters: 6380, time: 0.053, data: 0.001) G_GAN: 0.290 D_real: 0.332 D_fake: 0.188 G: 1.361 NCE: 1.156 NCE_Y: 0.985 
(epoch: 4, iters: 6480, time: 0.053, data: 0.001) G_GAN: 0.560 D_real: 0.038 D_fake: 0.175 G: 1.544 NCE: 1.109 NCE_Y: 0.860 
(epoch: 4, iters: 6580, time: 0.053, data: 0.002) G_GAN: 0.659 D_real: 0.013 D_fake: 0.216 G: 1.694 NCE: 1.157 NCE_Y: 0.914 
(epoch: 4, iters: 6680, time: 0.052, data: 0.001) G_GAN: 0.628 D_real: 0.217 D_fake: 0.122 G: 1.637 NCE: 1.137 NCE_Y: 0.880 
(epoch: 4, iters: 6780, time: 0.053, data: 0.001) G_GAN: 0.216 D_real: 0.366 D_fake: 0.192 G: 1.250 NCE: 1.133 NCE_Y: 0.935 
(epoch: 4, iters: 6880, time: 0.053, data: 0.001) G_GAN: 0.220 D_real: 0.308 D_fake: 0.317 G: 1.232 NCE: 1.175 NCE_Y: 0.848 
(epoch: 4, iters: 6980, time: 0.053, data: 0.002) G_GAN: 0.593 D_real: 0.251 D_fake: 0.048 G: 1.612 NCE: 1.139 NCE_Y: 0.899 
(epoch: 4, iters: 7080, time: 0.052, data: 0.002) G_GAN: 0.497 D_real: 0.092 D_fake: 0.196 G: 1.518 NCE: 1.145 NCE_Y: 0.898 
(epoch: 4, iters: 7180, time: 0.052, data: 0.002) G_GAN: 0.336 D_real: 0.125 D_fake: 0.203 G: 1.296 NCE: 1.065 NCE_Y: 0.856 
(epoch: 4, iters: 7280, time: 0.053, data: 0.002) G_GAN: 0.428 D_real: 0.137 D_fake: 0.217 G: 1.540 NCE: 1.191 NCE_Y: 1.033 
(epoch: 4, iters: 7380, time: 0.053, data: 0.001) G_GAN: 0.416 D_real: 0.159 D_fake: 0.169 G: 1.399 NCE: 1.064 NCE_Y: 0.903 
(epoch: 4, iters: 7480, time: 0.052, data: 0.001) G_GAN: 0.211 D_real: 0.369 D_fake: 0.241 G: 1.233 NCE: 1.174 NCE_Y: 0.868 
(epoch: 4, iters: 7580, time: 0.052, data: 0.001) G_GAN: 0.327 D_real: 0.306 D_fake: 0.135 G: 1.301 NCE: 1.079 NCE_Y: 0.869 
(epoch: 4, iters: 7680, time: 0.052, data: 0.002) G_GAN: 0.301 D_real: 0.214 D_fake: 0.241 G: 1.342 NCE: 1.159 NCE_Y: 0.922 
(epoch: 4, iters: 7780, time: 0.053, data: 0.002) G_GAN: 0.283 D_real: 0.063 D_fake: 0.559 G: 1.384 NCE: 1.206 NCE_Y: 0.995 
(epoch: 4, iters: 7880, time: 0.053, data: 0.001) G_GAN: 0.355 D_real: 0.168 D_fake: 0.184 G: 1.320 NCE: 1.075 NCE_Y: 0.855 
(epoch: 4, iters: 7980, time: 0.052, data: 0.001) G_GAN: 0.371 D_real: 0.397 D_fake: 0.101 G: 1.368 NCE: 1.127 NCE_Y: 0.868 
End of epoch 4 / 60 	 Time Taken: 434 sec
learning rate = 0.0002000
(epoch: 5, iters: 40, time: 0.052, data: 0.001) G_GAN: 0.251 D_real: 0.335 D_fake: 0.178 G: 1.197 NCE: 1.043 NCE_Y: 0.850 
(epoch: 5, iters: 140, time: 0.053, data: 0.001) G_GAN: 0.256 D_real: 0.249 D_fake: 0.242 G: 1.305 NCE: 1.209 NCE_Y: 0.889 
(epoch: 5, iters: 240, time: 0.053, data: 0.002) G_GAN: 0.294 D_real: 0.201 D_fake: 0.216 G: 1.324 NCE: 1.080 NCE_Y: 0.980 
(epoch: 5, iters: 340, time: 0.053, data: 0.001) G_GAN: 0.303 D_real: 0.237 D_fake: 0.228 G: 1.314 NCE: 1.127 NCE_Y: 0.895 
(epoch: 5, iters: 440, time: 0.053, data: 0.001) G_GAN: 0.229 D_real: 0.264 D_fake: 0.291 G: 1.243 NCE: 1.129 NCE_Y: 0.898 
(epoch: 5, iters: 540, time: 0.053, data: 0.002) G_GAN: 0.269 D_real: 0.234 D_fake: 0.283 G: 1.257 NCE: 1.117 NCE_Y: 0.859 
(epoch: 5, iters: 640, time: 0.052, data: 0.001) G_GAN: 0.273 D_real: 0.184 D_fake: 0.336 G: 1.344 NCE: 1.281 NCE_Y: 0.860 
(epoch: 5, iters: 740, time: 0.052, data: 0.001) G_GAN: 0.295 D_real: 0.415 D_fake: 0.176 G: 1.304 NCE: 1.128 NCE_Y: 0.890 
(epoch: 5, iters: 840, time: 0.052, data: 0.002) G_GAN: 0.396 D_real: 0.182 D_fake: 0.282 G: 1.380 NCE: 1.095 NCE_Y: 0.873 
(epoch: 5, iters: 940, time: 0.052, data: 0.002) G_GAN: 0.275 D_real: 0.359 D_fake: 0.145 G: 1.262 NCE: 1.060 NCE_Y: 0.914 
(epoch: 5, iters: 1040, time: 0.052, data: 0.001) G_GAN: 0.165 D_real: 0.324 D_fake: 0.372 G: 1.177 NCE: 1.140 NCE_Y: 0.886 
(epoch: 5, iters: 1140, time: 0.052, data: 0.001) G_GAN: 0.463 D_real: 0.155 D_fake: 0.219 G: 1.467 NCE: 1.104 NCE_Y: 0.904 
(epoch: 5, iters: 1240, time: 0.052, data: 0.001) G_GAN: 0.220 D_real: 0.202 D_fake: 0.499 G: 1.305 NCE: 1.314 NCE_Y: 0.856 
(epoch: 5, iters: 1340, time: 0.052, data: 0.002) G_GAN: 0.288 D_real: 0.326 D_fake: 0.217 G: 1.312 NCE: 1.194 NCE_Y: 0.853 
(epoch: 5, iters: 1440, time: 0.052, data: 0.001) G_GAN: 0.245 D_real: 0.303 D_fake: 0.265 G: 1.248 NCE: 1.112 NCE_Y: 0.894 
(epoch: 5, iters: 1540, time: 0.053, data: 0.001) G_GAN: 0.358 D_real: 0.209 D_fake: 0.190 G: 1.386 NCE: 1.203 NCE_Y: 0.853 
(epoch: 5, iters: 1640, time: 0.053, data: 0.001) G_GAN: 0.250 D_real: 0.263 D_fake: 0.201 G: 1.341 NCE: 1.218 NCE_Y: 0.963 
(epoch: 5, iters: 1740, time: 0.053, data: 0.001) G_GAN: 0.403 D_real: 0.108 D_fake: 0.260 G: 1.333 NCE: 0.995 NCE_Y: 0.865 
(epoch: 5, iters: 1840, time: 0.053, data: 0.001) G_GAN: 0.248 D_real: 0.386 D_fake: 0.181 G: 1.359 NCE: 1.335 NCE_Y: 0.887 
(epoch: 5, iters: 1940, time: 0.053, data: 0.001) G_GAN: 0.272 D_real: 0.373 D_fake: 0.178 G: 1.274 NCE: 1.133 NCE_Y: 0.871 
(epoch: 5, iters: 2040, time: 0.052, data: 0.002) G_GAN: 0.258 D_real: 0.094 D_fake: 0.426 G: 1.314 NCE: 1.207 NCE_Y: 0.905 
(epoch: 5, iters: 2140, time: 0.052, data: 0.001) G_GAN: 0.449 D_real: 0.167 D_fake: 0.160 G: 1.463 NCE: 1.177 NCE_Y: 0.850 
(epoch: 5, iters: 2240, time: 0.052, data: 0.001) G_GAN: 0.233 D_real: 0.333 D_fake: 0.207 G: 1.232 NCE: 1.136 NCE_Y: 0.863 
(epoch: 5, iters: 2340, time: 0.053, data: 0.001) G_GAN: 0.212 D_real: 0.339 D_fake: 0.282 G: 1.226 NCE: 1.180 NCE_Y: 0.848 
(epoch: 5, iters: 2440, time: 0.052, data: 0.002) G_GAN: 0.508 D_real: 0.036 D_fake: 0.305 G: 1.481 NCE: 1.112 NCE_Y: 0.835 
(epoch: 5, iters: 2540, time: 0.052, data: 0.002) G_GAN: 0.232 D_real: 0.196 D_fake: 0.350 G: 1.264 NCE: 1.113 NCE_Y: 0.950 
(epoch: 5, iters: 2640, time: 0.052, data: 0.001) G_GAN: 0.203 D_real: 0.206 D_fake: 0.334 G: 1.155 NCE: 1.045 NCE_Y: 0.858 
(epoch: 5, iters: 2740, time: 0.052, data: 0.002) G_GAN: 0.419 D_real: 0.080 D_fake: 0.187 G: 1.455 NCE: 1.130 NCE_Y: 0.943 
(epoch: 5, iters: 2840, time: 0.053, data: 0.001) G_GAN: 0.306 D_real: 0.350 D_fake: 0.179 G: 1.294 NCE: 1.125 NCE_Y: 0.851 
saving the latest model (epoch 5, total_iters 35000)
doctr_SELFF_to_SD_fixed_nl2
(epoch: 5, iters: 2940, time: 0.052, data: 0.001) G_GAN: 0.275 D_real: 0.183 D_fake: 0.228 G: 1.261 NCE: 1.112 NCE_Y: 0.859 
(epoch: 5, iters: 3040, time: 0.052, data: 0.002) G_GAN: 0.322 D_real: 0.191 D_fake: 0.255 G: 1.282 NCE: 1.074 NCE_Y: 0.846 
(epoch: 5, iters: 3140, time: 0.053, data: 0.001) G_GAN: 0.303 D_real: 0.205 D_fake: 0.186 G: 1.295 NCE: 1.081 NCE_Y: 0.904 
(epoch: 5, iters: 3240, time: 0.053, data: 0.001) G_GAN: 0.273 D_real: 0.241 D_fake: 0.225 G: 1.239 NCE: 1.036 NCE_Y: 0.895 
(epoch: 5, iters: 3340, time: 0.053, data: 0.002) G_GAN: 0.503 D_real: 0.205 D_fake: 0.143 G: 1.630 NCE: 1.246 NCE_Y: 1.009 
(epoch: 5, iters: 3440, time: 0.053, data: 0.002) G_GAN: 0.335 D_real: 0.143 D_fake: 0.254 G: 1.372 NCE: 1.219 NCE_Y: 0.856 
(epoch: 5, iters: 3540, time: 0.053, data: 0.001) G_GAN: 0.323 D_real: 0.180 D_fake: 0.220 G: 1.298 NCE: 1.089 NCE_Y: 0.860 
(epoch: 5, iters: 3640, time: 0.053, data: 0.001) G_GAN: 0.159 D_real: 0.336 D_fake: 0.378 G: 1.188 NCE: 1.205 NCE_Y: 0.853 
(epoch: 5, iters: 3740, time: 0.053, data: 0.002) G_GAN: 0.369 D_real: 0.284 D_fake: 0.119 G: 1.443 NCE: 1.213 NCE_Y: 0.934 
(epoch: 5, iters: 3840, time: 0.053, data: 0.001) G_GAN: 0.348 D_real: 0.196 D_fake: 0.222 G: 1.280 NCE: 1.010 NCE_Y: 0.855 
(epoch: 5, iters: 3940, time: 0.053, data: 0.001) G_GAN: 1.151 D_real: 0.071 D_fake: 0.045 G: 2.156 NCE: 1.103 NCE_Y: 0.906 
(epoch: 5, iters: 4040, time: 0.052, data: 0.002) G_GAN: 0.340 D_real: 0.344 D_fake: 0.128 G: 1.319 NCE: 1.103 NCE_Y: 0.855 
(epoch: 5, iters: 4140, time: 0.052, data: 0.001) G_GAN: 0.140 D_real: 0.308 D_fake: 0.536 G: 1.377 NCE: 1.566 NCE_Y: 0.908 
(epoch: 5, iters: 4240, time: 0.052, data: 0.001) G_GAN: 0.271 D_real: 0.232 D_fake: 0.329 G: 1.349 NCE: 1.277 NCE_Y: 0.879 
(epoch: 5, iters: 4340, time: 0.052, data: 0.002) G_GAN: 0.244 D_real: 0.216 D_fake: 0.323 G: 1.505 NCE: 1.135 NCE_Y: 1.386 
(epoch: 5, iters: 4440, time: 0.052, data: 0.002) G_GAN: 0.258 D_real: 0.152 D_fake: 0.295 G: 1.203 NCE: 1.013 NCE_Y: 0.877 
(epoch: 5, iters: 4540, time: 0.053, data: 0.001) G_GAN: 0.258 D_real: 0.240 D_fake: 0.246 G: 1.266 NCE: 1.133 NCE_Y: 0.882 
(epoch: 5, iters: 4640, time: 0.053, data: 0.001) G_GAN: 0.400 D_real: 0.206 D_fake: 0.143 G: 1.378 NCE: 1.079 NCE_Y: 0.877 
(epoch: 5, iters: 4740, time: 0.053, data: 0.001) G_GAN: 0.240 D_real: 0.236 D_fake: 0.198 G: 1.215 NCE: 1.092 NCE_Y: 0.858 
(epoch: 5, iters: 4840, time: 0.053, data: 0.001) G_GAN: 0.313 D_real: 0.318 D_fake: 0.155 G: 1.345 NCE: 1.132 NCE_Y: 0.932 
(epoch: 5, iters: 4940, time: 0.053, data: 0.001) G_GAN: 0.187 D_real: 0.346 D_fake: 0.395 G: 1.440 NCE: 1.257 NCE_Y: 1.249 
(epoch: 5, iters: 5040, time: 0.053, data: 0.001) G_GAN: 0.342 D_real: 0.219 D_fake: 0.270 G: 1.502 NCE: 1.044 NCE_Y: 1.276 
(epoch: 5, iters: 5140, time: 0.053, data: 0.002) G_GAN: 0.337 D_real: 0.179 D_fake: 0.202 G: 1.282 NCE: 1.052 NCE_Y: 0.840 
(epoch: 5, iters: 5240, time: 0.053, data: 0.001) G_GAN: 0.317 D_real: 0.243 D_fake: 0.201 G: 1.270 NCE: 1.049 NCE_Y: 0.857 
(epoch: 5, iters: 5340, time: 0.053, data: 0.001) G_GAN: 0.338 D_real: 0.102 D_fake: 0.330 G: 1.315 NCE: 1.093 NCE_Y: 0.860 
(epoch: 5, iters: 5440, time: 0.053, data: 0.001) G_GAN: 0.243 D_real: 0.151 D_fake: 0.344 G: 1.215 NCE: 1.114 NCE_Y: 0.831 
(epoch: 5, iters: 5540, time: 0.053, data: 0.001) G_GAN: 0.279 D_real: 0.266 D_fake: 0.300 G: 1.244 NCE: 1.066 NCE_Y: 0.864 
(epoch: 5, iters: 5640, time: 0.053, data: 0.001) G_GAN: 0.468 D_real: 0.033 D_fake: 0.213 G: 1.410 NCE: 1.058 NCE_Y: 0.826 
(epoch: 5, iters: 5740, time: 0.053, data: 0.002) G_GAN: 0.315 D_real: 0.213 D_fake: 0.235 G: 1.252 NCE: 1.027 NCE_Y: 0.848 
(epoch: 5, iters: 5840, time: 0.053, data: 0.001) G_GAN: 0.272 D_real: 0.215 D_fake: 0.221 G: 1.336 NCE: 1.279 NCE_Y: 0.848 
(epoch: 5, iters: 5940, time: 0.053, data: 0.001) G_GAN: 0.501 D_real: 0.666 D_fake: 0.554 G: 1.590 NCE: 1.317 NCE_Y: 0.860 
(epoch: 5, iters: 6040, time: 0.053, data: 0.002) G_GAN: 0.306 D_real: 0.158 D_fake: 0.306 G: 1.315 NCE: 1.121 NCE_Y: 0.897 
(epoch: 5, iters: 6140, time: 0.053, data: 0.002) G_GAN: 0.177 D_real: 0.293 D_fake: 0.350 G: 1.162 NCE: 1.113 NCE_Y: 0.857 
(epoch: 5, iters: 6240, time: 0.053, data: 0.001) G_GAN: 0.258 D_real: 0.442 D_fake: 0.138 G: 1.287 NCE: 1.201 NCE_Y: 0.858 
(epoch: 5, iters: 6340, time: 0.053, data: 0.001) G_GAN: 0.253 D_real: 0.192 D_fake: 0.306 G: 1.239 NCE: 1.111 NCE_Y: 0.863 
(epoch: 5, iters: 6440, time: 0.053, data: 0.001) G_GAN: 0.234 D_real: 0.335 D_fake: 0.211 G: 1.295 NCE: 1.164 NCE_Y: 0.957 
(epoch: 5, iters: 6540, time: 0.053, data: 0.001) G_GAN: 0.261 D_real: 0.446 D_fake: 0.253 G: 1.280 NCE: 1.185 NCE_Y: 0.853 
(epoch: 5, iters: 6640, time: 0.053, data: 0.001) G_GAN: 0.194 D_real: 0.231 D_fake: 0.309 G: 1.196 NCE: 1.139 NCE_Y: 0.866 
(epoch: 5, iters: 6740, time: 0.053, data: 0.002) G_GAN: 0.364 D_real: 0.238 D_fake: 0.172 G: 1.391 NCE: 1.190 NCE_Y: 0.866 
(epoch: 5, iters: 6840, time: 0.053, data: 0.001) G_GAN: 0.365 D_real: 0.136 D_fake: 0.285 G: 1.325 NCE: 1.069 NCE_Y: 0.852 
(epoch: 5, iters: 6940, time: 0.053, data: 0.001) G_GAN: 0.346 D_real: 0.204 D_fake: 0.208 G: 1.304 NCE: 1.066 NCE_Y: 0.851 
(epoch: 5, iters: 7040, time: 0.053, data: 0.001) G_GAN: 0.357 D_real: 0.128 D_fake: 0.213 G: 1.409 NCE: 1.224 NCE_Y: 0.880 
(epoch: 5, iters: 7140, time: 0.053, data: 0.001) G_GAN: 0.371 D_real: 0.241 D_fake: 0.156 G: 1.357 NCE: 1.097 NCE_Y: 0.876 
(epoch: 5, iters: 7240, time: 0.053, data: 0.001) G_GAN: 0.346 D_real: 0.358 D_fake: 0.124 G: 1.341 NCE: 1.106 NCE_Y: 0.883 
(epoch: 5, iters: 7340, time: 0.053, data: 0.001) G_GAN: 0.304 D_real: 0.273 D_fake: 0.223 G: 1.283 NCE: 1.112 NCE_Y: 0.845 
(epoch: 5, iters: 7440, time: 0.053, data: 0.002) G_GAN: 0.274 D_real: 0.297 D_fake: 0.249 G: 1.211 NCE: 1.040 NCE_Y: 0.832 
(epoch: 5, iters: 7540, time: 0.053, data: 0.002) G_GAN: 0.345 D_real: 0.268 D_fake: 0.125 G: 1.369 NCE: 1.151 NCE_Y: 0.896 
(epoch: 5, iters: 7640, time: 0.053, data: 0.002) G_GAN: 0.340 D_real: 0.142 D_fake: 0.251 G: 1.403 NCE: 1.234 NCE_Y: 0.893 
(epoch: 5, iters: 7740, time: 0.053, data: 0.001) G_GAN: 0.238 D_real: 0.257 D_fake: 0.260 G: 1.278 NCE: 1.192 NCE_Y: 0.887 
(epoch: 5, iters: 7840, time: 0.053, data: 0.001) G_GAN: 0.279 D_real: 0.104 D_fake: 0.335 G: 1.277 NCE: 1.107 NCE_Y: 0.891 
saving the latest model (epoch 5, total_iters 40000)
doctr_SELFF_to_SD_fixed_nl2
(epoch: 5, iters: 7940, time: 0.053, data: 0.001) G_GAN: 0.554 D_real: 0.029 D_fake: 0.243 G: 1.561 NCE: 1.149 NCE_Y: 0.863 
(epoch: 5, iters: 8040, time: 0.053, data: 0.002) G_GAN: 0.280 D_real: 0.323 D_fake: 0.229 G: 1.255 NCE: 1.050 NCE_Y: 0.899 
saving the model at the end of epoch 5, iters 40200
End of epoch 5 / 60 	 Time Taken: 436 sec
learning rate = 0.0002000
(epoch: 6, iters: 100, time: 0.053, data: 0.134) G_GAN: 0.339 D_real: 0.224 D_fake: 0.202 G: 1.360 NCE: 1.189 NCE_Y: 0.852 
(epoch: 6, iters: 200, time: 0.053, data: 0.001) G_GAN: 0.277 D_real: 0.289 D_fake: 0.155 G: 1.317 NCE: 1.200 NCE_Y: 0.880 
(epoch: 6, iters: 300, time: 0.053, data: 0.001) G_GAN: 0.301 D_real: 0.152 D_fake: 0.332 G: 1.446 NCE: 1.356 NCE_Y: 0.934 
(epoch: 6, iters: 400, time: 0.053, data: 0.001) G_GAN: 0.251 D_real: 0.279 D_fake: 0.219 G: 1.202 NCE: 1.067 NCE_Y: 0.836 
(epoch: 6, iters: 500, time: 0.053, data: 0.001) G_GAN: 0.258 D_real: 0.284 D_fake: 0.225 G: 1.241 NCE: 1.105 NCE_Y: 0.861 
(epoch: 6, iters: 600, time: 0.053, data: 0.001) G_GAN: 0.383 D_real: 0.234 D_fake: 0.200 G: 1.344 NCE: 1.097 NCE_Y: 0.825 
(epoch: 6, iters: 700, time: 0.053, data: 0.002) G_GAN: 0.213 D_real: 0.347 D_fake: 0.211 G: 1.211 NCE: 1.143 NCE_Y: 0.854 
(epoch: 6, iters: 800, time: 0.053, data: 0.001) G_GAN: 0.669 D_real: 0.182 D_fake: 0.051 G: 1.731 NCE: 1.285 NCE_Y: 0.839 
(epoch: 6, iters: 900, time: 0.053, data: 0.001) G_GAN: 0.373 D_real: 0.103 D_fake: 0.266 G: 1.411 NCE: 1.164 NCE_Y: 0.912 
(epoch: 6, iters: 1000, time: 0.053, data: 0.001) G_GAN: 0.420 D_real: 0.185 D_fake: 0.163 G: 1.326 NCE: 0.954 NCE_Y: 0.858 
(epoch: 6, iters: 1100, time: 0.053, data: 0.002) G_GAN: 0.300 D_real: 0.242 D_fake: 0.179 G: 1.306 NCE: 1.132 NCE_Y: 0.879 
(epoch: 6, iters: 1200, time: 0.053, data: 0.001) G_GAN: 0.396 D_real: 0.170 D_fake: 0.169 G: 1.413 NCE: 1.157 NCE_Y: 0.876 
(epoch: 6, iters: 1300, time: 0.053, data: 0.001) G_GAN: 0.257 D_real: 0.332 D_fake: 0.206 G: 1.201 NCE: 1.023 NCE_Y: 0.863 
(epoch: 6, iters: 1400, time: 0.053, data: 0.001) G_GAN: 0.267 D_real: 0.190 D_fake: 0.262 G: 1.279 NCE: 1.187 NCE_Y: 0.837 
(epoch: 6, iters: 1500, time: 0.052, data: 0.002) G_GAN: 0.340 D_real: 0.217 D_fake: 0.358 G: 1.318 NCE: 1.117 NCE_Y: 0.840 
(epoch: 6, iters: 1600, time: 0.053, data: 0.001) G_GAN: 0.339 D_real: 0.258 D_fake: 0.156 G: 1.345 NCE: 1.134 NCE_Y: 0.879 
(epoch: 6, iters: 1700, time: 0.053, data: 0.001) G_GAN: 0.313 D_real: 0.187 D_fake: 0.198 G: 1.266 NCE: 1.032 NCE_Y: 0.874 
(epoch: 6, iters: 1800, time: 0.053, data: 0.001) G_GAN: 0.278 D_real: 0.265 D_fake: 0.262 G: 1.292 NCE: 1.164 NCE_Y: 0.863 
(epoch: 6, iters: 1900, time: 0.053, data: 0.001) G_GAN: 0.296 D_real: 0.403 D_fake: 0.169 G: 1.255 NCE: 1.063 NCE_Y: 0.856 
(epoch: 6, iters: 2000, time: 0.053, data: 0.001) G_GAN: 0.335 D_real: 0.098 D_fake: 0.224 G: 1.370 NCE: 1.110 NCE_Y: 0.959 
(epoch: 6, iters: 2100, time: 0.053, data: 0.001) G_GAN: 0.280 D_real: 0.179 D_fake: 0.227 G: 1.281 NCE: 1.144 NCE_Y: 0.859 
(epoch: 6, iters: 2200, time: 0.053, data: 0.001) G_GAN: 0.294 D_real: 0.174 D_fake: 0.290 G: 1.294 NCE: 1.158 NCE_Y: 0.842 
(epoch: 6, iters: 2300, time: 0.053, data: 0.001) G_GAN: 0.373 D_real: 0.419 D_fake: 0.143 G: 1.346 NCE: 1.091 NCE_Y: 0.854 
(epoch: 6, iters: 2400, time: 0.053, data: 0.002) G_GAN: 0.277 D_real: 0.390 D_fake: 0.212 G: 1.258 NCE: 1.095 NCE_Y: 0.867 
(epoch: 6, iters: 2500, time: 0.052, data: 0.002) G_GAN: 0.347 D_real: 0.307 D_fake: 0.135 G: 1.328 NCE: 1.033 NCE_Y: 0.929 
(epoch: 6, iters: 2600, time: 0.052, data: 0.001) G_GAN: 0.275 D_real: 0.195 D_fake: 0.243 G: 1.303 NCE: 1.205 NCE_Y: 0.851 
(epoch: 6, iters: 2700, time: 0.052, data: 0.001) G_GAN: 0.759 D_real: 0.026 D_fake: 0.075 G: 1.894 NCE: 1.285 NCE_Y: 0.984 
(epoch: 6, iters: 2800, time: 0.052, data: 0.002) G_GAN: 0.357 D_real: 0.184 D_fake: 0.207 G: 1.399 NCE: 1.215 NCE_Y: 0.869 
(epoch: 6, iters: 2900, time: 0.051, data: 0.001) G_GAN: 0.371 D_real: 0.211 D_fake: 0.310 G: 1.499 NCE: 1.401 NCE_Y: 0.854 
(epoch: 6, iters: 3000, time: 0.051, data: 0.001) G_GAN: 1.110 D_real: 0.347 D_fake: 0.141 G: 2.101 NCE: 1.101 NCE_Y: 0.882 
(epoch: 6, iters: 3100, time: 0.051, data: 0.001) G_GAN: 0.540 D_real: 0.034 D_fake: 0.193 G: 1.587 NCE: 1.190 NCE_Y: 0.904 
(epoch: 6, iters: 3200, time: 0.052, data: 0.002) G_GAN: 0.521 D_real: 0.054 D_fake: 0.500 G: 1.478 NCE: 1.065 NCE_Y: 0.848 
(epoch: 6, iters: 3300, time: 0.052, data: 0.001) G_GAN: 0.312 D_real: 0.100 D_fake: 0.316 G: 1.318 NCE: 1.093 NCE_Y: 0.919 
(epoch: 6, iters: 3400, time: 0.051, data: 0.001) G_GAN: 0.261 D_real: 0.254 D_fake: 0.237 G: 1.252 NCE: 1.139 NCE_Y: 0.843 
(epoch: 6, iters: 3500, time: 0.052, data: 0.001) G_GAN: 0.241 D_real: 0.324 D_fake: 0.261 G: 1.305 NCE: 1.283 NCE_Y: 0.845 
(epoch: 6, iters: 3600, time: 0.052, data: 0.001) G_GAN: 0.386 D_real: 0.261 D_fake: 0.143 G: 1.396 NCE: 1.185 NCE_Y: 0.834 
(epoch: 6, iters: 3700, time: 0.052, data: 0.001) G_GAN: 0.229 D_real: 0.199 D_fake: 0.390 G: 1.201 NCE: 1.112 NCE_Y: 0.833 
(epoch: 6, iters: 3800, time: 0.052, data: 0.001) G_GAN: 0.287 D_real: 0.272 D_fake: 0.196 G: 1.224 NCE: 1.044 NCE_Y: 0.831 
(epoch: 6, iters: 3900, time: 0.052, data: 0.001) G_GAN: 0.298 D_real: 0.171 D_fake: 0.281 G: 1.317 NCE: 1.191 NCE_Y: 0.848 
(epoch: 6, iters: 4000, time: 0.052, data: 0.002) G_GAN: 0.242 D_real: 0.324 D_fake: 0.286 G: 1.324 NCE: 1.240 NCE_Y: 0.922 
(epoch: 6, iters: 4100, time: 0.053, data: 0.002) G_GAN: 0.381 D_real: 0.280 D_fake: 0.178 G: 1.318 NCE: 1.034 NCE_Y: 0.841 
(epoch: 6, iters: 4200, time: 0.053, data: 0.001) G_GAN: 0.403 D_real: 0.293 D_fake: 0.118 G: 1.356 NCE: 1.054 NCE_Y: 0.851 
(epoch: 6, iters: 4300, time: 0.053, data: 0.001) G_GAN: 0.445 D_real: 0.133 D_fake: 0.172 G: 1.391 NCE: 1.036 NCE_Y: 0.856 
(epoch: 6, iters: 4400, time: 0.053, data: 0.001) G_GAN: 0.315 D_real: 0.071 D_fake: 0.362 G: 1.352 NCE: 1.160 NCE_Y: 0.915 
(epoch: 6, iters: 4500, time: 0.053, data: 0.001) G_GAN: 0.285 D_real: 0.392 D_fake: 0.153 G: 1.306 NCE: 1.134 NCE_Y: 0.908 
(epoch: 6, iters: 4600, time: 0.053, data: 0.001) G_GAN: 0.198 D_real: 0.282 D_fake: 0.282 G: 1.167 NCE: 1.056 NCE_Y: 0.882 
(epoch: 6, iters: 4700, time: 0.054, data: 0.001) G_GAN: 0.378 D_real: 0.279 D_fake: 0.168 G: 1.366 NCE: 1.089 NCE_Y: 0.887 
(epoch: 6, iters: 4800, time: 0.054, data: 0.001) G_GAN: 0.379 D_real: 0.159 D_fake: 0.194 G: 1.400 NCE: 1.119 NCE_Y: 0.923 
saving the latest model (epoch 6, total_iters 45000)
doctr_SELFF_to_SD_fixed_nl2
(epoch: 6, iters: 4900, time: 0.053, data: 0.001) G_GAN: 0.279 D_real: 0.246 D_fake: 0.223 G: 1.351 NCE: 1.250 NCE_Y: 0.895 
(epoch: 6, iters: 5000, time: 0.053, data: 0.001) G_GAN: 0.301 D_real: 0.197 D_fake: 0.376 G: 1.278 NCE: 1.087 NCE_Y: 0.867 
(epoch: 6, iters: 5100, time: 0.053, data: 0.001) G_GAN: 0.262 D_real: 0.310 D_fake: 0.240 G: 1.241 NCE: 1.107 NCE_Y: 0.852 
(epoch: 6, iters: 5200, time: 0.053, data: 0.002) G_GAN: 0.280 D_real: 0.612 D_fake: 0.098 G: 1.279 NCE: 1.075 NCE_Y: 0.922 
(epoch: 6, iters: 5300, time: 0.053, data: 0.001) G_GAN: 0.297 D_real: 0.227 D_fake: 0.174 G: 1.276 NCE: 1.043 NCE_Y: 0.914 
(epoch: 6, iters: 5400, time: 0.053, data: 0.001) G_GAN: 0.281 D_real: 0.276 D_fake: 0.160 G: 1.269 NCE: 1.087 NCE_Y: 0.890 
(epoch: 6, iters: 5500, time: 0.053, data: 0.001) G_GAN: 0.382 D_real: 0.120 D_fake: 0.207 G: 1.402 NCE: 1.100 NCE_Y: 0.939 
(epoch: 6, iters: 5600, time: 0.052, data: 0.001) G_GAN: 0.256 D_real: 0.296 D_fake: 0.280 G: 1.280 NCE: 1.161 NCE_Y: 0.886 
(epoch: 6, iters: 5700, time: 0.052, data: 0.001) G_GAN: 0.347 D_real: 0.140 D_fake: 0.280 G: 1.400 NCE: 1.169 NCE_Y: 0.937 
(epoch: 6, iters: 5800, time: 0.052, data: 0.001) G_GAN: 0.267 D_real: 0.274 D_fake: 0.238 G: 1.317 NCE: 1.192 NCE_Y: 0.908 
(epoch: 6, iters: 5900, time: 0.051, data: 0.001) G_GAN: 0.251 D_real: 0.247 D_fake: 0.273 G: 1.225 NCE: 1.067 NCE_Y: 0.880 
(epoch: 6, iters: 6000, time: 0.052, data: 0.001) G_GAN: 0.325 D_real: 0.367 D_fake: 0.158 G: 1.303 NCE: 1.108 NCE_Y: 0.848 
(epoch: 6, iters: 6100, time: 0.053, data: 0.001) G_GAN: 0.331 D_real: 0.192 D_fake: 0.233 G: 1.312 NCE: 1.080 NCE_Y: 0.883 
(epoch: 6, iters: 6200, time: 0.052, data: 0.001) G_GAN: 0.299 D_real: 0.144 D_fake: 0.262 G: 1.296 NCE: 1.168 NCE_Y: 0.828 
(epoch: 6, iters: 6300, time: 0.051, data: 0.002) G_GAN: 0.305 D_real: 0.286 D_fake: 0.176 G: 1.325 NCE: 1.165 NCE_Y: 0.875 
(epoch: 6, iters: 6400, time: 0.051, data: 0.001) G_GAN: 0.290 D_real: 0.207 D_fake: 0.306 G: 1.356 NCE: 1.185 NCE_Y: 0.946 
(epoch: 6, iters: 6500, time: 0.050, data: 0.001) G_GAN: 0.397 D_real: 0.180 D_fake: 0.178 G: 1.366 NCE: 1.104 NCE_Y: 0.834 
(epoch: 6, iters: 6600, time: 0.051, data: 0.001) G_GAN: 0.173 D_real: 0.272 D_fake: 0.354 G: 1.254 NCE: 1.318 NCE_Y: 0.844 
(epoch: 6, iters: 6700, time: 0.052, data: 0.001) G_GAN: 0.339 D_real: 0.306 D_fake: 0.274 G: 1.301 NCE: 1.014 NCE_Y: 0.912 
(epoch: 6, iters: 6800, time: 0.052, data: 0.001) G_GAN: 0.375 D_real: 0.159 D_fake: 0.278 G: 1.358 NCE: 1.137 NCE_Y: 0.830 
(epoch: 6, iters: 6900, time: 0.053, data: 0.002) G_GAN: 0.312 D_real: 0.279 D_fake: 0.181 G: 1.279 NCE: 1.080 NCE_Y: 0.855 
(epoch: 6, iters: 7000, time: 0.052, data: 0.001) G_GAN: 0.279 D_real: 0.240 D_fake: 0.237 G: 1.254 NCE: 1.105 NCE_Y: 0.846 
(epoch: 6, iters: 7100, time: 0.053, data: 0.002) G_GAN: 0.317 D_real: 0.273 D_fake: 0.200 G: 1.290 NCE: 1.098 NCE_Y: 0.848 
(epoch: 6, iters: 7200, time: 0.053, data: 0.001) G_GAN: 0.238 D_real: 0.520 D_fake: 0.198 G: 1.203 NCE: 1.101 NCE_Y: 0.829 
(epoch: 6, iters: 7300, time: 0.053, data: 0.001) G_GAN: 0.358 D_real: 0.368 D_fake: 0.082 G: 1.361 NCE: 1.148 NCE_Y: 0.858 
(epoch: 6, iters: 7400, time: 0.052, data: 0.001) G_GAN: 0.518 D_real: 0.047 D_fake: 0.177 G: 1.556 NCE: 1.229 NCE_Y: 0.848 
(epoch: 6, iters: 7500, time: 0.053, data: 0.001) G_GAN: 0.852 D_real: 0.075 D_fake: 0.130 G: 2.091 NCE: 1.557 NCE_Y: 0.922 
(epoch: 6, iters: 7600, time: 0.053, data: 0.001) G_GAN: 0.363 D_real: 0.174 D_fake: 0.251 G: 1.450 NCE: 1.346 NCE_Y: 0.828 
(epoch: 6, iters: 7700, time: 0.052, data: 0.001) G_GAN: 0.301 D_real: 0.295 D_fake: 0.225 G: 1.267 NCE: 1.075 NCE_Y: 0.857 
(epoch: 6, iters: 7800, time: 0.053, data: 0.001) G_GAN: 0.207 D_real: 0.246 D_fake: 0.324 G: 1.280 NCE: 1.300 NCE_Y: 0.848 
(epoch: 6, iters: 7900, time: 0.053, data: 0.002) G_GAN: 0.290 D_real: 0.252 D_fake: 0.189 G: 1.309 NCE: 1.149 NCE_Y: 0.889 
(epoch: 6, iters: 8000, time: 0.052, data: 0.001) G_GAN: 0.352 D_real: 0.251 D_fake: 0.137 G: 1.378 NCE: 1.177 NCE_Y: 0.874 
End of epoch 6 / 60 	 Time Taken: 434 sec
learning rate = 0.0002000
(epoch: 7, iters: 60, time: 0.052, data: 0.001) G_GAN: 0.254 D_real: 0.144 D_fake: 0.296 G: 1.280 NCE: 1.159 NCE_Y: 0.892 
(epoch: 7, iters: 160, time: 0.053, data: 0.001) G_GAN: 0.231 D_real: 0.373 D_fake: 0.156 G: 1.245 NCE: 1.170 NCE_Y: 0.857 
(epoch: 7, iters: 260, time: 0.053, data: 0.001) G_GAN: 0.235 D_real: 0.439 D_fake: 0.132 G: 1.332 NCE: 1.140 NCE_Y: 1.054 
(epoch: 7, iters: 360, time: 0.053, data: 0.001) G_GAN: 0.277 D_real: 0.225 D_fake: 0.289 G: 1.248 NCE: 1.097 NCE_Y: 0.845 
(epoch: 7, iters: 460, time: 0.052, data: 0.001) G_GAN: 0.323 D_real: 0.134 D_fake: 0.197 G: 1.343 NCE: 1.134 NCE_Y: 0.906 
(epoch: 7, iters: 560, time: 0.052, data: 0.001) G_GAN: 0.189 D_real: 0.264 D_fake: 0.315 G: 1.171 NCE: 1.132 NCE_Y: 0.832 
(epoch: 7, iters: 660, time: 0.052, data: 0.001) G_GAN: 0.292 D_real: 0.314 D_fake: 0.218 G: 1.360 NCE: 1.296 NCE_Y: 0.840 
(epoch: 7, iters: 760, time: 0.052, data: 0.001) G_GAN: 0.205 D_real: 0.391 D_fake: 0.195 G: 1.257 NCE: 1.249 NCE_Y: 0.854 
(epoch: 7, iters: 860, time: 0.051, data: 0.001) G_GAN: 0.382 D_real: 0.119 D_fake: 0.215 G: 1.334 NCE: 1.063 NCE_Y: 0.841 
(epoch: 7, iters: 960, time: 0.051, data: 0.001) G_GAN: 0.291 D_real: 0.234 D_fake: 0.197 G: 1.242 NCE: 0.994 NCE_Y: 0.909 
(epoch: 7, iters: 1060, time: 0.052, data: 0.002) G_GAN: 0.358 D_real: 0.203 D_fake: 0.176 G: 1.385 NCE: 1.208 NCE_Y: 0.847 
(epoch: 7, iters: 1160, time: 0.052, data: 0.001) G_GAN: 0.359 D_real: 0.192 D_fake: 0.172 G: 1.312 NCE: 1.061 NCE_Y: 0.845 
(epoch: 7, iters: 1260, time: 0.052, data: 0.001) G_GAN: 0.367 D_real: 0.204 D_fake: 0.174 G: 1.380 NCE: 1.188 NCE_Y: 0.839 
(epoch: 7, iters: 1360, time: 0.053, data: 0.001) G_GAN: 0.214 D_real: 0.228 D_fake: 0.290 G: 1.185 NCE: 1.089 NCE_Y: 0.852 
(epoch: 7, iters: 1460, time: 0.053, data: 0.002) G_GAN: 0.225 D_real: 0.247 D_fake: 0.300 G: 1.190 NCE: 1.076 NCE_Y: 0.854 
(epoch: 7, iters: 1560, time: 0.052, data: 0.001) G_GAN: 0.467 D_real: 0.147 D_fake: 0.206 G: 1.434 NCE: 1.101 NCE_Y: 0.831 
(epoch: 7, iters: 1660, time: 0.052, data: 0.001) G_GAN: 0.280 D_real: 0.290 D_fake: 0.216 G: 1.236 NCE: 1.087 NCE_Y: 0.824 
(epoch: 7, iters: 1760, time: 0.052, data: 0.002) G_GAN: 0.722 D_real: 0.019 D_fake: 0.072 G: 1.798 NCE: 1.281 NCE_Y: 0.871 
saving the latest model (epoch 7, total_iters 50000)
doctr_SELFF_to_SD_fixed_nl2
(epoch: 7, iters: 1860, time: 0.052, data: 0.001) G_GAN: 0.391 D_real: 0.186 D_fake: 0.225 G: 1.354 NCE: 1.070 NCE_Y: 0.856 
(epoch: 7, iters: 1960, time: 0.053, data: 0.001) G_GAN: 0.289 D_real: 0.256 D_fake: 0.236 G: 1.308 NCE: 1.151 NCE_Y: 0.887 
(epoch: 7, iters: 2060, time: 0.053, data: 0.001) G_GAN: 0.231 D_real: 0.231 D_fake: 0.290 G: 1.244 NCE: 1.183 NCE_Y: 0.844 
(epoch: 7, iters: 2160, time: 0.053, data: 0.001) G_GAN: 0.359 D_real: 0.402 D_fake: 0.120 G: 1.356 NCE: 1.103 NCE_Y: 0.891 
(epoch: 7, iters: 2260, time: 0.053, data: 0.001) G_GAN: 0.361 D_real: 0.252 D_fake: 0.213 G: 1.321 NCE: 1.057 NCE_Y: 0.862 
(epoch: 7, iters: 2360, time: 0.053, data: 0.001) G_GAN: 0.323 D_real: 0.184 D_fake: 0.259 G: 1.444 NCE: 1.347 NCE_Y: 0.894 
(epoch: 7, iters: 2460, time: 0.053, data: 0.002) G_GAN: 0.273 D_real: 0.260 D_fake: 0.287 G: 1.267 NCE: 1.130 NCE_Y: 0.859 
(epoch: 7, iters: 2560, time: 0.053, data: 0.002) G_GAN: 0.367 D_real: 0.037 D_fake: 0.393 G: 1.439 NCE: 1.296 NCE_Y: 0.848 
(epoch: 7, iters: 2660, time: 0.053, data: 0.001) G_GAN: 0.314 D_real: 0.222 D_fake: 0.220 G: 1.356 NCE: 1.207 NCE_Y: 0.876 
(epoch: 7, iters: 2760, time: 0.053, data: 0.001) G_GAN: 0.282 D_real: 0.144 D_fake: 0.332 G: 1.294 NCE: 1.159 NCE_Y: 0.865 
(epoch: 7, iters: 2860, time: 0.053, data: 0.001) G_GAN: 0.316 D_real: 0.230 D_fake: 0.256 G: 1.285 NCE: 1.077 NCE_Y: 0.860 
(epoch: 7, iters: 2960, time: 0.052, data: 0.001) G_GAN: 0.448 D_real: 0.217 D_fake: 0.127 G: 1.469 NCE: 1.111 NCE_Y: 0.931 
(epoch: 7, iters: 3060, time: 0.052, data: 0.001) G_GAN: 0.435 D_real: 0.173 D_fake: 0.174 G: 1.413 NCE: 1.091 NCE_Y: 0.864 
(epoch: 7, iters: 3160, time: 0.052, data: 0.001) G_GAN: 0.342 D_real: 0.214 D_fake: 0.155 G: 1.335 NCE: 1.142 NCE_Y: 0.844 
(epoch: 7, iters: 3260, time: 0.052, data: 0.001) G_GAN: 0.265 D_real: 0.248 D_fake: 0.198 G: 1.231 NCE: 1.077 NCE_Y: 0.854 
(epoch: 7, iters: 3360, time: 0.052, data: 0.001) G_GAN: 0.226 D_real: 0.243 D_fake: 0.273 G: 1.191 NCE: 1.076 NCE_Y: 0.855 
(epoch: 7, iters: 3460, time: 0.052, data: 0.001) G_GAN: 0.257 D_real: 0.325 D_fake: 0.217 G: 1.276 NCE: 1.189 NCE_Y: 0.850 
(epoch: 7, iters: 3560, time: 0.052, data: 0.001) G_GAN: 0.320 D_real: 0.529 D_fake: 0.095 G: 1.283 NCE: 1.009 NCE_Y: 0.917 
(epoch: 7, iters: 3660, time: 0.053, data: 0.001) G_GAN: 0.326 D_real: 0.156 D_fake: 0.250 G: 1.285 NCE: 1.087 NCE_Y: 0.832 
(epoch: 7, iters: 3760, time: 0.053, data: 0.001) G_GAN: 0.349 D_real: 0.222 D_fake: 0.172 G: 1.317 NCE: 1.028 NCE_Y: 0.908 
(epoch: 7, iters: 3860, time: 0.053, data: 0.001) G_GAN: 0.392 D_real: 0.088 D_fake: 0.181 G: 1.364 NCE: 1.087 NCE_Y: 0.856 
(epoch: 7, iters: 3960, time: 0.053, data: 0.001) G_GAN: 0.387 D_real: 0.363 D_fake: 0.116 G: 1.462 NCE: 1.279 NCE_Y: 0.873 
(epoch: 7, iters: 4060, time: 0.053, data: 0.003) G_GAN: 0.215 D_real: 0.348 D_fake: 0.373 G: 1.207 NCE: 1.084 NCE_Y: 0.901 
(epoch: 7, iters: 4160, time: 0.053, data: 0.001) G_GAN: 0.331 D_real: 0.478 D_fake: 0.077 G: 1.301 NCE: 1.057 NCE_Y: 0.882 
(epoch: 7, iters: 4260, time: 0.052, data: 0.001) G_GAN: 0.510 D_real: 0.100 D_fake: 0.155 G: 1.477 NCE: 1.074 NCE_Y: 0.859 
(epoch: 7, iters: 4360, time: 0.053, data: 0.002) G_GAN: 0.329 D_real: 0.221 D_fake: 0.214 G: 1.360 NCE: 1.225 NCE_Y: 0.837 
(epoch: 7, iters: 4460, time: 0.053, data: 0.002) G_GAN: 0.232 D_real: 0.319 D_fake: 0.264 G: 1.252 NCE: 1.200 NCE_Y: 0.841 
(epoch: 7, iters: 4560, time: 0.052, data: 0.001) G_GAN: 0.295 D_real: 0.620 D_fake: 0.123 G: 1.287 NCE: 1.126 NCE_Y: 0.858 
(epoch: 7, iters: 4660, time: 0.052, data: 0.001) G_GAN: 0.289 D_real: 0.199 D_fake: 0.258 G: 1.258 NCE: 1.087 NCE_Y: 0.851 
(epoch: 7, iters: 4760, time: 0.052, data: 0.001) G_GAN: 0.664 D_real: 0.016 D_fake: 0.358 G: 1.671 NCE: 1.163 NCE_Y: 0.852 
(epoch: 7, iters: 4860, time: 0.052, data: 0.001) G_GAN: 0.823 D_real: 0.158 D_fake: 0.248 G: 1.791 NCE: 1.068 NCE_Y: 0.868 
(epoch: 7, iters: 4960, time: 0.052, data: 0.002) G_GAN: 0.311 D_real: 0.286 D_fake: 0.190 G: 1.265 NCE: 1.067 NCE_Y: 0.842 
(epoch: 7, iters: 5060, time: 0.052, data: 0.001) G_GAN: 0.425 D_real: 0.270 D_fake: 0.126 G: 1.381 NCE: 1.053 NCE_Y: 0.857 
(epoch: 7, iters: 5160, time: 0.052, data: 0.001) G_GAN: 0.279 D_real: 0.267 D_fake: 0.228 G: 1.367 NCE: 1.347 NCE_Y: 0.829 
(epoch: 7, iters: 5260, time: 0.052, data: 0.002) G_GAN: 0.228 D_real: 0.279 D_fake: 0.279 G: 1.181 NCE: 1.070 NCE_Y: 0.836 
(epoch: 7, iters: 5360, time: 0.052, data: 0.001) G_GAN: 0.274 D_real: 0.246 D_fake: 0.215 G: 1.275 NCE: 1.144 NCE_Y: 0.859 
(epoch: 7, iters: 5460, time: 0.052, data: 0.001) G_GAN: 0.465 D_real: 0.319 D_fake: 0.114 G: 1.411 NCE: 1.062 NCE_Y: 0.829 
(epoch: 7, iters: 5560, time: 0.052, data: 0.001) G_GAN: 0.259 D_real: 0.261 D_fake: 0.273 G: 1.261 NCE: 1.188 NCE_Y: 0.815 
(epoch: 7, iters: 5660, time: 0.052, data: 0.002) G_GAN: 0.297 D_real: 0.107 D_fake: 0.276 G: 1.270 NCE: 1.108 NCE_Y: 0.838 
(epoch: 7, iters: 5760, time: 0.053, data: 0.001) G_GAN: 0.360 D_real: 0.075 D_fake: 0.257 G: 1.339 NCE: 1.079 NCE_Y: 0.879 
(epoch: 7, iters: 5860, time: 0.052, data: 0.001) G_GAN: 0.362 D_real: 0.175 D_fake: 0.218 G: 1.387 NCE: 1.208 NCE_Y: 0.842 
(epoch: 7, iters: 5960, time: 0.052, data: 0.001) G_GAN: 0.371 D_real: 0.191 D_fake: 0.170 G: 1.375 NCE: 1.165 NCE_Y: 0.843 
(epoch: 7, iters: 6060, time: 0.052, data: 0.001) G_GAN: 0.295 D_real: 0.268 D_fake: 0.205 G: 1.274 NCE: 1.113 NCE_Y: 0.844 
(epoch: 7, iters: 6160, time: 0.052, data: 0.001) G_GAN: 0.227 D_real: 0.585 D_fake: 0.161 G: 1.254 NCE: 1.225 NCE_Y: 0.828 
(epoch: 7, iters: 6260, time: 0.052, data: 0.002) G_GAN: 0.366 D_real: 0.177 D_fake: 0.327 G: 1.378 NCE: 1.100 NCE_Y: 0.924 
(epoch: 7, iters: 6360, time: 0.052, data: 0.002) G_GAN: 0.370 D_real: 0.310 D_fake: 0.226 G: 1.394 NCE: 1.163 NCE_Y: 0.884 
(epoch: 7, iters: 6460, time: 0.052, data: 0.001) G_GAN: 0.276 D_real: 0.271 D_fake: 0.286 G: 1.281 NCE: 1.145 NCE_Y: 0.865 
(epoch: 7, iters: 6560, time: 0.053, data: 0.002) G_GAN: 0.289 D_real: 0.174 D_fake: 0.313 G: 1.258 NCE: 1.037 NCE_Y: 0.900 
(epoch: 7, iters: 6660, time: 0.053, data: 0.002) G_GAN: 0.262 D_real: 0.118 D_fake: 0.409 G: 1.250 NCE: 1.161 NCE_Y: 0.815 
(epoch: 7, iters: 6760, time: 0.053, data: 0.001) G_GAN: 0.404 D_real: 0.205 D_fake: 0.188 G: 1.360 NCE: 1.075 NCE_Y: 0.837 
saving the latest model (epoch 7, total_iters 55000)
doctr_SELFF_to_SD_fixed_nl2
(epoch: 7, iters: 6860, time: 0.053, data: 0.001) G_GAN: 0.269 D_real: 0.356 D_fake: 0.270 G: 1.289 NCE: 1.185 NCE_Y: 0.854 
(epoch: 7, iters: 6960, time: 0.053, data: 0.001) G_GAN: 0.257 D_real: 0.234 D_fake: 0.247 G: 1.300 NCE: 1.236 NCE_Y: 0.848 
(epoch: 7, iters: 7060, time: 0.053, data: 0.001) G_GAN: 0.282 D_real: 0.473 D_fake: 0.123 G: 1.301 NCE: 1.132 NCE_Y: 0.907 
(epoch: 7, iters: 7160, time: 0.053, data: 0.001) G_GAN: 0.393 D_real: 0.128 D_fake: 0.205 G: 1.402 NCE: 1.152 NCE_Y: 0.866 
(epoch: 7, iters: 7260, time: 0.053, data: 0.001) G_GAN: 0.367 D_real: 0.117 D_fake: 0.287 G: 1.338 NCE: 1.120 NCE_Y: 0.823 
(epoch: 7, iters: 7360, time: 0.053, data: 0.001) G_GAN: 0.348 D_real: 0.167 D_fake: 0.225 G: 1.291 NCE: 1.047 NCE_Y: 0.839 
(epoch: 7, iters: 7460, time: 0.053, data: 0.001) G_GAN: 0.338 D_real: 0.166 D_fake: 0.250 G: 1.368 NCE: 1.166 NCE_Y: 0.893 
(epoch: 7, iters: 7560, time: 0.053, data: 0.002) G_GAN: 0.249 D_real: 0.430 D_fake: 0.194 G: 1.270 NCE: 1.189 NCE_Y: 0.854 
(epoch: 7, iters: 7660, time: 0.053, data: 0.002) G_GAN: 0.848 D_real: 0.055 D_fake: 0.045 G: 2.138 NCE: 1.638 NCE_Y: 0.941 
(epoch: 7, iters: 7760, time: 0.053, data: 0.001) G_GAN: 0.667 D_real: 0.040 D_fake: 0.304 G: 1.824 NCE: 1.329 NCE_Y: 0.985 
(epoch: 7, iters: 7860, time: 0.053, data: 0.001) G_GAN: 0.501 D_real: 0.404 D_fake: 0.123 G: 1.502 NCE: 1.119 NCE_Y: 0.883 
(epoch: 7, iters: 7960, time: 0.052, data: 0.001) G_GAN: 0.427 D_real: 0.155 D_fake: 0.305 G: 1.408 NCE: 1.107 NCE_Y: 0.853 
End of epoch 7 / 60 	 Time Taken: 434 sec
learning rate = 0.0002000
(epoch: 8, iters: 20, time: 0.052, data: 0.001) G_GAN: 0.324 D_real: 0.228 D_fake: 0.268 G: 1.321 NCE: 1.142 NCE_Y: 0.852 
(epoch: 8, iters: 120, time: 0.053, data: 0.001) G_GAN: 0.581 D_real: 0.416 D_fake: 0.068 G: 1.571 NCE: 1.106 NCE_Y: 0.873 
(epoch: 8, iters: 220, time: 0.053, data: 0.001) G_GAN: 0.349 D_real: 0.107 D_fake: 0.367 G: 1.423 NCE: 1.303 NCE_Y: 0.845 
(epoch: 8, iters: 320, time: 0.053, data: 0.001) G_GAN: 0.267 D_real: 0.483 D_fake: 0.212 G: 1.232 NCE: 1.097 NCE_Y: 0.833 
(epoch: 8, iters: 420, time: 0.052, data: 0.001) G_GAN: 0.314 D_real: 0.176 D_fake: 0.193 G: 1.256 NCE: 1.047 NCE_Y: 0.836 
(epoch: 8, iters: 520, time: 0.053, data: 0.002) G_GAN: 0.238 D_real: 0.293 D_fake: 0.292 G: 1.258 NCE: 1.194 NCE_Y: 0.845 
(epoch: 8, iters: 620, time: 0.053, data: 0.001) G_GAN: 0.333 D_real: 0.163 D_fake: 0.235 G: 1.302 NCE: 1.124 NCE_Y: 0.814 
(epoch: 8, iters: 720, time: 0.053, data: 0.001) G_GAN: 0.306 D_real: 0.291 D_fake: 0.172 G: 1.279 NCE: 1.087 NCE_Y: 0.860 
(epoch: 8, iters: 820, time: 0.053, data: 0.001) G_GAN: 0.261 D_real: 0.184 D_fake: 0.332 G: 1.232 NCE: 1.117 NCE_Y: 0.826 
(epoch: 8, iters: 920, time: 0.053, data: 0.001) G_GAN: 0.381 D_real: 0.136 D_fake: 0.210 G: 1.346 NCE: 1.117 NCE_Y: 0.813 
(epoch: 8, iters: 1020, time: 0.053, data: 0.001) G_GAN: 0.291 D_real: 0.276 D_fake: 0.230 G: 1.293 NCE: 1.169 NCE_Y: 0.835 
(epoch: 8, iters: 1120, time: 0.053, data: 0.002) G_GAN: 0.285 D_real: 0.177 D_fake: 0.264 G: 1.242 NCE: 1.075 NCE_Y: 0.839 
(epoch: 8, iters: 1220, time: 0.053, data: 0.002) G_GAN: 0.267 D_real: 0.355 D_fake: 0.261 G: 1.282 NCE: 1.169 NCE_Y: 0.861 
(epoch: 8, iters: 1320, time: 0.053, data: 0.002) G_GAN: 0.423 D_real: 0.171 D_fake: 0.122 G: 1.363 NCE: 1.050 NCE_Y: 0.831 
(epoch: 8, iters: 1420, time: 0.053, data: 0.001) G_GAN: 0.372 D_real: 0.328 D_fake: 0.125 G: 1.366 NCE: 1.101 NCE_Y: 0.887 
(epoch: 8, iters: 1520, time: 0.053, data: 0.001) G_GAN: 0.300 D_real: 0.161 D_fake: 0.335 G: 1.289 NCE: 1.103 NCE_Y: 0.876 
(epoch: 8, iters: 1620, time: 0.052, data: 0.001) G_GAN: 0.299 D_real: 0.227 D_fake: 0.185 G: 1.257 NCE: 1.051 NCE_Y: 0.864 
(epoch: 8, iters: 1720, time: 0.053, data: 0.001) G_GAN: 0.371 D_real: 0.247 D_fake: 0.153 G: 1.399 NCE: 1.187 NCE_Y: 0.869 
(epoch: 8, iters: 1820, time: 0.053, data: 0.001) G_GAN: 0.312 D_real: 0.250 D_fake: 0.216 G: 1.262 NCE: 1.076 NCE_Y: 0.822 
(epoch: 8, iters: 1920, time: 0.053, data: 0.001) G_GAN: 0.874 D_real: 0.012 D_fake: 0.051 G: 2.070 NCE: 1.522 NCE_Y: 0.871 
(epoch: 8, iters: 2020, time: 0.052, data: 0.002) G_GAN: 0.426 D_real: 0.180 D_fake: 0.166 G: 1.428 NCE: 1.151 NCE_Y: 0.853 
(epoch: 8, iters: 2120, time: 0.052, data: 0.001) G_GAN: 0.262 D_real: 0.300 D_fake: 0.207 G: 1.335 NCE: 1.249 NCE_Y: 0.897 
(epoch: 8, iters: 2220, time: 0.052, data: 0.002) G_GAN: 0.300 D_real: 0.198 D_fake: 0.189 G: 1.304 NCE: 1.141 NCE_Y: 0.867 
(epoch: 8, iters: 2320, time: 0.053, data: 0.001) G_GAN: 0.315 D_real: 0.122 D_fake: 0.235 G: 1.271 NCE: 1.041 NCE_Y: 0.870 
(epoch: 8, iters: 2420, time: 0.053, data: 0.001) G_GAN: 0.399 D_real: 0.336 D_fake: 0.166 G: 1.411 NCE: 1.183 NCE_Y: 0.841 
(epoch: 8, iters: 2520, time: 0.053, data: 0.001) G_GAN: 0.256 D_real: 0.414 D_fake: 0.195 G: 1.302 NCE: 1.245 NCE_Y: 0.848 
(epoch: 8, iters: 2620, time: 0.053, data: 0.001) G_GAN: 0.347 D_real: 0.352 D_fake: 0.103 G: 1.447 NCE: 1.291 NCE_Y: 0.910 
(epoch: 8, iters: 2720, time: 0.053, data: 0.001) G_GAN: 0.336 D_real: 0.230 D_fake: 0.234 G: 1.366 NCE: 1.218 NCE_Y: 0.842 
(epoch: 8, iters: 2820, time: 0.053, data: 0.002) G_GAN: 0.322 D_real: 0.173 D_fake: 0.253 G: 1.286 NCE: 1.078 NCE_Y: 0.851 
(epoch: 8, iters: 2920, time: 0.053, data: 0.002) G_GAN: 0.400 D_real: 0.107 D_fake: 0.233 G: 1.398 NCE: 1.135 NCE_Y: 0.862 
(epoch: 8, iters: 3020, time: 0.052, data: 0.001) G_GAN: 0.341 D_real: 0.153 D_fake: 0.220 G: 1.403 NCE: 1.251 NCE_Y: 0.873 
(epoch: 8, iters: 3120, time: 0.053, data: 0.001) G_GAN: 0.185 D_real: 0.433 D_fake: 0.208 G: 1.222 NCE: 1.129 NCE_Y: 0.944 
(epoch: 8, iters: 3220, time: 0.052, data: 0.001) G_GAN: 0.289 D_real: 0.130 D_fake: 0.373 G: 1.273 NCE: 1.133 NCE_Y: 0.835 
(epoch: 8, iters: 3320, time: 0.052, data: 0.001) G_GAN: 0.286 D_real: 0.133 D_fake: 0.381 G: 1.248 NCE: 1.096 NCE_Y: 0.828 
(epoch: 8, iters: 3420, time: 0.052, data: 0.001) G_GAN: 0.736 D_real: 0.128 D_fake: 0.036 G: 1.797 NCE: 1.247 NCE_Y: 0.874 
(epoch: 8, iters: 3520, time: 0.053, data: 0.001) G_GAN: 0.251 D_real: 0.455 D_fake: 0.164 G: 1.199 NCE: 1.048 NCE_Y: 0.848 
(epoch: 8, iters: 3620, time: 0.053, data: 0.001) G_GAN: 0.291 D_real: 0.142 D_fake: 0.271 G: 1.378 NCE: 1.300 NCE_Y: 0.874 
(epoch: 8, iters: 3720, time: 0.053, data: 0.001) G_GAN: 0.304 D_real: 0.087 D_fake: 0.312 G: 1.312 NCE: 1.174 NCE_Y: 0.842 
saving the latest model (epoch 8, total_iters 60000)
doctr_SELFF_to_SD_fixed_nl2
(epoch: 8, iters: 3820, time: 0.052, data: 0.002) G_GAN: 0.296 D_real: 0.114 D_fake: 0.335 G: 1.476 NCE: 1.449 NCE_Y: 0.911 
(epoch: 8, iters: 3920, time: 0.052, data: 0.001) G_GAN: 0.386 D_real: 0.136 D_fake: 0.268 G: 1.485 NCE: 1.349 NCE_Y: 0.848 
(epoch: 8, iters: 4020, time: 0.053, data: 0.002) G_GAN: 0.328 D_real: 0.219 D_fake: 0.179 G: 1.353 NCE: 1.176 NCE_Y: 0.875 
(epoch: 8, iters: 4120, time: 0.052, data: 0.001) G_GAN: 0.306 D_real: 0.218 D_fake: 0.201 G: 1.315 NCE: 1.148 NCE_Y: 0.871 
(epoch: 8, iters: 4220, time: 0.053, data: 0.001) G_GAN: 0.340 D_real: 0.162 D_fake: 0.267 G: 1.365 NCE: 1.184 NCE_Y: 0.866 
(epoch: 8, iters: 4320, time: 0.053, data: 0.002) G_GAN: 0.232 D_real: 0.288 D_fake: 0.449 G: 1.275 NCE: 1.270 NCE_Y: 0.817 
(epoch: 8, iters: 4420, time: 0.053, data: 0.002) G_GAN: 0.817 D_real: 0.343 D_fake: 0.086 G: 1.894 NCE: 1.311 NCE_Y: 0.844 
(epoch: 8, iters: 4520, time: 0.053, data: 0.001) G_GAN: 0.243 D_real: 0.309 D_fake: 0.263 G: 1.284 NCE: 1.209 NCE_Y: 0.873 
(epoch: 8, iters: 4620, time: 0.053, data: 0.001) G_GAN: 0.426 D_real: 0.147 D_fake: 0.275 G: 1.375 NCE: 1.068 NCE_Y: 0.831 
(epoch: 8, iters: 4720, time: 0.052, data: 0.001) G_GAN: 1.072 D_real: 0.062 D_fake: 0.035 G: 2.089 NCE: 1.191 NCE_Y: 0.843 
(epoch: 8, iters: 4820, time: 0.052, data: 0.001) G_GAN: 0.244 D_real: 0.347 D_fake: 0.207 G: 1.195 NCE: 1.081 NCE_Y: 0.821 
(epoch: 8, iters: 4920, time: 0.053, data: 0.002) G_GAN: 0.321 D_real: 0.199 D_fake: 0.299 G: 1.344 NCE: 1.191 NCE_Y: 0.855 
(epoch: 8, iters: 5020, time: 0.053, data: 0.002) G_GAN: 0.264 D_real: 0.231 D_fake: 0.270 G: 1.274 NCE: 1.182 NCE_Y: 0.837 
(epoch: 8, iters: 5120, time: 0.052, data: 0.001) G_GAN: 0.394 D_real: 0.093 D_fake: 0.222 G: 1.387 NCE: 1.153 NCE_Y: 0.832 
(epoch: 8, iters: 5220, time: 0.052, data: 0.001) G_GAN: 0.351 D_real: 0.105 D_fake: 0.220 G: 1.324 NCE: 1.113 NCE_Y: 0.831 
(epoch: 8, iters: 5320, time: 0.052, data: 0.001) G_GAN: 0.405 D_real: 0.118 D_fake: 0.212 G: 1.384 NCE: 1.112 NCE_Y: 0.845 
(epoch: 8, iters: 5420, time: 0.052, data: 0.001) G_GAN: 1.193 D_real: 0.297 D_fake: 0.133 G: 2.206 NCE: 1.191 NCE_Y: 0.835 
(epoch: 8, iters: 5520, time: 0.053, data: 0.001) G_GAN: 0.846 D_real: 0.047 D_fake: 0.032 G: 2.154 NCE: 1.669 NCE_Y: 0.945 
(epoch: 8, iters: 5620, time: 0.053, data: 0.001) G_GAN: 0.372 D_real: 0.161 D_fake: 0.226 G: 1.333 NCE: 1.010 NCE_Y: 0.913 
(epoch: 8, iters: 5720, time: 0.053, data: 0.001) G_GAN: 0.272 D_real: 0.287 D_fake: 0.260 G: 1.303 NCE: 1.181 NCE_Y: 0.882 
(epoch: 8, iters: 5820, time: 0.053, data: 0.001) G_GAN: 0.364 D_real: 0.431 D_fake: 0.357 G: 1.369 NCE: 1.121 NCE_Y: 0.889 
(epoch: 8, iters: 5920, time: 0.053, data: 0.001) G_GAN: 0.377 D_real: 0.137 D_fake: 0.245 G: 1.435 NCE: 1.226 NCE_Y: 0.891 
(epoch: 8, iters: 6020, time: 0.053, data: 0.002) G_GAN: 0.254 D_real: 0.239 D_fake: 0.256 G: 1.230 NCE: 1.121 NCE_Y: 0.832 
(epoch: 8, iters: 6120, time: 0.053, data: 0.002) G_GAN: 0.301 D_real: 0.139 D_fake: 0.313 G: 1.319 NCE: 1.179 NCE_Y: 0.856 
(epoch: 8, iters: 6220, time: 0.053, data: 0.002) G_GAN: 0.284 D_real: 0.321 D_fake: 0.193 G: 1.203 NCE: 1.018 NCE_Y: 0.819 
(epoch: 8, iters: 6320, time: 0.053, data: 0.001) G_GAN: 0.307 D_real: 0.155 D_fake: 0.313 G: 1.337 NCE: 1.220 NCE_Y: 0.841 
(epoch: 8, iters: 6420, time: 0.053, data: 0.001) G_GAN: 0.489 D_real: 0.089 D_fake: 0.517 G: 1.510 NCE: 1.182 NCE_Y: 0.860 
(epoch: 8, iters: 6520, time: 0.053, data: 0.001) G_GAN: 0.426 D_real: 0.130 D_fake: 0.165 G: 1.389 NCE: 1.076 NCE_Y: 0.849 
(epoch: 8, iters: 6620, time: 0.053, data: 0.001) G_GAN: 0.487 D_real: 0.092 D_fake: 0.201 G: 1.531 NCE: 1.285 NCE_Y: 0.804 
(epoch: 8, iters: 6720, time: 0.053, data: 0.001) G_GAN: 0.272 D_real: 0.371 D_fake: 0.185 G: 1.269 NCE: 1.114 NCE_Y: 0.881 
(epoch: 8, iters: 6820, time: 0.053, data: 0.002) G_GAN: 0.715 D_real: 0.160 D_fake: 0.044 G: 1.677 NCE: 1.098 NCE_Y: 0.827 
(epoch: 8, iters: 6920, time: 0.053, data: 0.001) G_GAN: 1.032 D_real: 0.052 D_fake: 0.072 G: 2.043 NCE: 1.176 NCE_Y: 0.846 
(epoch: 8, iters: 7020, time: 0.053, data: 0.001) G_GAN: 0.325 D_real: 0.154 D_fake: 0.291 G: 1.448 NCE: 1.074 NCE_Y: 1.172 
(epoch: 8, iters: 7120, time: 0.053, data: 0.001) G_GAN: 0.518 D_real: 0.180 D_fake: 0.231 G: 1.547 NCE: 1.125 NCE_Y: 0.934 
(epoch: 8, iters: 7220, time: 0.053, data: 0.001) G_GAN: 0.280 D_real: 0.053 D_fake: 0.440 G: 1.373 NCE: 1.369 NCE_Y: 0.818 
(epoch: 8, iters: 7320, time: 0.053, data: 0.001) G_GAN: 0.262 D_real: 0.147 D_fake: 0.218 G: 1.237 NCE: 1.020 NCE_Y: 0.931 
(epoch: 8, iters: 7420, time: 0.053, data: 0.001) G_GAN: 0.335 D_real: 0.110 D_fake: 0.247 G: 1.323 NCE: 1.106 NCE_Y: 0.872 
(epoch: 8, iters: 7520, time: 0.053, data: 0.001) G_GAN: 0.414 D_real: 0.307 D_fake: 0.169 G: 1.395 NCE: 1.078 NCE_Y: 0.885 
(epoch: 8, iters: 7620, time: 0.053, data: 0.002) G_GAN: 0.237 D_real: 0.422 D_fake: 0.295 G: 1.243 NCE: 1.118 NCE_Y: 0.894 
(epoch: 8, iters: 7720, time: 0.053, data: 0.002) G_GAN: 0.301 D_real: 0.374 D_fake: 0.155 G: 1.282 NCE: 1.105 NCE_Y: 0.855 
(epoch: 8, iters: 7820, time: 0.053, data: 0.001) G_GAN: 0.435 D_real: 0.142 D_fake: 0.149 G: 1.413 NCE: 1.122 NCE_Y: 0.834 
(epoch: 8, iters: 7920, time: 0.052, data: 0.001) G_GAN: 0.265 D_real: 0.345 D_fake: 0.177 G: 1.279 NCE: 1.189 NCE_Y: 0.840 
(epoch: 8, iters: 8020, time: 0.053, data: 0.002) G_GAN: 0.430 D_real: 0.246 D_fake: 0.168 G: 1.441 NCE: 1.058 NCE_Y: 0.964 
End of epoch 8 / 60 	 Time Taken: 436 sec
learning rate = 0.0002000
(epoch: 9, iters: 80, time: 0.053, data: 0.001) G_GAN: 0.265 D_real: 0.213 D_fake: 0.248 G: 1.221 NCE: 1.079 NCE_Y: 0.831 
(epoch: 9, iters: 180, time: 0.053, data: 0.001) G_GAN: 0.305 D_real: 0.320 D_fake: 0.123 G: 1.311 NCE: 1.145 NCE_Y: 0.866 
(epoch: 9, iters: 280, time: 0.053, data: 0.001) G_GAN: 0.272 D_real: 0.131 D_fake: 0.389 G: 1.241 NCE: 1.092 NCE_Y: 0.846 
(epoch: 9, iters: 380, time: 0.053, data: 0.001) G_GAN: 0.297 D_real: 0.327 D_fake: 0.178 G: 1.313 NCE: 1.219 NCE_Y: 0.813 
(epoch: 9, iters: 480, time: 0.053, data: 0.001) G_GAN: 0.611 D_real: 0.042 D_fake: 0.144 G: 1.729 NCE: 1.382 NCE_Y: 0.855 
(epoch: 9, iters: 580, time: 0.051, data: 0.002) G_GAN: 0.379 D_real: 0.059 D_fake: 0.305 G: 1.346 NCE: 1.104 NCE_Y: 0.829 
(epoch: 9, iters: 680, time: 0.050, data: 0.001) G_GAN: 0.347 D_real: 0.069 D_fake: 0.278 G: 1.264 NCE: 1.020 NCE_Y: 0.814 
saving the latest model (epoch 9, total_iters 65000)
doctr_SELFF_to_SD_fixed_nl2
(epoch: 9, iters: 780, time: 0.051, data: 0.001) G_GAN: 0.255 D_real: 0.301 D_fake: 0.178 G: 1.216 NCE: 1.077 NCE_Y: 0.844 
(epoch: 9, iters: 880, time: 0.052, data: 0.001) G_GAN: 0.366 D_real: 0.166 D_fake: 0.191 G: 1.334 NCE: 1.050 NCE_Y: 0.886 
(epoch: 9, iters: 980, time: 0.052, data: 0.001) G_GAN: 0.492 D_real: 0.168 D_fake: 0.119 G: 1.511 NCE: 1.186 NCE_Y: 0.852 
(epoch: 9, iters: 1080, time: 0.052, data: 0.001) G_GAN: 0.292 D_real: 0.293 D_fake: 0.162 G: 1.260 NCE: 1.046 NCE_Y: 0.891 
(epoch: 9, iters: 1180, time: 0.052, data: 0.001) G_GAN: 0.326 D_real: 0.293 D_fake: 0.151 G: 1.302 NCE: 1.123 NCE_Y: 0.830 
(epoch: 9, iters: 1280, time: 0.052, data: 0.001) G_GAN: 0.365 D_real: 0.241 D_fake: 0.159 G: 1.317 NCE: 1.076 NCE_Y: 0.828 
(epoch: 9, iters: 1380, time: 0.053, data: 0.001) G_GAN: 0.397 D_real: 0.439 D_fake: 0.133 G: 1.397 NCE: 1.134 NCE_Y: 0.865 
(epoch: 9, iters: 1480, time: 0.052, data: 0.001) G_GAN: 0.263 D_real: 0.149 D_fake: 0.244 G: 1.212 NCE: 1.070 NCE_Y: 0.829 
(epoch: 9, iters: 1580, time: 0.053, data: 0.001) G_GAN: 0.240 D_real: 0.350 D_fake: 0.252 G: 1.212 NCE: 1.091 NCE_Y: 0.852 
(epoch: 9, iters: 1680, time: 0.052, data: 0.001) G_GAN: 0.723 D_real: 0.066 D_fake: 0.065 G: 1.800 NCE: 1.306 NCE_Y: 0.848 
(epoch: 9, iters: 1780, time: 0.052, data: 0.001) G_GAN: 0.421 D_real: 0.140 D_fake: 0.222 G: 1.386 NCE: 1.046 NCE_Y: 0.884 
(epoch: 9, iters: 1880, time: 0.052, data: 0.001) G_GAN: 0.159 D_real: 0.396 D_fake: 0.301 G: 1.195 NCE: 1.220 NCE_Y: 0.851 
(epoch: 9, iters: 1980, time: 0.052, data: 0.001) G_GAN: 0.323 D_real: 0.308 D_fake: 0.224 G: 1.276 NCE: 1.072 NCE_Y: 0.834 
(epoch: 9, iters: 2080, time: 0.053, data: 0.002) G_GAN: 0.301 D_real: 0.320 D_fake: 0.140 G: 1.325 NCE: 1.144 NCE_Y: 0.904 
(epoch: 9, iters: 2180, time: 0.053, data: 0.001) G_GAN: 0.402 D_real: 0.074 D_fake: 0.260 G: 1.380 NCE: 1.096 NCE_Y: 0.859 
(epoch: 9, iters: 2280, time: 0.053, data: 0.001) G_GAN: 0.307 D_real: 0.371 D_fake: 0.138 G: 1.281 NCE: 1.105 NCE_Y: 0.842 
(epoch: 9, iters: 2380, time: 0.053, data: 0.001) G_GAN: 0.219 D_real: 0.265 D_fake: 0.352 G: 1.255 NCE: 1.228 NCE_Y: 0.845 
(epoch: 9, iters: 2480, time: 0.053, data: 0.002) G_GAN: 0.257 D_real: 0.348 D_fake: 0.198 G: 1.232 NCE: 1.071 NCE_Y: 0.881 
(epoch: 9, iters: 2580, time: 0.053, data: 0.001) G_GAN: 0.370 D_real: 0.113 D_fake: 0.216 G: 1.357 NCE: 1.127 NCE_Y: 0.848 
(epoch: 9, iters: 2680, time: 0.053, data: 0.001) G_GAN: 0.799 D_real: 0.139 D_fake: 0.071 G: 1.753 NCE: 1.005 NCE_Y: 0.903 
(epoch: 9, iters: 2780, time: 0.053, data: 0.001) G_GAN: 0.694 D_real: 0.012 D_fake: 0.318 G: 1.690 NCE: 1.147 NCE_Y: 0.846 
(epoch: 9, iters: 2880, time: 0.053, data: 0.002) G_GAN: 0.209 D_real: 0.211 D_fake: 0.276 G: 1.233 NCE: 1.207 NCE_Y: 0.842 
(epoch: 9, iters: 2980, time: 0.053, data: 0.001) G_GAN: 0.198 D_real: 0.149 D_fake: 0.397 G: 1.149 NCE: 1.044 NCE_Y: 0.858 
(epoch: 9, iters: 3080, time: 0.053, data: 0.001) G_GAN: 0.209 D_real: 0.409 D_fake: 0.201 G: 1.220 NCE: 1.125 NCE_Y: 0.897 
(epoch: 9, iters: 3180, time: 0.053, data: 0.002) G_GAN: 0.470 D_real: 0.097 D_fake: 0.136 G: 1.481 NCE: 1.113 NCE_Y: 0.910 
(epoch: 9, iters: 3280, time: 0.053, data: 0.001) G_GAN: 0.331 D_real: 0.318 D_fake: 0.187 G: 1.439 NCE: 1.370 NCE_Y: 0.846 
(epoch: 9, iters: 3380, time: 0.053, data: 0.002) G_GAN: 0.449 D_real: 0.326 D_fake: 0.085 G: 1.440 NCE: 1.167 NCE_Y: 0.815 
(epoch: 9, iters: 3480, time: 0.053, data: 0.001) G_GAN: 0.351 D_real: 0.136 D_fake: 0.249 G: 1.280 NCE: 0.998 NCE_Y: 0.860 
(epoch: 9, iters: 3580, time: 0.053, data: 0.001) G_GAN: 0.343 D_real: 0.243 D_fake: 0.259 G: 1.323 NCE: 1.099 NCE_Y: 0.861 
(epoch: 9, iters: 3680, time: 0.053, data: 0.001) G_GAN: 0.348 D_real: 0.237 D_fake: 0.138 G: 1.357 NCE: 1.145 NCE_Y: 0.874 
(epoch: 9, iters: 3780, time: 0.053, data: 0.001) G_GAN: 0.424 D_real: 0.124 D_fake: 0.176 G: 1.376 NCE: 1.079 NCE_Y: 0.825 
(epoch: 9, iters: 3880, time: 0.053, data: 0.001) G_GAN: 0.571 D_real: 0.042 D_fake: 0.179 G: 1.523 NCE: 1.088 NCE_Y: 0.818 
(epoch: 9, iters: 3980, time: 0.052, data: 0.001) G_GAN: 0.201 D_real: 0.352 D_fake: 0.181 G: 1.268 NCE: 1.267 NCE_Y: 0.868 
(epoch: 9, iters: 4080, time: 0.052, data: 0.001) G_GAN: 0.361 D_real: 0.201 D_fake: 0.185 G: 1.390 NCE: 1.194 NCE_Y: 0.864 
(epoch: 9, iters: 4180, time: 0.052, data: 0.001) G_GAN: 0.334 D_real: 0.192 D_fake: 0.191 G: 1.284 NCE: 1.079 NCE_Y: 0.822 
(epoch: 9, iters: 4280, time: 0.052, data: 0.001) G_GAN: 0.239 D_real: 0.172 D_fake: 0.294 G: 1.292 NCE: 1.247 NCE_Y: 0.858 
(epoch: 9, iters: 4380, time: 0.053, data: 0.001) G_GAN: 0.394 D_real: 0.080 D_fake: 0.325 G: 1.453 NCE: 1.234 NCE_Y: 0.886 
(epoch: 9, iters: 4480, time: 0.052, data: 0.001) G_GAN: 0.885 D_real: 0.041 D_fake: 0.057 G: 1.927 NCE: 1.232 NCE_Y: 0.853 
(epoch: 9, iters: 4580, time: 0.052, data: 0.001) G_GAN: 1.069 D_real: 0.013 D_fake: 0.011 G: 2.289 NCE: 1.376 NCE_Y: 1.064 
(epoch: 9, iters: 4680, time: 0.053, data: 0.001) G_GAN: 1.036 D_real: 0.005 D_fake: 0.012 G: 2.209 NCE: 1.308 NCE_Y: 1.037 
(epoch: 9, iters: 4780, time: 0.053, data: 0.001) G_GAN: 1.002 D_real: 0.015 D_fake: 0.024 G: 2.232 NCE: 1.407 NCE_Y: 1.053 
(epoch: 9, iters: 4880, time: 0.053, data: 0.001) G_GAN: 1.040 D_real: 0.007 D_fake: 0.017 G: 2.272 NCE: 1.362 NCE_Y: 1.102 
(epoch: 9, iters: 4980, time: 0.052, data: 0.001) G_GAN: 0.906 D_real: 0.010 D_fake: 0.034 G: 2.057 NCE: 1.255 NCE_Y: 1.048 
(epoch: 9, iters: 5080, time: 0.052, data: 0.001) G_GAN: 0.534 D_real: 0.133 D_fake: 0.154 G: 1.547 NCE: 1.019 NCE_Y: 1.007 
(epoch: 9, iters: 5180, time: 0.052, data: 0.001) G_GAN: 0.473 D_real: 0.101 D_fake: 0.300 G: 1.406 NCE: 1.007 NCE_Y: 0.860 
(epoch: 9, iters: 5280, time: 0.052, data: 0.001) G_GAN: 0.299 D_real: 0.136 D_fake: 0.355 G: 1.296 NCE: 1.098 NCE_Y: 0.897 
(epoch: 9, iters: 5380, time: 0.053, data: 0.001) G_GAN: 0.276 D_real: 0.379 D_fake: 0.215 G: 1.284 NCE: 1.153 NCE_Y: 0.862 
(epoch: 9, iters: 5480, time: 0.053, data: 0.001) G_GAN: 0.338 D_real: 0.146 D_fake: 0.299 G: 1.331 NCE: 1.134 NCE_Y: 0.852 
(epoch: 9, iters: 5580, time: 0.052, data: 0.001) G_GAN: 0.918 D_real: 0.055 D_fake: 0.031 G: 1.979 NCE: 1.287 NCE_Y: 0.836 
(epoch: 9, iters: 5680, time: 0.052, data: 0.001) G_GAN: 0.275 D_real: 0.166 D_fake: 0.230 G: 1.338 NCE: 1.285 NCE_Y: 0.840 
saving the latest model (epoch 9, total_iters 70000)
doctr_SELFF_to_SD_fixed_nl2
(epoch: 9, iters: 5780, time: 0.052, data: 0.001) G_GAN: 0.710 D_real: 0.179 D_fake: 0.197 G: 1.710 NCE: 1.147 NCE_Y: 0.854 
(epoch: 9, iters: 5880, time: 0.052, data: 0.001) G_GAN: 0.385 D_real: 0.137 D_fake: 0.195 G: 1.357 NCE: 1.101 NCE_Y: 0.843 
(epoch: 9, iters: 5980, time: 0.052, data: 0.001) G_GAN: 0.194 D_real: 0.273 D_fake: 0.274 G: 1.217 NCE: 1.191 NCE_Y: 0.855 
(epoch: 9, iters: 6080, time: 0.053, data: 0.002) G_GAN: 0.196 D_real: 0.243 D_fake: 0.380 G: 1.327 NCE: 1.425 NCE_Y: 0.836 
(epoch: 9, iters: 6180, time: 0.052, data: 0.001) G_GAN: 0.252 D_real: 0.172 D_fake: 0.391 G: 1.283 NCE: 1.260 NCE_Y: 0.803 
(epoch: 9, iters: 6280, time: 0.052, data: 0.001) G_GAN: 0.282 D_real: 0.209 D_fake: 0.267 G: 1.282 NCE: 1.095 NCE_Y: 0.904 
(epoch: 9, iters: 6380, time: 0.052, data: 0.001) G_GAN: 0.261 D_real: 0.203 D_fake: 0.218 G: 1.242 NCE: 1.142 NCE_Y: 0.821 
(epoch: 9, iters: 6480, time: 0.052, data: 0.001) G_GAN: 0.362 D_real: 0.107 D_fake: 0.279 G: 1.328 NCE: 1.096 NCE_Y: 0.836 
(epoch: 9, iters: 6580, time: 0.053, data: 0.001) G_GAN: 0.282 D_real: 0.225 D_fake: 0.222 G: 1.289 NCE: 1.182 NCE_Y: 0.832 
(epoch: 9, iters: 6680, time: 0.053, data: 0.001) G_GAN: 0.285 D_real: 0.180 D_fake: 0.349 G: 1.245 NCE: 1.076 NCE_Y: 0.844 
(epoch: 9, iters: 6780, time: 0.053, data: 0.001) G_GAN: 0.377 D_real: 0.241 D_fake: 0.198 G: 1.382 NCE: 1.179 NCE_Y: 0.832 
(epoch: 9, iters: 6880, time: 0.053, data: 0.001) G_GAN: 0.406 D_real: 0.251 D_fake: 0.263 G: 1.446 NCE: 1.111 NCE_Y: 0.968 
(epoch: 9, iters: 6980, time: 0.053, data: 0.001) G_GAN: 0.418 D_real: 0.164 D_fake: 0.324 G: 1.396 NCE: 1.107 NCE_Y: 0.849 
(epoch: 9, iters: 7080, time: 0.053, data: 0.001) G_GAN: 0.345 D_real: 0.171 D_fake: 0.222 G: 1.348 NCE: 1.183 NCE_Y: 0.823 
(epoch: 9, iters: 7180, time: 0.053, data: 0.003) G_GAN: 0.392 D_real: 0.181 D_fake: 0.173 G: 1.378 NCE: 1.141 NCE_Y: 0.831 
(epoch: 9, iters: 7280, time: 0.053, data: 0.001) G_GAN: 0.222 D_real: 0.265 D_fake: 0.234 G: 1.221 NCE: 1.181 NCE_Y: 0.817 
(epoch: 9, iters: 7380, time: 0.053, data: 0.002) G_GAN: 0.222 D_real: 0.314 D_fake: 0.220 G: 1.220 NCE: 1.136 NCE_Y: 0.860 
(epoch: 9, iters: 7480, time: 0.053, data: 0.001) G_GAN: 0.320 D_real: 0.329 D_fake: 0.297 G: 1.256 NCE: 1.064 NCE_Y: 0.807 
(epoch: 9, iters: 7580, time: 0.053, data: 0.001) G_GAN: 0.343 D_real: 0.145 D_fake: 0.220 G: 1.332 NCE: 1.159 NCE_Y: 0.817 
(epoch: 9, iters: 7680, time: 0.053, data: 0.001) G_GAN: 0.316 D_real: 0.185 D_fake: 0.222 G: 1.349 NCE: 1.244 NCE_Y: 0.822 
(epoch: 9, iters: 7780, time: 0.053, data: 0.001) G_GAN: 0.277 D_real: 0.508 D_fake: 0.160 G: 1.377 NCE: 1.216 NCE_Y: 0.984 
(epoch: 9, iters: 7880, time: 0.053, data: 0.001) G_GAN: 0.327 D_real: 0.091 D_fake: 0.354 G: 1.315 NCE: 1.139 NCE_Y: 0.837 
(epoch: 9, iters: 7980, time: 0.053, data: 0.001) G_GAN: 0.301 D_real: 0.136 D_fake: 0.434 G: 1.268 NCE: 1.068 NCE_Y: 0.866 
End of epoch 9 / 60 	 Time Taken: 436 sec
learning rate = 0.0002000
(epoch: 10, iters: 40, time: 0.052, data: 0.001) G_GAN: 0.404 D_real: 0.262 D_fake: 0.149 G: 1.369 NCE: 1.059 NCE_Y: 0.871 
(epoch: 10, iters: 140, time: 0.053, data: 0.001) G_GAN: 0.248 D_real: 0.385 D_fake: 0.130 G: 1.166 NCE: 1.008 NCE_Y: 0.830 
(epoch: 10, iters: 240, time: 0.052, data: 0.001) G_GAN: 0.259 D_real: 0.391 D_fake: 0.174 G: 1.226 NCE: 1.080 NCE_Y: 0.853 
(epoch: 10, iters: 340, time: 0.052, data: 0.001) G_GAN: 0.397 D_real: 0.117 D_fake: 0.145 G: 1.374 NCE: 1.129 NCE_Y: 0.825 
(epoch: 10, iters: 440, time: 0.052, data: 0.001) G_GAN: 0.355 D_real: 0.169 D_fake: 0.295 G: 1.497 NCE: 1.400 NCE_Y: 0.882 
(epoch: 10, iters: 540, time: 0.053, data: 0.001) G_GAN: 1.027 D_real: 0.015 D_fake: 0.012 G: 2.451 NCE: 1.863 NCE_Y: 0.985 
(epoch: 10, iters: 640, time: 0.052, data: 0.001) G_GAN: 1.126 D_real: 0.111 D_fake: 0.103 G: 2.162 NCE: 1.134 NCE_Y: 0.938 
(epoch: 10, iters: 740, time: 0.053, data: 0.002) G_GAN: 0.524 D_real: 0.077 D_fake: 0.046 G: 1.505 NCE: 1.118 NCE_Y: 0.843 
(epoch: 10, iters: 840, time: 0.053, data: 0.001) G_GAN: 0.398 D_real: 0.086 D_fake: 0.424 G: 1.419 NCE: 1.172 NCE_Y: 0.870 
(epoch: 10, iters: 940, time: 0.053, data: 0.001) G_GAN: 0.757 D_real: 0.039 D_fake: 0.028 G: 1.772 NCE: 1.193 NCE_Y: 0.837 
(epoch: 10, iters: 1040, time: 0.053, data: 0.002) G_GAN: 0.322 D_real: 0.252 D_fake: 0.172 G: 1.254 NCE: 1.037 NCE_Y: 0.826 
(epoch: 10, iters: 1140, time: 0.053, data: 0.001) G_GAN: 0.156 D_real: 0.134 D_fake: 0.441 G: 1.153 NCE: 1.154 NCE_Y: 0.839 
(epoch: 10, iters: 1240, time: 0.053, data: 0.001) G_GAN: 0.364 D_real: 0.335 D_fake: 0.109 G: 1.320 NCE: 1.073 NCE_Y: 0.840 
(epoch: 10, iters: 1340, time: 0.053, data: 0.001) G_GAN: 0.331 D_real: 0.235 D_fake: 0.158 G: 1.275 NCE: 1.074 NCE_Y: 0.815 
(epoch: 10, iters: 1440, time: 0.053, data: 0.001) G_GAN: 0.216 D_real: 0.341 D_fake: 0.275 G: 1.204 NCE: 1.127 NCE_Y: 0.848 
(epoch: 10, iters: 1540, time: 0.053, data: 0.001) G_GAN: 0.292 D_real: 0.222 D_fake: 0.199 G: 1.228 NCE: 1.048 NCE_Y: 0.824 
(epoch: 10, iters: 1640, time: 0.053, data: 0.001) G_GAN: 0.283 D_real: 0.432 D_fake: 0.149 G: 1.306 NCE: 1.232 NCE_Y: 0.816 
(epoch: 10, iters: 1740, time: 0.053, data: 0.002) G_GAN: 0.306 D_real: 0.117 D_fake: 0.325 G: 1.287 NCE: 1.149 NCE_Y: 0.813 
(epoch: 10, iters: 1840, time: 0.053, data: 0.002) G_GAN: 0.329 D_real: 0.072 D_fake: 0.364 G: 1.330 NCE: 1.167 NCE_Y: 0.834 
(epoch: 10, iters: 1940, time: 0.053, data: 0.001) G_GAN: 0.395 D_real: 0.138 D_fake: 0.230 G: 1.458 NCE: 1.274 NCE_Y: 0.852 
(epoch: 10, iters: 2040, time: 0.053, data: 0.001) G_GAN: 0.206 D_real: 0.182 D_fake: 0.359 G: 1.252 NCE: 1.184 NCE_Y: 0.909 
(epoch: 10, iters: 2140, time: 0.053, data: 0.001) G_GAN: 0.307 D_real: 0.264 D_fake: 0.205 G: 1.461 NCE: 1.385 NCE_Y: 0.923 
(epoch: 10, iters: 2240, time: 0.052, data: 0.001) G_GAN: 0.266 D_real: 0.192 D_fake: 0.268 G: 1.287 NCE: 1.210 NCE_Y: 0.832 
(epoch: 10, iters: 2340, time: 0.053, data: 0.002) G_GAN: 0.337 D_real: 0.188 D_fake: 0.330 G: 1.316 NCE: 1.072 NCE_Y: 0.887 
(epoch: 10, iters: 2440, time: 0.053, data: 0.001) G_GAN: 0.292 D_real: 0.370 D_fake: 0.156 G: 1.260 NCE: 1.070 NCE_Y: 0.865 
(epoch: 10, iters: 2540, time: 0.053, data: 0.001) G_GAN: 0.480 D_real: 0.259 D_fake: 0.088 G: 1.528 NCE: 1.164 NCE_Y: 0.933 
(epoch: 10, iters: 2640, time: 0.052, data: 0.001) G_GAN: 0.366 D_real: 0.270 D_fake: 0.205 G: 1.362 NCE: 1.164 NCE_Y: 0.827 
saving the latest model (epoch 10, total_iters 75000)
doctr_SELFF_to_SD_fixed_nl2
(epoch: 10, iters: 2740, time: 0.053, data: 0.001) G_GAN: 0.277 D_real: 0.141 D_fake: 0.316 G: 1.265 NCE: 1.153 NCE_Y: 0.823 
(epoch: 10, iters: 2840, time: 0.052, data: 0.001) G_GAN: 0.277 D_real: 0.218 D_fake: 0.249 G: 1.257 NCE: 1.163 NCE_Y: 0.797 
(epoch: 10, iters: 2940, time: 0.053, data: 0.001) G_GAN: 0.366 D_real: 0.150 D_fake: 0.304 G: 1.291 NCE: 1.050 NCE_Y: 0.799 
(epoch: 10, iters: 3040, time: 0.053, data: 0.001) G_GAN: 0.408 D_real: 0.168 D_fake: 0.191 G: 1.425 NCE: 1.200 NCE_Y: 0.835 
(epoch: 10, iters: 3140, time: 0.053, data: 0.001) G_GAN: 0.377 D_real: 0.248 D_fake: 0.319 G: 1.363 NCE: 1.143 NCE_Y: 0.829 
(epoch: 10, iters: 3240, time: 0.053, data: 0.001) G_GAN: 0.400 D_real: 0.111 D_fake: 0.289 G: 1.422 NCE: 1.187 NCE_Y: 0.857 
(epoch: 10, iters: 3340, time: 0.053, data: 0.001) G_GAN: 0.391 D_real: 0.166 D_fake: 0.174 G: 1.379 NCE: 1.156 NCE_Y: 0.819 
(epoch: 10, iters: 3440, time: 0.053, data: 0.001) G_GAN: 0.240 D_real: 0.408 D_fake: 0.185 G: 1.199 NCE: 1.069 NCE_Y: 0.850 
(epoch: 10, iters: 3540, time: 0.053, data: 0.001) G_GAN: 0.269 D_real: 0.163 D_fake: 0.292 G: 1.234 NCE: 1.123 NCE_Y: 0.809 
(epoch: 10, iters: 3640, time: 0.053, data: 0.001) G_GAN: 0.349 D_real: 0.318 D_fake: 0.137 G: 1.359 NCE: 1.164 NCE_Y: 0.857 
(epoch: 10, iters: 3740, time: 0.053, data: 0.001) G_GAN: 0.168 D_real: 0.288 D_fake: 0.395 G: 1.205 NCE: 1.267 NCE_Y: 0.808 
(epoch: 10, iters: 3840, time: 0.053, data: 0.001) G_GAN: 0.303 D_real: 0.235 D_fake: 0.176 G: 1.260 NCE: 1.085 NCE_Y: 0.828 
(epoch: 10, iters: 3940, time: 0.053, data: 0.001) G_GAN: 0.230 D_real: 0.180 D_fake: 0.319 G: 1.186 NCE: 1.068 NCE_Y: 0.845 
(epoch: 10, iters: 4040, time: 0.053, data: 0.001) G_GAN: 0.423 D_real: 0.114 D_fake: 0.387 G: 1.348 NCE: 1.030 NCE_Y: 0.819 
(epoch: 10, iters: 4140, time: 0.053, data: 0.002) G_GAN: 0.241 D_real: 0.257 D_fake: 0.241 G: 1.232 NCE: 1.134 NCE_Y: 0.848 
(epoch: 10, iters: 4240, time: 0.052, data: 0.001) G_GAN: 0.315 D_real: 0.226 D_fake: 0.260 G: 1.258 NCE: 1.013 NCE_Y: 0.872 
(epoch: 10, iters: 4340, time: 0.053, data: 0.001) G_GAN: 0.202 D_real: 0.207 D_fake: 0.417 G: 1.257 NCE: 1.260 NCE_Y: 0.850 
(epoch: 10, iters: 4440, time: 0.053, data: 0.001) G_GAN: 0.280 D_real: 0.335 D_fake: 0.144 G: 1.227 NCE: 1.058 NCE_Y: 0.837 
(epoch: 10, iters: 4540, time: 0.053, data: 0.001) G_GAN: 0.750 D_real: 0.271 D_fake: 0.043 G: 1.905 NCE: 1.425 NCE_Y: 0.886 
(epoch: 10, iters: 4640, time: 0.052, data: 0.002) G_GAN: 1.105 D_real: 0.027 D_fake: 0.030 G: 2.228 NCE: 1.334 NCE_Y: 0.911 
(epoch: 10, iters: 4740, time: 0.053, data: 0.002) G_GAN: 0.993 D_real: 0.009 D_fake: 0.007 G: 2.148 NCE: 1.328 NCE_Y: 0.983 
(epoch: 10, iters: 4840, time: 0.053, data: 0.001) G_GAN: 0.994 D_real: 0.007 D_fake: 0.008 G: 2.252 NCE: 1.502 NCE_Y: 1.014 
(epoch: 10, iters: 4940, time: 0.053, data: 0.001) G_GAN: 0.987 D_real: 0.003 D_fake: 0.008 G: 2.125 NCE: 1.329 NCE_Y: 0.948 
(epoch: 10, iters: 5040, time: 0.053, data: 0.001) G_GAN: 1.004 D_real: 0.003 D_fake: 0.010 G: 2.167 NCE: 1.438 NCE_Y: 0.887 
(epoch: 10, iters: 5140, time: 0.053, data: 0.001) G_GAN: 1.029 D_real: 0.005 D_fake: 0.023 G: 2.153 NCE: 1.336 NCE_Y: 0.910 
(epoch: 10, iters: 5240, time: 0.053, data: 0.002) G_GAN: 1.043 D_real: 0.004 D_fake: 0.008 G: 2.213 NCE: 1.424 NCE_Y: 0.915 
(epoch: 10, iters: 5340, time: 0.053, data: 0.001) G_GAN: 0.881 D_real: 0.009 D_fake: 0.029 G: 2.145 NCE: 1.628 NCE_Y: 0.901 
(epoch: 10, iters: 5440, time: 0.053, data: 0.001) G_GAN: 0.999 D_real: 0.015 D_fake: 0.013 G: 2.225 NCE: 1.548 NCE_Y: 0.905 
(epoch: 10, iters: 5540, time: 0.053, data: 0.001) G_GAN: 0.936 D_real: 0.023 D_fake: 0.098 G: 1.869 NCE: 0.966 NCE_Y: 0.899 
(epoch: 10, iters: 5640, time: 0.053, data: 0.001) G_GAN: 0.556 D_real: 0.067 D_fake: 0.163 G: 1.536 NCE: 1.095 NCE_Y: 0.866 
(epoch: 10, iters: 5740, time: 0.053, data: 0.001) G_GAN: 0.332 D_real: 0.203 D_fake: 0.177 G: 1.344 NCE: 1.049 NCE_Y: 0.974 
(epoch: 10, iters: 5840, time: 0.053, data: 0.001) G_GAN: 0.327 D_real: 0.190 D_fake: 0.197 G: 1.309 NCE: 1.124 NCE_Y: 0.838 
(epoch: 10, iters: 5940, time: 0.053, data: 0.001) G_GAN: 0.524 D_real: 0.075 D_fake: 0.257 G: 1.579 NCE: 1.209 NCE_Y: 0.902 
(epoch: 10, iters: 6040, time: 0.053, data: 0.001) G_GAN: 0.219 D_real: 0.403 D_fake: 0.306 G: 1.315 NCE: 1.260 NCE_Y: 0.931 
(epoch: 10, iters: 6140, time: 0.053, data: 0.001) G_GAN: 0.378 D_real: 0.157 D_fake: 0.204 G: 1.363 NCE: 1.114 NCE_Y: 0.855 
(epoch: 10, iters: 6240, time: 0.053, data: 0.001) G_GAN: 0.250 D_real: 0.324 D_fake: 0.241 G: 1.265 NCE: 1.183 NCE_Y: 0.847 
(epoch: 10, iters: 6340, time: 0.053, data: 0.002) G_GAN: 0.327 D_real: 0.118 D_fake: 0.279 G: 1.327 NCE: 1.188 NCE_Y: 0.811 
(epoch: 10, iters: 6440, time: 0.052, data: 0.001) G_GAN: 0.209 D_real: 0.216 D_fake: 0.359 G: 1.197 NCE: 1.163 NCE_Y: 0.813 
(epoch: 10, iters: 6540, time: 0.052, data: 0.002) G_GAN: 0.457 D_real: 0.124 D_fake: 0.200 G: 1.423 NCE: 1.120 NCE_Y: 0.812 
(epoch: 10, iters: 6640, time: 0.052, data: 0.001) G_GAN: 0.298 D_real: 0.282 D_fake: 0.248 G: 1.323 NCE: 1.150 NCE_Y: 0.901 
(epoch: 10, iters: 6740, time: 0.052, data: 0.001) G_GAN: 0.217 D_real: 0.179 D_fake: 0.404 G: 1.179 NCE: 1.118 NCE_Y: 0.805 
(epoch: 10, iters: 6840, time: 0.052, data: 0.001) G_GAN: 0.288 D_real: 0.086 D_fake: 0.340 G: 1.285 NCE: 1.140 NCE_Y: 0.856 
(epoch: 10, iters: 6940, time: 0.052, data: 0.001) G_GAN: 0.277 D_real: 0.282 D_fake: 0.249 G: 1.302 NCE: 1.218 NCE_Y: 0.833 
(epoch: 10, iters: 7040, time: 0.052, data: 0.001) G_GAN: 0.318 D_real: 0.235 D_fake: 0.208 G: 1.292 NCE: 1.106 NCE_Y: 0.842 
(epoch: 10, iters: 7140, time: 0.052, data: 0.001) G_GAN: 0.291 D_real: 0.395 D_fake: 0.241 G: 1.301 NCE: 1.179 NCE_Y: 0.840 
(epoch: 10, iters: 7240, time: 0.052, data: 0.001) G_GAN: 0.294 D_real: 0.228 D_fake: 0.234 G: 1.280 NCE: 1.151 NCE_Y: 0.821 
(epoch: 10, iters: 7340, time: 0.052, data: 0.001) G_GAN: 0.359 D_real: 0.102 D_fake: 0.273 G: 1.351 NCE: 1.174 NCE_Y: 0.810 
(epoch: 10, iters: 7440, time: 0.052, data: 0.001) G_GAN: 0.310 D_real: 0.241 D_fake: 0.262 G: 1.290 NCE: 1.047 NCE_Y: 0.913 
(epoch: 10, iters: 7540, time: 0.052, data: 0.001) G_GAN: 0.371 D_real: 0.369 D_fake: 0.112 G: 1.330 NCE: 1.052 NCE_Y: 0.866 
(epoch: 10, iters: 7640, time: 0.052, data: 0.001) G_GAN: 0.377 D_real: 0.152 D_fake: 0.374 G: 1.336 NCE: 1.037 NCE_Y: 0.881 
saving the latest model (epoch 10, total_iters 80000)
doctr_SELFF_to_SD_fixed_nl2
(epoch: 10, iters: 7740, time: 0.052, data: 0.001) G_GAN: 0.277 D_real: 0.175 D_fake: 0.277 G: 1.239 NCE: 1.081 NCE_Y: 0.844 
(epoch: 10, iters: 7840, time: 0.052, data: 0.001) G_GAN: 0.469 D_real: 0.111 D_fake: 0.273 G: 1.458 NCE: 1.142 NCE_Y: 0.836 
(epoch: 10, iters: 7940, time: 0.053, data: 0.001) G_GAN: 0.457 D_real: 0.275 D_fake: 0.083 G: 1.459 NCE: 1.145 NCE_Y: 0.859 
(epoch: 10, iters: 8040, time: 0.052, data: 0.002) G_GAN: 0.316 D_real: 0.263 D_fake: 0.214 G: 1.376 NCE: 1.085 NCE_Y: 1.034 
saving the model at the end of epoch 10, iters 80400
End of epoch 10 / 60 	 Time Taken: 436 sec
learning rate = 0.0002000
(epoch: 11, iters: 100, time: 0.052, data: 0.137) G_GAN: 0.248 D_real: 0.227 D_fake: 0.288 G: 1.270 NCE: 1.216 NCE_Y: 0.827 
(epoch: 11, iters: 200, time: 0.052, data: 0.001) G_GAN: 0.413 D_real: 0.392 D_fake: 0.087 G: 1.395 NCE: 1.125 NCE_Y: 0.839 
(epoch: 11, iters: 300, time: 0.052, data: 0.001) G_GAN: 0.358 D_real: 0.242 D_fake: 0.147 G: 1.361 NCE: 1.164 NCE_Y: 0.841 
(epoch: 11, iters: 400, time: 0.053, data: 0.001) G_GAN: 0.272 D_real: 0.305 D_fake: 0.241 G: 1.295 NCE: 1.181 NCE_Y: 0.863 
(epoch: 11, iters: 500, time: 0.053, data: 0.002) G_GAN: 0.261 D_real: 0.245 D_fake: 0.267 G: 1.260 NCE: 1.195 NCE_Y: 0.804 
(epoch: 11, iters: 600, time: 0.053, data: 0.001) G_GAN: 0.689 D_real: 0.131 D_fake: 0.625 G: 1.675 NCE: 1.123 NCE_Y: 0.850 
(epoch: 11, iters: 700, time: 0.053, data: 0.001) G_GAN: 0.276 D_real: 0.154 D_fake: 0.324 G: 1.285 NCE: 1.185 NCE_Y: 0.834 
(epoch: 11, iters: 800, time: 0.053, data: 0.001) G_GAN: 0.291 D_real: 0.335 D_fake: 0.246 G: 1.325 NCE: 1.218 NCE_Y: 0.850 
(epoch: 11, iters: 900, time: 0.053, data: 0.001) G_GAN: 0.285 D_real: 0.220 D_fake: 0.204 G: 1.321 NCE: 1.169 NCE_Y: 0.904 
(epoch: 11, iters: 1000, time: 0.053, data: 0.001) G_GAN: 0.340 D_real: 0.148 D_fake: 0.285 G: 1.336 NCE: 1.160 NCE_Y: 0.832 
(epoch: 11, iters: 1100, time: 0.053, data: 0.002) G_GAN: 0.310 D_real: 0.175 D_fake: 0.239 G: 1.308 NCE: 1.146 NCE_Y: 0.851 
(epoch: 11, iters: 1200, time: 0.053, data: 0.001) G_GAN: 0.221 D_real: 0.289 D_fake: 0.245 G: 1.214 NCE: 1.150 NCE_Y: 0.836 
(epoch: 11, iters: 1300, time: 0.053, data: 0.002) G_GAN: 0.262 D_real: 0.127 D_fake: 0.460 G: 1.253 NCE: 1.145 NCE_Y: 0.837 
(epoch: 11, iters: 1400, time: 0.053, data: 0.001) G_GAN: 0.253 D_real: 0.208 D_fake: 0.168 G: 1.257 NCE: 1.156 NCE_Y: 0.852 
(epoch: 11, iters: 1500, time: 0.053, data: 0.001) G_GAN: 0.300 D_real: 0.180 D_fake: 0.209 G: 1.308 NCE: 1.219 NCE_Y: 0.798 
(epoch: 11, iters: 1600, time: 0.053, data: 0.001) G_GAN: 0.283 D_real: 0.555 D_fake: 0.114 G: 1.280 NCE: 1.138 NCE_Y: 0.856 
(epoch: 11, iters: 1700, time: 0.053, data: 0.002) G_GAN: 0.359 D_real: 0.432 D_fake: 0.097 G: 1.285 NCE: 1.027 NCE_Y: 0.825 
(epoch: 11, iters: 1800, time: 0.053, data: 0.001) G_GAN: 0.454 D_real: 0.134 D_fake: 0.168 G: 1.389 NCE: 1.005 NCE_Y: 0.865 
(epoch: 11, iters: 1900, time: 0.053, data: 0.001) G_GAN: 0.191 D_real: 0.252 D_fake: 0.317 G: 1.195 NCE: 1.170 NCE_Y: 0.839 
(epoch: 11, iters: 2000, time: 0.053, data: 0.001) G_GAN: 0.204 D_real: 0.224 D_fake: 0.340 G: 1.227 NCE: 1.218 NCE_Y: 0.827 
(epoch: 11, iters: 2100, time: 0.053, data: 0.003) G_GAN: 0.289 D_real: 0.230 D_fake: 0.250 G: 1.244 NCE: 1.091 NCE_Y: 0.819 
(epoch: 11, iters: 2200, time: 0.053, data: 0.001) G_GAN: 0.871 D_real: 0.042 D_fake: 0.057 G: 1.960 NCE: 1.377 NCE_Y: 0.801 
(epoch: 11, iters: 2300, time: 0.052, data: 0.001) G_GAN: 1.068 D_real: 0.105 D_fake: 0.028 G: 2.254 NCE: 1.443 NCE_Y: 0.929 
(epoch: 11, iters: 2400, time: 0.052, data: 0.001) G_GAN: 1.192 D_real: 0.015 D_fake: 0.053 G: 2.397 NCE: 1.425 NCE_Y: 0.984 
(epoch: 11, iters: 2500, time: 0.053, data: 0.002) G_GAN: 0.932 D_real: 0.055 D_fake: 0.023 G: 1.928 NCE: 1.059 NCE_Y: 0.934 
(epoch: 11, iters: 2600, time: 0.053, data: 0.001) G_GAN: 0.281 D_real: 0.253 D_fake: 0.196 G: 1.258 NCE: 1.083 NCE_Y: 0.871 
(epoch: 11, iters: 2700, time: 0.053, data: 0.002) G_GAN: 0.290 D_real: 0.210 D_fake: 0.242 G: 1.328 NCE: 1.205 NCE_Y: 0.870 
(epoch: 11, iters: 2800, time: 0.053, data: 0.001) G_GAN: 0.322 D_real: 0.291 D_fake: 0.208 G: 1.300 NCE: 1.116 NCE_Y: 0.840 
(epoch: 11, iters: 2900, time: 0.053, data: 0.001) G_GAN: 0.294 D_real: 0.122 D_fake: 0.304 G: 1.360 NCE: 1.309 NCE_Y: 0.824 
(epoch: 11, iters: 3000, time: 0.053, data: 0.001) G_GAN: 0.344 D_real: 0.323 D_fake: 0.160 G: 1.346 NCE: 1.162 NCE_Y: 0.842 
(epoch: 11, iters: 3100, time: 0.052, data: 0.001) G_GAN: 0.241 D_real: 0.197 D_fake: 0.292 G: 1.210 NCE: 1.112 NCE_Y: 0.826 
(epoch: 11, iters: 3200, time: 0.052, data: 0.001) G_GAN: 0.300 D_real: 0.185 D_fake: 0.279 G: 1.287 NCE: 1.156 NCE_Y: 0.818 
(epoch: 11, iters: 3300, time: 0.052, data: 0.001) G_GAN: 0.368 D_real: 0.117 D_fake: 0.257 G: 1.315 NCE: 1.049 NCE_Y: 0.846 
(epoch: 11, iters: 3400, time: 0.052, data: 0.001) G_GAN: 0.239 D_real: 0.225 D_fake: 0.367 G: 1.219 NCE: 1.054 NCE_Y: 0.905 
(epoch: 11, iters: 3500, time: 0.052, data: 0.001) G_GAN: 0.284 D_real: 0.257 D_fake: 0.212 G: 1.252 NCE: 1.111 NCE_Y: 0.825 
(epoch: 11, iters: 3600, time: 0.052, data: 0.001) G_GAN: 0.313 D_real: 0.175 D_fake: 0.227 G: 1.244 NCE: 1.039 NCE_Y: 0.822 
(epoch: 11, iters: 3700, time: 0.052, data: 0.001) G_GAN: 0.224 D_real: 0.384 D_fake: 0.203 G: 1.180 NCE: 1.058 NCE_Y: 0.855 
(epoch: 11, iters: 3800, time: 0.052, data: 0.002) G_GAN: 0.326 D_real: 0.132 D_fake: 0.272 G: 1.270 NCE: 1.080 NCE_Y: 0.808 
(epoch: 11, iters: 3900, time: 0.052, data: 0.001) G_GAN: 0.358 D_real: 0.271 D_fake: 0.146 G: 1.318 NCE: 1.101 NCE_Y: 0.818 
(epoch: 11, iters: 4000, time: 0.052, data: 0.001) G_GAN: 0.461 D_real: 0.118 D_fake: 0.194 G: 1.438 NCE: 1.089 NCE_Y: 0.865 
(epoch: 11, iters: 4100, time: 0.051, data: 0.002) G_GAN: 0.214 D_real: 0.314 D_fake: 0.473 G: 1.342 NCE: 1.389 NCE_Y: 0.867 
(epoch: 11, iters: 4200, time: 0.051, data: 0.001) G_GAN: 0.377 D_real: 0.179 D_fake: 0.199 G: 1.339 NCE: 1.087 NCE_Y: 0.836 
(epoch: 11, iters: 4300, time: 0.052, data: 0.001) G_GAN: 0.493 D_real: 0.106 D_fake: 0.133 G: 1.440 NCE: 1.055 NCE_Y: 0.838 
(epoch: 11, iters: 4400, time: 0.052, data: 0.001) G_GAN: 0.283 D_real: 0.300 D_fake: 0.217 G: 1.303 NCE: 1.154 NCE_Y: 0.885 
(epoch: 11, iters: 4500, time: 0.052, data: 0.001) G_GAN: 0.430 D_real: 0.178 D_fake: 0.123 G: 1.419 NCE: 1.145 NCE_Y: 0.833 
(epoch: 11, iters: 4600, time: 0.052, data: 0.001) G_GAN: 0.372 D_real: 0.138 D_fake: 0.183 G: 1.365 NCE: 1.143 NCE_Y: 0.844 
saving the latest model (epoch 11, total_iters 85000)
doctr_SELFF_to_SD_fixed_nl2
(epoch: 11, iters: 4700, time: 0.052, data: 0.001) G_GAN: 0.227 D_real: 0.294 D_fake: 0.302 G: 1.276 NCE: 1.247 NCE_Y: 0.851 
(epoch: 11, iters: 4800, time: 0.052, data: 0.001) G_GAN: 0.315 D_real: 0.526 D_fake: 0.071 G: 1.214 NCE: 0.955 NCE_Y: 0.842 
(epoch: 11, iters: 4900, time: 0.053, data: 0.002) G_GAN: 0.887 D_real: 0.029 D_fake: 0.016 G: 1.865 NCE: 1.119 NCE_Y: 0.838 
(epoch: 11, iters: 5000, time: 0.053, data: 0.001) G_GAN: 0.284 D_real: 0.311 D_fake: 0.276 G: 1.272 NCE: 1.129 NCE_Y: 0.848 
(epoch: 11, iters: 5100, time: 0.052, data: 0.002) G_GAN: 0.703 D_real: 0.038 D_fake: 0.089 G: 1.667 NCE: 1.110 NCE_Y: 0.818 
(epoch: 11, iters: 5200, time: 0.052, data: 0.001) G_GAN: 0.276 D_real: 0.343 D_fake: 0.148 G: 1.251 NCE: 1.117 NCE_Y: 0.832 
(epoch: 11, iters: 5300, time: 0.053, data: 0.001) G_GAN: 0.325 D_real: 0.299 D_fake: 0.141 G: 1.281 NCE: 1.082 NCE_Y: 0.830 
(epoch: 11, iters: 5400, time: 0.053, data: 0.001) G_GAN: 0.445 D_real: 0.059 D_fake: 0.113 G: 1.482 NCE: 1.238 NCE_Y: 0.835 
(epoch: 11, iters: 5500, time: 0.052, data: 0.002) G_GAN: 0.986 D_real: 0.018 D_fake: 0.021 G: 2.025 NCE: 1.172 NCE_Y: 0.906 
(epoch: 11, iters: 5600, time: 0.053, data: 0.001) G_GAN: 0.543 D_real: 0.018 D_fake: 0.292 G: 1.546 NCE: 1.129 NCE_Y: 0.877 
(epoch: 11, iters: 5700, time: 0.053, data: 0.001) G_GAN: 0.345 D_real: 0.113 D_fake: 0.250 G: 1.336 NCE: 1.148 NCE_Y: 0.833 
(epoch: 11, iters: 5800, time: 0.052, data: 0.002) G_GAN: 0.288 D_real: 0.104 D_fake: 0.392 G: 1.365 NCE: 1.333 NCE_Y: 0.823 
(epoch: 11, iters: 5900, time: 0.051, data: 0.001) G_GAN: 0.271 D_real: 0.105 D_fake: 0.310 G: 1.299 NCE: 1.216 NCE_Y: 0.841 
(epoch: 11, iters: 6000, time: 0.051, data: 0.001) G_GAN: 0.305 D_real: 0.107 D_fake: 0.284 G: 1.301 NCE: 1.177 NCE_Y: 0.814 
(epoch: 11, iters: 6100, time: 0.052, data: 0.001) G_GAN: 0.360 D_real: 0.071 D_fake: 0.255 G: 1.386 NCE: 1.137 NCE_Y: 0.916 
(epoch: 11, iters: 6200, time: 0.052, data: 0.002) G_GAN: 0.346 D_real: 0.239 D_fake: 0.139 G: 1.318 NCE: 1.123 NCE_Y: 0.822 
(epoch: 11, iters: 6300, time: 0.052, data: 0.001) G_GAN: 0.363 D_real: 0.142 D_fake: 0.252 G: 1.430 NCE: 1.295 NCE_Y: 0.840 
(epoch: 11, iters: 6400, time: 0.052, data: 0.001) G_GAN: 0.360 D_real: 0.164 D_fake: 0.245 G: 1.343 NCE: 1.151 NCE_Y: 0.816 
(epoch: 11, iters: 6500, time: 0.052, data: 0.001) G_GAN: 0.327 D_real: 0.118 D_fake: 0.331 G: 1.284 NCE: 1.099 NCE_Y: 0.816 
(epoch: 11, iters: 6600, time: 0.052, data: 0.001) G_GAN: 0.378 D_real: 0.162 D_fake: 0.264 G: 1.340 NCE: 1.091 NCE_Y: 0.834 
(epoch: 11, iters: 6700, time: 0.052, data: 0.002) G_GAN: 0.337 D_real: 0.063 D_fake: 0.330 G: 1.310 NCE: 1.142 NCE_Y: 0.803 
(epoch: 11, iters: 6800, time: 0.052, data: 0.001) G_GAN: 0.301 D_real: 0.271 D_fake: 0.189 G: 1.285 NCE: 1.073 NCE_Y: 0.896 
(epoch: 11, iters: 6900, time: 0.052, data: 0.001) G_GAN: 0.280 D_real: 0.452 D_fake: 0.120 G: 1.285 NCE: 1.179 NCE_Y: 0.831 
(epoch: 11, iters: 7000, time: 0.052, data: 0.001) G_GAN: 0.414 D_real: 0.110 D_fake: 0.208 G: 1.408 NCE: 1.152 NCE_Y: 0.837 
(epoch: 11, iters: 7100, time: 0.052, data: 0.002) G_GAN: 0.317 D_real: 0.296 D_fake: 0.124 G: 1.309 NCE: 1.128 NCE_Y: 0.855 
(epoch: 11, iters: 7200, time: 0.053, data: 0.001) G_GAN: 0.424 D_real: 0.215 D_fake: 0.187 G: 1.435 NCE: 1.173 NCE_Y: 0.848 
(epoch: 11, iters: 7300, time: 0.053, data: 0.002) G_GAN: 0.338 D_real: 0.133 D_fake: 0.156 G: 1.277 NCE: 1.045 NCE_Y: 0.831 
(epoch: 11, iters: 7400, time: 0.053, data: 0.001) G_GAN: 0.424 D_real: 0.282 D_fake: 0.120 G: 1.344 NCE: 1.017 NCE_Y: 0.823 
(epoch: 11, iters: 7500, time: 0.053, data: 0.001) G_GAN: 0.295 D_real: 0.188 D_fake: 0.218 G: 1.305 NCE: 1.170 NCE_Y: 0.850 
(epoch: 11, iters: 7600, time: 0.053, data: 0.001) G_GAN: 0.389 D_real: 0.248 D_fake: 0.147 G: 1.344 NCE: 1.075 NCE_Y: 0.834 
(epoch: 11, iters: 7700, time: 0.053, data: 0.001) G_GAN: 0.325 D_real: 0.246 D_fake: 0.197 G: 1.286 NCE: 1.082 NCE_Y: 0.839 
(epoch: 11, iters: 7800, time: 0.053, data: 0.001) G_GAN: 0.242 D_real: 0.286 D_fake: 0.215 G: 1.200 NCE: 1.085 NCE_Y: 0.832 
(epoch: 11, iters: 7900, time: 0.053, data: 0.002) G_GAN: 0.571 D_real: 0.112 D_fake: 0.229 G: 1.481 NCE: 0.987 NCE_Y: 0.833 
(epoch: 11, iters: 8000, time: 0.053, data: 0.001) G_GAN: 0.573 D_real: 0.094 D_fake: 0.076 G: 1.574 NCE: 1.160 NCE_Y: 0.841 
End of epoch 11 / 60 	 Time Taken: 434 sec
learning rate = 0.0002000
(epoch: 12, iters: 60, time: 0.053, data: 0.001) G_GAN: 0.662 D_real: 0.017 D_fake: 0.129 G: 1.645 NCE: 1.139 NCE_Y: 0.829 
(epoch: 12, iters: 160, time: 0.053, data: 0.001) G_GAN: 0.245 D_real: 0.322 D_fake: 0.189 G: 1.184 NCE: 0.983 NCE_Y: 0.895 
(epoch: 12, iters: 260, time: 0.053, data: 0.001) G_GAN: 0.255 D_real: 0.212 D_fake: 0.385 G: 1.234 NCE: 1.089 NCE_Y: 0.869 
(epoch: 12, iters: 360, time: 0.053, data: 0.001) G_GAN: 0.159 D_real: 0.281 D_fake: 0.390 G: 1.171 NCE: 1.191 NCE_Y: 0.835 
(epoch: 12, iters: 460, time: 0.053, data: 0.002) G_GAN: 0.260 D_real: 0.251 D_fake: 0.293 G: 1.259 NCE: 1.174 NCE_Y: 0.824 
(epoch: 12, iters: 560, time: 0.053, data: 0.001) G_GAN: 0.270 D_real: 0.167 D_fake: 0.210 G: 1.293 NCE: 1.167 NCE_Y: 0.880 
(epoch: 12, iters: 660, time: 0.053, data: 0.001) G_GAN: 0.287 D_real: 0.185 D_fake: 0.305 G: 1.266 NCE: 1.149 NCE_Y: 0.808 
(epoch: 12, iters: 760, time: 0.053, data: 0.001) G_GAN: 0.273 D_real: 0.341 D_fake: 0.167 G: 1.291 NCE: 1.213 NCE_Y: 0.823 
(epoch: 12, iters: 860, time: 0.053, data: 0.001) G_GAN: 0.450 D_real: 0.138 D_fake: 0.157 G: 1.417 NCE: 1.082 NCE_Y: 0.851 
(epoch: 12, iters: 960, time: 0.053, data: 0.001) G_GAN: 0.258 D_real: 0.337 D_fake: 0.214 G: 1.251 NCE: 1.141 NCE_Y: 0.844 
(epoch: 12, iters: 1060, time: 0.051, data: 0.001) G_GAN: 0.335 D_real: 0.110 D_fake: 0.279 G: 1.315 NCE: 1.124 NCE_Y: 0.836 
(epoch: 12, iters: 1160, time: 0.050, data: 0.001) G_GAN: 0.294 D_real: 0.166 D_fake: 0.294 G: 1.289 NCE: 1.130 NCE_Y: 0.859 
(epoch: 12, iters: 1260, time: 0.050, data: 0.001) G_GAN: 0.289 D_real: 0.133 D_fake: 0.337 G: 1.289 NCE: 1.172 NCE_Y: 0.827 
(epoch: 12, iters: 1360, time: 0.050, data: 0.001) G_GAN: 0.280 D_real: 0.312 D_fake: 0.236 G: 1.276 NCE: 1.178 NCE_Y: 0.813 
(epoch: 12, iters: 1460, time: 0.051, data: 0.001) G_GAN: 0.310 D_real: 0.307 D_fake: 0.188 G: 1.267 NCE: 1.088 NCE_Y: 0.827 
(epoch: 12, iters: 1560, time: 0.052, data: 0.001) G_GAN: 0.417 D_real: 0.077 D_fake: 0.249 G: 1.427 NCE: 1.179 NCE_Y: 0.840 
saving the latest model (epoch 12, total_iters 90000)
doctr_SELFF_to_SD_fixed_nl2
(epoch: 12, iters: 1660, time: 0.053, data: 0.001) G_GAN: 0.346 D_real: 0.379 D_fake: 0.194 G: 1.399 NCE: 1.130 NCE_Y: 0.977 
(epoch: 12, iters: 1760, time: 0.053, data: 0.001) G_GAN: 0.411 D_real: 0.135 D_fake: 0.247 G: 1.472 NCE: 1.244 NCE_Y: 0.879 
(epoch: 12, iters: 1860, time: 0.053, data: 0.001) G_GAN: 0.245 D_real: 0.174 D_fake: 0.271 G: 1.200 NCE: 1.099 NCE_Y: 0.811 
(epoch: 12, iters: 1960, time: 0.052, data: 0.002) G_GAN: 0.297 D_real: 0.462 D_fake: 0.154 G: 1.395 NCE: 1.162 NCE_Y: 1.035 
(epoch: 12, iters: 2060, time: 0.052, data: 0.002) G_GAN: 0.371 D_real: 0.119 D_fake: 0.229 G: 1.334 NCE: 1.068 NCE_Y: 0.858 
(epoch: 12, iters: 2160, time: 0.052, data: 0.001) G_GAN: 0.375 D_real: 0.272 D_fake: 0.232 G: 1.395 NCE: 1.206 NCE_Y: 0.835 
(epoch: 12, iters: 2260, time: 0.052, data: 0.001) G_GAN: 0.257 D_real: 0.244 D_fake: 0.310 G: 1.254 NCE: 1.170 NCE_Y: 0.823 
(epoch: 12, iters: 2360, time: 0.052, data: 0.002) G_GAN: 0.242 D_real: 0.319 D_fake: 0.223 G: 1.260 NCE: 1.214 NCE_Y: 0.823 
(epoch: 12, iters: 2460, time: 0.053, data: 0.002) G_GAN: 0.310 D_real: 0.259 D_fake: 0.217 G: 1.341 NCE: 1.245 NCE_Y: 0.817 
(epoch: 12, iters: 2560, time: 0.053, data: 0.002) G_GAN: 0.263 D_real: 0.227 D_fake: 0.232 G: 1.352 NCE: 1.348 NCE_Y: 0.830 
(epoch: 12, iters: 2660, time: 0.053, data: 0.002) G_GAN: 0.288 D_real: 0.205 D_fake: 0.187 G: 1.279 NCE: 1.078 NCE_Y: 0.905 
(epoch: 12, iters: 2760, time: 0.052, data: 0.001) G_GAN: 0.186 D_real: 0.155 D_fake: 0.486 G: 1.209 NCE: 1.192 NCE_Y: 0.855 
(epoch: 12, iters: 2860, time: 0.053, data: 0.001) G_GAN: 0.380 D_real: 0.383 D_fake: 0.090 G: 1.348 NCE: 1.119 NCE_Y: 0.817 
(epoch: 12, iters: 2960, time: 0.052, data: 0.001) G_GAN: 0.526 D_real: 0.153 D_fake: 0.108 G: 1.498 NCE: 1.141 NCE_Y: 0.803 
(epoch: 12, iters: 3060, time: 0.052, data: 0.001) G_GAN: 0.282 D_real: 0.194 D_fake: 0.385 G: 1.374 NCE: 1.359 NCE_Y: 0.826 
(epoch: 12, iters: 3160, time: 0.053, data: 0.001) G_GAN: 0.393 D_real: 0.110 D_fake: 0.326 G: 1.330 NCE: 1.051 NCE_Y: 0.823 
(epoch: 12, iters: 3260, time: 0.053, data: 0.001) G_GAN: 0.237 D_real: 0.257 D_fake: 0.230 G: 1.224 NCE: 1.092 NCE_Y: 0.881 
(epoch: 12, iters: 3360, time: 0.053, data: 0.001) G_GAN: 0.213 D_real: 0.280 D_fake: 0.365 G: 1.229 NCE: 1.163 NCE_Y: 0.869 
(epoch: 12, iters: 3460, time: 0.052, data: 0.002) G_GAN: 0.284 D_real: 0.365 D_fake: 0.169 G: 1.296 NCE: 1.106 NCE_Y: 0.916 
(epoch: 12, iters: 3560, time: 0.053, data: 0.001) G_GAN: 0.297 D_real: 0.463 D_fake: 0.152 G: 1.284 NCE: 1.153 NCE_Y: 0.822 
(epoch: 12, iters: 3660, time: 0.052, data: 0.001) G_GAN: 0.251 D_real: 0.255 D_fake: 0.213 G: 1.203 NCE: 1.035 NCE_Y: 0.869 
(epoch: 12, iters: 3760, time: 0.053, data: 0.002) G_GAN: 0.250 D_real: 0.487 D_fake: 0.103 G: 1.220 NCE: 1.068 NCE_Y: 0.872 
(epoch: 12, iters: 3860, time: 0.053, data: 0.001) G_GAN: 0.196 D_real: 0.112 D_fake: 0.408 G: 1.238 NCE: 1.261 NCE_Y: 0.825 
(epoch: 12, iters: 3960, time: 0.052, data: 0.001) G_GAN: 0.318 D_real: 0.383 D_fake: 0.140 G: 1.298 NCE: 1.117 NCE_Y: 0.842 
(epoch: 12, iters: 4060, time: 0.053, data: 0.001) G_GAN: 0.408 D_real: 0.567 D_fake: 0.092 G: 1.341 NCE: 0.981 NCE_Y: 0.886 
(epoch: 12, iters: 4160, time: 0.053, data: 0.001) G_GAN: 0.200 D_real: 0.270 D_fake: 0.276 G: 1.216 NCE: 1.188 NCE_Y: 0.845 
(epoch: 12, iters: 4260, time: 0.052, data: 0.001) G_GAN: 0.329 D_real: 0.168 D_fake: 0.210 G: 1.284 NCE: 1.066 NCE_Y: 0.844 
(epoch: 12, iters: 4360, time: 0.053, data: 0.001) G_GAN: 0.354 D_real: 0.193 D_fake: 0.201 G: 1.323 NCE: 1.064 NCE_Y: 0.872 
(epoch: 12, iters: 4460, time: 0.053, data: 0.002) G_GAN: 0.329 D_real: 0.128 D_fake: 0.237 G: 1.298 NCE: 1.097 NCE_Y: 0.842 
(epoch: 12, iters: 4560, time: 0.053, data: 0.001) G_GAN: 0.566 D_real: 0.198 D_fake: 0.108 G: 1.674 NCE: 1.320 NCE_Y: 0.897 
(epoch: 12, iters: 4660, time: 0.053, data: 0.002) G_GAN: 0.873 D_real: 0.014 D_fake: 0.037 G: 2.309 NCE: 1.904 NCE_Y: 0.966 
(epoch: 12, iters: 4760, time: 0.051, data: 0.001) G_GAN: 1.200 D_real: 0.109 D_fake: 0.076 G: 2.301 NCE: 1.228 NCE_Y: 0.975 
(epoch: 12, iters: 4860, time: 0.050, data: 0.002) G_GAN: 0.440 D_real: 0.257 D_fake: 0.127 G: 1.473 NCE: 1.195 NCE_Y: 0.870 
(epoch: 12, iters: 4960, time: 0.051, data: 0.001) G_GAN: 0.208 D_real: 0.133 D_fake: 0.452 G: 1.258 NCE: 1.219 NCE_Y: 0.881 
(epoch: 12, iters: 5060, time: 0.052, data: 0.001) G_GAN: 0.321 D_real: 0.222 D_fake: 0.226 G: 1.374 NCE: 1.286 NCE_Y: 0.821 
(epoch: 12, iters: 5160, time: 0.052, data: 0.001) G_GAN: 0.387 D_real: 0.294 D_fake: 0.076 G: 1.456 NCE: 1.296 NCE_Y: 0.842 
(epoch: 12, iters: 5260, time: 0.052, data: 0.002) G_GAN: 0.811 D_real: 0.114 D_fake: 0.095 G: 1.790 NCE: 1.109 NCE_Y: 0.849 
(epoch: 12, iters: 5360, time: 0.052, data: 0.001) G_GAN: 0.337 D_real: 0.365 D_fake: 0.125 G: 1.340 NCE: 1.152 NCE_Y: 0.854 
(epoch: 12, iters: 5460, time: 0.052, data: 0.002) G_GAN: 0.381 D_real: 0.403 D_fake: 0.102 G: 1.344 NCE: 1.077 NCE_Y: 0.848 
(epoch: 12, iters: 5560, time: 0.052, data: 0.002) G_GAN: 0.321 D_real: 0.227 D_fake: 0.173 G: 1.331 NCE: 1.195 NCE_Y: 0.824 
(epoch: 12, iters: 5660, time: 0.052, data: 0.001) G_GAN: 0.338 D_real: 0.307 D_fake: 0.219 G: 1.343 NCE: 1.179 NCE_Y: 0.831 
(epoch: 12, iters: 5760, time: 0.051, data: 0.001) G_GAN: 0.260 D_real: 0.231 D_fake: 0.275 G: 1.307 NCE: 1.199 NCE_Y: 0.895 
(epoch: 12, iters: 5860, time: 0.052, data: 0.001) G_GAN: 0.304 D_real: 0.420 D_fake: 0.116 G: 1.323 NCE: 1.200 NCE_Y: 0.838 
(epoch: 12, iters: 5960, time: 0.052, data: 0.001) G_GAN: 0.417 D_real: 0.057 D_fake: 0.242 G: 1.346 NCE: 1.035 NCE_Y: 0.823 
(epoch: 12, iters: 6060, time: 0.052, data: 0.001) G_GAN: 0.353 D_real: 0.125 D_fake: 0.240 G: 1.384 NCE: 1.172 NCE_Y: 0.889 
(epoch: 12, iters: 6160, time: 0.052, data: 0.001) G_GAN: 0.240 D_real: 0.228 D_fake: 0.352 G: 1.262 NCE: 1.217 NCE_Y: 0.827 
(epoch: 12, iters: 6260, time: 0.052, data: 0.001) G_GAN: 0.390 D_real: 0.237 D_fake: 0.295 G: 1.363 NCE: 1.119 NCE_Y: 0.828 
(epoch: 12, iters: 6360, time: 0.051, data: 0.002) G_GAN: 0.247 D_real: 0.200 D_fake: 0.308 G: 1.345 NCE: 1.336 NCE_Y: 0.861 
(epoch: 12, iters: 6460, time: 0.052, data: 0.001) G_GAN: 0.431 D_real: 0.130 D_fake: 0.168 G: 1.529 NCE: 1.177 NCE_Y: 1.018 
(epoch: 12, iters: 6560, time: 0.052, data: 0.001) G_GAN: 0.350 D_real: 0.157 D_fake: 0.219 G: 1.288 NCE: 1.055 NCE_Y: 0.820 
saving the latest model (epoch 12, total_iters 95000)
doctr_SELFF_to_SD_fixed_nl2
(epoch: 12, iters: 6660, time: 0.052, data: 0.001) G_GAN: 0.398 D_real: 0.097 D_fake: 0.258 G: 1.391 NCE: 1.124 NCE_Y: 0.862 
(epoch: 12, iters: 6760, time: 0.052, data: 0.001) G_GAN: 0.173 D_real: 0.213 D_fake: 0.423 G: 1.165 NCE: 1.145 NCE_Y: 0.839 
(epoch: 12, iters: 6860, time: 0.052, data: 0.001) G_GAN: 0.361 D_real: 0.180 D_fake: 0.157 G: 1.363 NCE: 1.165 NCE_Y: 0.839 
(epoch: 12, iters: 6960, time: 0.052, data: 0.002) G_GAN: 0.379 D_real: 0.068 D_fake: 0.443 G: 1.464 NCE: 1.143 NCE_Y: 1.026 
(epoch: 12, iters: 7060, time: 0.052, data: 0.002) G_GAN: 0.468 D_real: 0.212 D_fake: 0.143 G: 1.492 NCE: 1.220 NCE_Y: 0.828 
(epoch: 12, iters: 7160, time: 0.051, data: 0.001) G_GAN: 0.410 D_real: 0.090 D_fake: 0.315 G: 1.412 NCE: 1.148 NCE_Y: 0.857 
(epoch: 12, iters: 7260, time: 0.052, data: 0.002) G_GAN: 0.370 D_real: 0.171 D_fake: 0.398 G: 1.333 NCE: 1.097 NCE_Y: 0.828 
(epoch: 12, iters: 7360, time: 0.052, data: 0.001) G_GAN: 0.411 D_real: 0.231 D_fake: 0.153 G: 1.402 NCE: 1.167 NCE_Y: 0.814 
(epoch: 12, iters: 7460, time: 0.052, data: 0.001) G_GAN: 0.779 D_real: 0.090 D_fake: 0.027 G: 1.929 NCE: 1.442 NCE_Y: 0.858 
(epoch: 12, iters: 7560, time: 0.052, data: 0.001) G_GAN: 0.280 D_real: 0.119 D_fake: 0.293 G: 1.227 NCE: 1.084 NCE_Y: 0.810 
(epoch: 12, iters: 7660, time: 0.053, data: 0.002) G_GAN: 0.164 D_real: 0.263 D_fake: 0.409 G: 1.178 NCE: 1.181 NCE_Y: 0.847 
(epoch: 12, iters: 7760, time: 0.053, data: 0.001) G_GAN: 0.276 D_real: 0.413 D_fake: 0.144 G: 1.288 NCE: 1.146 NCE_Y: 0.878 
(epoch: 12, iters: 7860, time: 0.053, data: 0.001) G_GAN: 0.288 D_real: 0.475 D_fake: 0.206 G: 1.260 NCE: 1.113 NCE_Y: 0.830 
(epoch: 12, iters: 7960, time: 0.053, data: 0.001) G_GAN: 0.384 D_real: 0.254 D_fake: 0.142 G: 1.348 NCE: 1.100 NCE_Y: 0.829 
End of epoch 12 / 60 	 Time Taken: 433 sec
learning rate = 0.0002000
(epoch: 13, iters: 20, time: 0.053, data: 0.001) G_GAN: 0.228 D_real: 0.256 D_fake: 0.394 G: 1.288 NCE: 1.284 NCE_Y: 0.835 
(epoch: 13, iters: 120, time: 0.053, data: 0.001) G_GAN: 0.311 D_real: 0.245 D_fake: 0.221 G: 1.310 NCE: 1.156 NCE_Y: 0.841 
(epoch: 13, iters: 220, time: 0.053, data: 0.001) G_GAN: 0.354 D_real: 0.117 D_fake: 0.188 G: 1.435 NCE: 1.294 NCE_Y: 0.868 
(epoch: 13, iters: 320, time: 0.053, data: 0.001) G_GAN: 0.255 D_real: 0.166 D_fake: 0.342 G: 1.237 NCE: 1.129 NCE_Y: 0.834 
(epoch: 13, iters: 420, time: 0.053, data: 0.001) G_GAN: 0.211 D_real: 0.356 D_fake: 0.346 G: 1.259 NCE: 1.245 NCE_Y: 0.849 
(epoch: 13, iters: 520, time: 0.053, data: 0.001) G_GAN: 0.228 D_real: 0.462 D_fake: 0.181 G: 1.296 NCE: 1.298 NCE_Y: 0.838 
(epoch: 13, iters: 620, time: 0.053, data: 0.001) G_GAN: 0.336 D_real: 0.204 D_fake: 0.191 G: 1.292 NCE: 1.062 NCE_Y: 0.850 
(epoch: 13, iters: 720, time: 0.053, data: 0.002) G_GAN: 0.244 D_real: 0.211 D_fake: 0.268 G: 1.197 NCE: 1.061 NCE_Y: 0.846 
(epoch: 13, iters: 820, time: 0.053, data: 0.001) G_GAN: 0.315 D_real: 0.440 D_fake: 0.089 G: 1.333 NCE: 1.169 NCE_Y: 0.867 
(epoch: 13, iters: 920, time: 0.053, data: 0.001) G_GAN: 0.424 D_real: 0.128 D_fake: 0.213 G: 1.370 NCE: 1.059 NCE_Y: 0.834 
(epoch: 13, iters: 1020, time: 0.053, data: 0.001) G_GAN: 0.293 D_real: 0.334 D_fake: 0.217 G: 1.291 NCE: 1.145 NCE_Y: 0.852 
(epoch: 13, iters: 1120, time: 0.052, data: 0.002) G_GAN: 0.237 D_real: 0.170 D_fake: 0.291 G: 1.269 NCE: 1.256 NCE_Y: 0.808 
(epoch: 13, iters: 1220, time: 0.052, data: 0.002) G_GAN: 1.033 D_real: 0.017 D_fake: 0.021 G: 2.279 NCE: 1.623 NCE_Y: 0.870 
(epoch: 13, iters: 1320, time: 0.052, data: 0.001) G_GAN: 0.711 D_real: 0.080 D_fake: 0.387 G: 1.685 NCE: 1.059 NCE_Y: 0.890 
(epoch: 13, iters: 1420, time: 0.052, data: 0.004) G_GAN: 0.264 D_real: 0.354 D_fake: 0.178 G: 1.281 NCE: 1.190 NCE_Y: 0.845 
(epoch: 13, iters: 1520, time: 0.052, data: 0.001) G_GAN: 1.098 D_real: 0.169 D_fake: 0.088 G: 2.117 NCE: 1.204 NCE_Y: 0.835 
(epoch: 13, iters: 1620, time: 0.052, data: 0.001) G_GAN: 0.470 D_real: 0.028 D_fake: 0.381 G: 1.563 NCE: 1.325 NCE_Y: 0.860 
(epoch: 13, iters: 1720, time: 0.052, data: 0.001) G_GAN: 0.357 D_real: 0.250 D_fake: 0.179 G: 1.353 NCE: 1.158 NCE_Y: 0.834 
(epoch: 13, iters: 1820, time: 0.053, data: 0.001) G_GAN: 0.440 D_real: 0.064 D_fake: 0.283 G: 1.417 NCE: 1.142 NCE_Y: 0.813 
(epoch: 13, iters: 1920, time: 0.052, data: 0.001) G_GAN: 0.221 D_real: 0.380 D_fake: 0.284 G: 1.176 NCE: 1.084 NCE_Y: 0.826 
(epoch: 13, iters: 2020, time: 0.052, data: 0.001) G_GAN: 0.385 D_real: 0.215 D_fake: 0.165 G: 1.376 NCE: 1.131 NCE_Y: 0.849 
(epoch: 13, iters: 2120, time: 0.053, data: 0.001) G_GAN: 0.260 D_real: 0.477 D_fake: 0.195 G: 1.305 NCE: 1.284 NCE_Y: 0.807 
(epoch: 13, iters: 2220, time: 0.052, data: 0.002) G_GAN: 0.377 D_real: 0.176 D_fake: 0.137 G: 1.335 NCE: 1.110 NCE_Y: 0.805 
(epoch: 13, iters: 2320, time: 0.052, data: 0.001) G_GAN: 0.330 D_real: 0.449 D_fake: 0.126 G: 1.325 NCE: 1.163 NCE_Y: 0.828 
(epoch: 13, iters: 2420, time: 0.053, data: 0.001) G_GAN: 0.323 D_real: 0.240 D_fake: 0.232 G: 1.342 NCE: 1.209 NCE_Y: 0.828 
(epoch: 13, iters: 2520, time: 0.053, data: 0.001) G_GAN: 0.202 D_real: 0.294 D_fake: 0.239 G: 1.182 NCE: 1.098 NCE_Y: 0.861 
(epoch: 13, iters: 2620, time: 0.052, data: 0.001) G_GAN: 0.319 D_real: 0.285 D_fake: 0.182 G: 1.332 NCE: 1.200 NCE_Y: 0.826 
(epoch: 13, iters: 2720, time: 0.052, data: 0.001) G_GAN: 0.477 D_real: 0.268 D_fake: 0.139 G: 1.445 NCE: 1.119 NCE_Y: 0.817 
(epoch: 13, iters: 2820, time: 0.052, data: 0.001) G_GAN: 1.098 D_real: 0.009 D_fake: 0.004 G: 2.381 NCE: 1.661 NCE_Y: 0.905 
(epoch: 13, iters: 2920, time: 0.053, data: 0.001) G_GAN: 0.913 D_real: 0.017 D_fake: 0.005 G: 2.032 NCE: 1.329 NCE_Y: 0.908 
(epoch: 13, iters: 3020, time: 0.053, data: 0.001) G_GAN: 1.000 D_real: 0.027 D_fake: 0.192 G: 2.019 NCE: 1.122 NCE_Y: 0.915 
(epoch: 13, iters: 3120, time: 0.052, data: 0.001) G_GAN: 0.270 D_real: 0.304 D_fake: 0.363 G: 1.286 NCE: 1.123 NCE_Y: 0.910 
(epoch: 13, iters: 3220, time: 0.053, data: 0.002) G_GAN: 0.455 D_real: 0.166 D_fake: 0.092 G: 1.422 NCE: 1.113 NCE_Y: 0.820 
(epoch: 13, iters: 3320, time: 0.053, data: 0.001) G_GAN: 0.356 D_real: 0.344 D_fake: 0.163 G: 1.313 NCE: 1.104 NCE_Y: 0.811 
(epoch: 13, iters: 3420, time: 0.053, data: 0.002) G_GAN: 0.290 D_real: 0.229 D_fake: 0.241 G: 1.315 NCE: 1.185 NCE_Y: 0.866 
(epoch: 13, iters: 3520, time: 0.053, data: 0.001) G_GAN: 0.314 D_real: 0.132 D_fake: 0.297 G: 1.298 NCE: 1.158 NCE_Y: 0.810 
saving the latest model (epoch 13, total_iters 100000)
doctr_SELFF_to_SD_fixed_nl2
(epoch: 13, iters: 3620, time: 0.053, data: 0.001) G_GAN: 0.325 D_real: 0.296 D_fake: 0.154 G: 1.313 NCE: 1.129 NCE_Y: 0.848 
(epoch: 13, iters: 3720, time: 0.053, data: 0.001) G_GAN: 0.346 D_real: 0.248 D_fake: 0.152 G: 1.357 NCE: 1.202 NCE_Y: 0.819 
(epoch: 13, iters: 3820, time: 0.053, data: 0.001) G_GAN: 0.261 D_real: 0.554 D_fake: 0.193 G: 1.302 NCE: 1.255 NCE_Y: 0.827 
(epoch: 13, iters: 3920, time: 0.053, data: 0.001) G_GAN: 0.270 D_real: 0.173 D_fake: 0.271 G: 1.249 NCE: 1.145 NCE_Y: 0.813 
(epoch: 13, iters: 4020, time: 0.053, data: 0.002) G_GAN: 0.215 D_real: 0.332 D_fake: 0.238 G: 1.232 NCE: 1.191 NCE_Y: 0.843 
(epoch: 13, iters: 4120, time: 0.053, data: 0.001) G_GAN: 0.253 D_real: 0.511 D_fake: 0.067 G: 1.223 NCE: 1.114 NCE_Y: 0.827 
(epoch: 13, iters: 4220, time: 0.053, data: 0.001) G_GAN: 0.333 D_real: 0.130 D_fake: 0.248 G: 1.287 NCE: 1.095 NCE_Y: 0.813 
(epoch: 13, iters: 4320, time: 0.053, data: 0.001) G_GAN: 0.281 D_real: 0.377 D_fake: 0.186 G: 1.272 NCE: 1.138 NCE_Y: 0.843 
(epoch: 13, iters: 4420, time: 0.053, data: 0.002) G_GAN: 0.237 D_real: 0.095 D_fake: 0.460 G: 1.251 NCE: 1.118 NCE_Y: 0.909 
(epoch: 13, iters: 4520, time: 0.052, data: 0.001) G_GAN: 0.876 D_real: 0.016 D_fake: 0.040 G: 2.056 NCE: 1.515 NCE_Y: 0.845 
(epoch: 13, iters: 4620, time: 0.053, data: 0.001) G_GAN: 0.258 D_real: 0.129 D_fake: 0.411 G: 1.313 NCE: 1.272 NCE_Y: 0.837 
(epoch: 13, iters: 4720, time: 0.053, data: 0.001) G_GAN: 0.405 D_real: 0.168 D_fake: 0.187 G: 1.455 NCE: 1.106 NCE_Y: 0.994 
(epoch: 13, iters: 4820, time: 0.052, data: 0.001) G_GAN: 0.378 D_real: 0.227 D_fake: 0.171 G: 1.398 NCE: 1.234 NCE_Y: 0.808 
(epoch: 13, iters: 4920, time: 0.053, data: 0.001) G_GAN: 0.324 D_real: 0.196 D_fake: 0.209 G: 1.291 NCE: 1.093 NCE_Y: 0.842 
(epoch: 13, iters: 5020, time: 0.053, data: 0.001) G_GAN: 0.298 D_real: 0.123 D_fake: 0.170 G: 1.276 NCE: 1.115 NCE_Y: 0.840 
(epoch: 13, iters: 5120, time: 0.053, data: 0.002) G_GAN: 0.237 D_real: 0.362 D_fake: 0.241 G: 1.205 NCE: 1.103 NCE_Y: 0.833 
(epoch: 13, iters: 5220, time: 0.053, data: 0.001) G_GAN: 0.333 D_real: 0.426 D_fake: 0.129 G: 1.368 NCE: 1.199 NCE_Y: 0.870 
(epoch: 13, iters: 5320, time: 0.053, data: 0.001) G_GAN: 0.247 D_real: 0.194 D_fake: 0.333 G: 1.256 NCE: 1.157 NCE_Y: 0.861 
(epoch: 13, iters: 5420, time: 0.053, data: 0.001) G_GAN: 0.346 D_real: 0.258 D_fake: 0.230 G: 1.361 NCE: 1.194 NCE_Y: 0.835 
(epoch: 13, iters: 5520, time: 0.053, data: 0.001) G_GAN: 0.354 D_real: 0.168 D_fake: 0.197 G: 1.325 NCE: 1.109 NCE_Y: 0.832 
(epoch: 13, iters: 5620, time: 0.053, data: 0.001) G_GAN: 0.279 D_real: 0.271 D_fake: 0.273 G: 1.348 NCE: 1.278 NCE_Y: 0.860 
(epoch: 13, iters: 5720, time: 0.053, data: 0.002) G_GAN: 0.811 D_real: 0.024 D_fake: 0.237 G: 1.843 NCE: 1.244 NCE_Y: 0.821 
(epoch: 13, iters: 5820, time: 0.053, data: 0.002) G_GAN: 0.281 D_real: 0.404 D_fake: 0.259 G: 1.239 NCE: 1.082 NCE_Y: 0.835 
(epoch: 13, iters: 5920, time: 0.053, data: 0.002) G_GAN: 0.471 D_real: 0.044 D_fake: 0.333 G: 1.479 NCE: 1.137 NCE_Y: 0.877 
(epoch: 13, iters: 6020, time: 0.053, data: 0.001) G_GAN: 0.306 D_real: 0.245 D_fake: 0.209 G: 1.302 NCE: 1.169 NCE_Y: 0.822 
(epoch: 13, iters: 6120, time: 0.053, data: 0.001) G_GAN: 0.304 D_real: 0.157 D_fake: 0.293 G: 1.286 NCE: 1.152 NCE_Y: 0.812 
(epoch: 13, iters: 6220, time: 0.053, data: 0.002) G_GAN: 0.264 D_real: 0.066 D_fake: 0.379 G: 1.294 NCE: 1.226 NCE_Y: 0.834 
(epoch: 13, iters: 6320, time: 0.053, data: 0.001) G_GAN: 0.396 D_real: 0.151 D_fake: 0.184 G: 1.361 NCE: 1.130 NCE_Y: 0.801 
(epoch: 13, iters: 6420, time: 0.051, data: 0.002) G_GAN: 0.356 D_real: 0.150 D_fake: 0.161 G: 1.344 NCE: 1.143 NCE_Y: 0.834 
(epoch: 13, iters: 6520, time: 0.051, data: 0.002) G_GAN: 0.361 D_real: 0.163 D_fake: 0.203 G: 1.365 NCE: 1.185 NCE_Y: 0.824 
(epoch: 13, iters: 6620, time: 0.052, data: 0.001) G_GAN: 0.307 D_real: 0.298 D_fake: 0.212 G: 1.289 NCE: 1.141 NCE_Y: 0.822 
(epoch: 13, iters: 6720, time: 0.052, data: 0.001) G_GAN: 0.246 D_real: 0.214 D_fake: 0.339 G: 1.299 NCE: 1.200 NCE_Y: 0.907 
(epoch: 13, iters: 6820, time: 0.052, data: 0.001) G_GAN: 0.405 D_real: 0.086 D_fake: 0.260 G: 1.436 NCE: 1.237 NCE_Y: 0.826 
(epoch: 13, iters: 6920, time: 0.052, data: 0.001) G_GAN: 0.199 D_real: 0.353 D_fake: 0.231 G: 1.204 NCE: 1.146 NCE_Y: 0.865 
(epoch: 13, iters: 7020, time: 0.052, data: 0.001) G_GAN: 0.379 D_real: 0.137 D_fake: 0.301 G: 1.370 NCE: 1.090 NCE_Y: 0.893 
(epoch: 13, iters: 7120, time: 0.052, data: 0.001) G_GAN: 0.369 D_real: 0.087 D_fake: 0.325 G: 1.322 NCE: 1.096 NCE_Y: 0.810 
(epoch: 13, iters: 7220, time: 0.052, data: 0.001) G_GAN: 0.695 D_real: 0.081 D_fake: 0.224 G: 1.670 NCE: 1.076 NCE_Y: 0.874 
(epoch: 13, iters: 7320, time: 0.052, data: 0.001) G_GAN: 1.109 D_real: 0.005 D_fake: 0.009 G: 2.201 NCE: 1.335 NCE_Y: 0.849 
(epoch: 13, iters: 7420, time: 0.052, data: 0.002) G_GAN: 1.006 D_real: 0.032 D_fake: 0.041 G: 2.006 NCE: 1.114 NCE_Y: 0.886 
(epoch: 13, iters: 7520, time: 0.053, data: 0.001) G_GAN: 0.980 D_real: 0.007 D_fake: 0.010 G: 2.015 NCE: 1.231 NCE_Y: 0.839 
(epoch: 13, iters: 7620, time: 0.053, data: 0.002) G_GAN: 0.974 D_real: 0.010 D_fake: 0.008 G: 1.947 NCE: 1.108 NCE_Y: 0.838 
(epoch: 13, iters: 7720, time: 0.053, data: 0.002) G_GAN: 0.268 D_real: 0.225 D_fake: 0.234 G: 1.212 NCE: 1.065 NCE_Y: 0.823 
(epoch: 13, iters: 7820, time: 0.053, data: 0.002) G_GAN: 0.316 D_real: 0.359 D_fake: 0.114 G: 1.344 NCE: 1.206 NCE_Y: 0.851 
(epoch: 13, iters: 7920, time: 0.053, data: 0.001) G_GAN: 0.351 D_real: 0.328 D_fake: 0.140 G: 1.296 NCE: 1.049 NCE_Y: 0.842 
(epoch: 13, iters: 8020, time: 0.053, data: 0.001) G_GAN: 0.284 D_real: 0.495 D_fake: 0.144 G: 1.280 NCE: 1.155 NCE_Y: 0.836 
End of epoch 13 / 60 	 Time Taken: 436 sec
learning rate = 0.0002000
(epoch: 14, iters: 80, time: 0.053, data: 0.001) G_GAN: 0.293 D_real: 0.235 D_fake: 0.208 G: 1.274 NCE: 1.126 NCE_Y: 0.835 
(epoch: 14, iters: 180, time: 0.053, data: 0.001) G_GAN: 0.261 D_real: 0.161 D_fake: 0.267 G: 1.260 NCE: 1.165 NCE_Y: 0.831 
(epoch: 14, iters: 280, time: 0.053, data: 0.001) G_GAN: 0.385 D_real: 0.182 D_fake: 0.139 G: 1.297 NCE: 0.998 NCE_Y: 0.827 
(epoch: 14, iters: 380, time: 0.053, data: 0.002) G_GAN: 0.321 D_real: 0.144 D_fake: 0.337 G: 1.379 NCE: 1.238 NCE_Y: 0.878 
(epoch: 14, iters: 480, time: 0.053, data: 0.002) G_GAN: 0.307 D_real: 0.244 D_fake: 0.181 G: 1.305 NCE: 1.140 NCE_Y: 0.856 
saving the latest model (epoch 14, total_iters 105000)
doctr_SELFF_to_SD_fixed_nl2
(epoch: 14, iters: 580, time: 0.053, data: 0.001) G_GAN: 0.297 D_real: 0.204 D_fake: 0.258 G: 1.402 NCE: 1.268 NCE_Y: 0.942 
(epoch: 14, iters: 680, time: 0.053, data: 0.002) G_GAN: 0.351 D_real: 0.112 D_fake: 0.207 G: 1.335 NCE: 1.115 NCE_Y: 0.854 
(epoch: 14, iters: 780, time: 0.053, data: 0.001) G_GAN: 0.301 D_real: 0.350 D_fake: 0.148 G: 1.296 NCE: 1.155 NCE_Y: 0.834 
(epoch: 14, iters: 880, time: 0.053, data: 0.002) G_GAN: 0.267 D_real: 0.402 D_fake: 0.171 G: 1.290 NCE: 1.197 NCE_Y: 0.848 
(epoch: 14, iters: 980, time: 0.053, data: 0.001) G_GAN: 0.280 D_real: 0.288 D_fake: 0.229 G: 1.332 NCE: 1.261 NCE_Y: 0.843 
(epoch: 14, iters: 1080, time: 0.053, data: 0.002) G_GAN: 0.227 D_real: 0.227 D_fake: 0.337 G: 1.218 NCE: 1.166 NCE_Y: 0.816 
(epoch: 14, iters: 1180, time: 0.053, data: 0.001) G_GAN: 0.332 D_real: 0.207 D_fake: 0.271 G: 1.360 NCE: 1.241 NCE_Y: 0.815 
(epoch: 14, iters: 1280, time: 0.053, data: 0.001) G_GAN: 0.402 D_real: 0.066 D_fake: 0.476 G: 1.399 NCE: 1.190 NCE_Y: 0.804 
(epoch: 14, iters: 1380, time: 0.053, data: 0.001) G_GAN: 0.413 D_real: 0.177 D_fake: 0.284 G: 1.396 NCE: 1.076 NCE_Y: 0.891 
(epoch: 14, iters: 1480, time: 0.053, data: 0.001) G_GAN: 0.336 D_real: 0.184 D_fake: 0.266 G: 1.286 NCE: 1.076 NCE_Y: 0.822 
(epoch: 14, iters: 1580, time: 0.053, data: 0.001) G_GAN: 0.178 D_real: 0.349 D_fake: 0.291 G: 1.196 NCE: 1.206 NCE_Y: 0.829 
(epoch: 14, iters: 1680, time: 0.053, data: 0.001) G_GAN: 0.348 D_real: 0.157 D_fake: 0.261 G: 1.322 NCE: 1.125 NCE_Y: 0.824 
(epoch: 14, iters: 1780, time: 0.053, data: 0.001) G_GAN: 0.394 D_real: 0.535 D_fake: 0.115 G: 1.412 NCE: 1.188 NCE_Y: 0.847 
(epoch: 14, iters: 1880, time: 0.053, data: 0.001) G_GAN: 0.367 D_real: 0.255 D_fake: 0.242 G: 1.362 NCE: 1.132 NCE_Y: 0.859 
(epoch: 14, iters: 1980, time: 0.053, data: 0.001) G_GAN: 0.444 D_real: 0.136 D_fake: 0.164 G: 1.493 NCE: 1.124 NCE_Y: 0.974 
(epoch: 14, iters: 2080, time: 0.053, data: 0.001) G_GAN: 0.345 D_real: 0.257 D_fake: 0.131 G: 1.341 NCE: 1.171 NCE_Y: 0.820 
(epoch: 14, iters: 2180, time: 0.053, data: 0.002) G_GAN: 0.297 D_real: 0.139 D_fake: 0.277 G: 1.328 NCE: 1.217 NCE_Y: 0.845 
(epoch: 14, iters: 2280, time: 0.053, data: 0.001) G_GAN: 0.847 D_real: 0.110 D_fake: 0.019 G: 1.868 NCE: 1.220 NCE_Y: 0.824 
(epoch: 14, iters: 2380, time: 0.053, data: 0.002) G_GAN: 0.965 D_real: 0.017 D_fake: 0.023 G: 2.355 NCE: 1.851 NCE_Y: 0.929 
(epoch: 14, iters: 2480, time: 0.053, data: 0.001) G_GAN: 1.117 D_real: 0.018 D_fake: 0.025 G: 2.333 NCE: 1.507 NCE_Y: 0.924 
(epoch: 14, iters: 2580, time: 0.052, data: 0.001) G_GAN: 0.952 D_real: 0.010 D_fake: 0.011 G: 2.458 NCE: 2.050 NCE_Y: 0.961 
(epoch: 14, iters: 2680, time: 0.053, data: 0.002) G_GAN: 0.973 D_real: 0.005 D_fake: 0.008 G: 2.275 NCE: 1.682 NCE_Y: 0.922 
(epoch: 14, iters: 2780, time: 0.053, data: 0.001) G_GAN: 0.975 D_real: 0.004 D_fake: 0.018 G: 2.196 NCE: 1.482 NCE_Y: 0.960 
(epoch: 14, iters: 2880, time: 0.053, data: 0.001) G_GAN: 0.922 D_real: 0.003 D_fake: 0.014 G: 2.145 NCE: 1.509 NCE_Y: 0.938 
(epoch: 14, iters: 2980, time: 0.053, data: 0.001) G_GAN: 0.908 D_real: 0.010 D_fake: 0.015 G: 2.152 NCE: 1.496 NCE_Y: 0.993 
(epoch: 14, iters: 3080, time: 0.052, data: 0.001) G_GAN: 0.982 D_real: 0.004 D_fake: 0.007 G: 2.175 NCE: 1.429 NCE_Y: 0.957 
(epoch: 14, iters: 3180, time: 0.052, data: 0.002) G_GAN: 0.990 D_real: 0.003 D_fake: 0.011 G: 2.136 NCE: 1.368 NCE_Y: 0.924 
(epoch: 14, iters: 3280, time: 0.052, data: 0.001) G_GAN: 1.051 D_real: 0.004 D_fake: 0.017 G: 2.243 NCE: 1.438 NCE_Y: 0.945 
(epoch: 14, iters: 3380, time: 0.052, data: 0.001) G_GAN: 0.998 D_real: 0.002 D_fake: 0.006 G: 2.152 NCE: 1.386 NCE_Y: 0.922 
(epoch: 14, iters: 3480, time: 0.052, data: 0.001) G_GAN: 0.992 D_real: 0.003 D_fake: 0.009 G: 2.167 NCE: 1.419 NCE_Y: 0.932 
(epoch: 14, iters: 3580, time: 0.052, data: 0.001) G_GAN: 0.992 D_real: 0.003 D_fake: 0.013 G: 2.173 NCE: 1.447 NCE_Y: 0.915 
(epoch: 14, iters: 3680, time: 0.052, data: 0.001) G_GAN: 0.994 D_real: 0.005 D_fake: 0.019 G: 2.145 NCE: 1.366 NCE_Y: 0.937 
(epoch: 14, iters: 3780, time: 0.052, data: 0.001) G_GAN: 1.019 D_real: 0.005 D_fake: 0.024 G: 2.161 NCE: 1.375 NCE_Y: 0.909 
(epoch: 14, iters: 3880, time: 0.052, data: 0.001) G_GAN: 1.006 D_real: 0.002 D_fake: 0.016 G: 2.152 NCE: 1.408 NCE_Y: 0.884 
(epoch: 14, iters: 3980, time: 0.052, data: 0.002) G_GAN: 0.988 D_real: 0.002 D_fake: 0.004 G: 2.136 NCE: 1.409 NCE_Y: 0.887 
(epoch: 14, iters: 4080, time: 0.052, data: 0.001) G_GAN: 1.028 D_real: 0.002 D_fake: 0.006 G: 2.132 NCE: 1.333 NCE_Y: 0.874 
(epoch: 14, iters: 4180, time: 0.052, data: 0.002) G_GAN: 1.010 D_real: 0.004 D_fake: 0.005 G: 2.102 NCE: 1.327 NCE_Y: 0.858 
(epoch: 14, iters: 4280, time: 0.052, data: 0.001) G_GAN: 0.992 D_real: 0.005 D_fake: 0.011 G: 2.102 NCE: 1.324 NCE_Y: 0.894 
(epoch: 14, iters: 4380, time: 0.052, data: 0.001) G_GAN: 1.051 D_real: 0.003 D_fake: 0.009 G: 2.146 NCE: 1.347 NCE_Y: 0.843 
(epoch: 14, iters: 4480, time: 0.052, data: 0.001) G_GAN: 1.002 D_real: 0.002 D_fake: 0.007 G: 2.095 NCE: 1.330 NCE_Y: 0.857 
(epoch: 14, iters: 4580, time: 0.052, data: 0.001) G_GAN: 0.985 D_real: 0.003 D_fake: 0.014 G: 2.083 NCE: 1.360 NCE_Y: 0.836 
(epoch: 14, iters: 4680, time: 0.052, data: 0.001) G_GAN: 0.981 D_real: 0.006 D_fake: 0.017 G: 2.094 NCE: 1.329 NCE_Y: 0.897 
(epoch: 14, iters: 4780, time: 0.052, data: 0.001) G_GAN: 0.781 D_real: 0.056 D_fake: 0.046 G: 1.833 NCE: 1.217 NCE_Y: 0.887 
(epoch: 14, iters: 4880, time: 0.052, data: 0.001) G_GAN: 0.456 D_real: 0.114 D_fake: 0.262 G: 1.470 NCE: 1.074 NCE_Y: 0.955 
(epoch: 14, iters: 4980, time: 0.052, data: 0.001) G_GAN: 0.941 D_real: 0.007 D_fake: 0.006 G: 2.032 NCE: 1.241 NCE_Y: 0.941 
(epoch: 14, iters: 5080, time: 0.052, data: 0.001) G_GAN: 0.322 D_real: 0.229 D_fake: 0.196 G: 1.364 NCE: 1.147 NCE_Y: 0.936 
(epoch: 14, iters: 5180, time: 0.053, data: 0.002) G_GAN: 0.557 D_real: 0.153 D_fake: 0.128 G: 1.506 NCE: 1.009 NCE_Y: 0.889 
(epoch: 14, iters: 5280, time: 0.053, data: 0.001) G_GAN: 0.269 D_real: 0.354 D_fake: 0.135 G: 1.237 NCE: 1.042 NCE_Y: 0.894 
(epoch: 14, iters: 5380, time: 0.053, data: 0.001) G_GAN: 0.645 D_real: 0.043 D_fake: 0.067 G: 1.660 NCE: 1.086 NCE_Y: 0.943 
(epoch: 14, iters: 5480, time: 0.053, data: 0.001) G_GAN: 0.384 D_real: 0.140 D_fake: 0.179 G: 1.323 NCE: 0.995 NCE_Y: 0.883 
saving the latest model (epoch 14, total_iters 110000)
doctr_SELFF_to_SD_fixed_nl2
(epoch: 14, iters: 5580, time: 0.053, data: 0.002) G_GAN: 0.841 D_real: 0.030 D_fake: 0.025 G: 1.847 NCE: 1.145 NCE_Y: 0.867 
(epoch: 14, iters: 5680, time: 0.053, data: 0.001) G_GAN: 0.276 D_real: 0.236 D_fake: 0.223 G: 1.252 NCE: 1.096 NCE_Y: 0.855 
(epoch: 14, iters: 5780, time: 0.053, data: 0.001) G_GAN: 0.282 D_real: 0.226 D_fake: 0.200 G: 1.326 NCE: 1.209 NCE_Y: 0.878 
(epoch: 14, iters: 5880, time: 0.052, data: 0.001) G_GAN: 0.329 D_real: 0.269 D_fake: 0.191 G: 1.311 NCE: 1.126 NCE_Y: 0.838 
(epoch: 14, iters: 5980, time: 0.053, data: 0.002) G_GAN: 0.440 D_real: 0.264 D_fake: 0.097 G: 1.404 NCE: 1.092 NCE_Y: 0.837 
(epoch: 14, iters: 6080, time: 0.053, data: 0.001) G_GAN: 0.259 D_real: 0.188 D_fake: 0.306 G: 1.259 NCE: 1.136 NCE_Y: 0.865 
(epoch: 14, iters: 6180, time: 0.053, data: 0.001) G_GAN: 0.350 D_real: 0.231 D_fake: 0.136 G: 1.329 NCE: 1.113 NCE_Y: 0.845 
(epoch: 14, iters: 6280, time: 0.053, data: 0.001) G_GAN: 0.452 D_real: 0.196 D_fake: 0.115 G: 1.435 NCE: 1.077 NCE_Y: 0.888 
(epoch: 14, iters: 6380, time: 0.053, data: 0.001) G_GAN: 0.559 D_real: 0.132 D_fake: 0.068 G: 1.491 NCE: 1.000 NCE_Y: 0.865 
(epoch: 14, iters: 6480, time: 0.053, data: 0.001) G_GAN: 0.370 D_real: 0.349 D_fake: 0.119 G: 1.596 NCE: 1.127 NCE_Y: 1.325 
(epoch: 14, iters: 6580, time: 0.053, data: 0.001) G_GAN: 0.870 D_real: 0.009 D_fake: 0.025 G: 2.132 NCE: 1.638 NCE_Y: 0.886 
(epoch: 14, iters: 6680, time: 0.053, data: 0.001) G_GAN: 1.068 D_real: 0.022 D_fake: 0.015 G: 2.192 NCE: 1.267 NCE_Y: 0.980 
(epoch: 14, iters: 6780, time: 0.053, data: 0.002) G_GAN: 0.427 D_real: 0.240 D_fake: 0.254 G: 1.451 NCE: 1.107 NCE_Y: 0.939 
(epoch: 14, iters: 6880, time: 0.053, data: 0.001) G_GAN: 0.354 D_real: 0.244 D_fake: 0.226 G: 1.370 NCE: 1.161 NCE_Y: 0.872 
(epoch: 14, iters: 6980, time: 0.053, data: 0.001) G_GAN: 0.265 D_real: 0.402 D_fake: 0.195 G: 1.295 NCE: 1.192 NCE_Y: 0.868 
(epoch: 14, iters: 7080, time: 0.053, data: 0.001) G_GAN: 0.257 D_real: 0.274 D_fake: 0.245 G: 1.265 NCE: 1.152 NCE_Y: 0.864 
(epoch: 14, iters: 7180, time: 0.053, data: 0.002) G_GAN: 0.321 D_real: 0.634 D_fake: 0.110 G: 1.291 NCE: 1.105 NCE_Y: 0.834 
(epoch: 14, iters: 7280, time: 0.051, data: 0.002) G_GAN: 0.300 D_real: 0.188 D_fake: 0.287 G: 1.292 NCE: 1.111 NCE_Y: 0.874 
(epoch: 14, iters: 7380, time: 0.052, data: 0.001) G_GAN: 0.268 D_real: 0.233 D_fake: 0.255 G: 1.218 NCE: 1.078 NCE_Y: 0.823 
(epoch: 14, iters: 7480, time: 0.052, data: 0.001) G_GAN: 0.332 D_real: 0.236 D_fake: 0.190 G: 1.312 NCE: 1.135 NCE_Y: 0.826 
(epoch: 14, iters: 7580, time: 0.052, data: 0.003) G_GAN: 0.816 D_real: 0.127 D_fake: 0.065 G: 1.801 NCE: 1.116 NCE_Y: 0.854 
(epoch: 14, iters: 7680, time: 0.052, data: 0.001) G_GAN: 0.323 D_real: 0.136 D_fake: 0.207 G: 1.312 NCE: 1.132 NCE_Y: 0.845 
(epoch: 14, iters: 7780, time: 0.051, data: 0.002) G_GAN: 0.216 D_real: 0.334 D_fake: 0.254 G: 1.273 NCE: 1.284 NCE_Y: 0.829 
(epoch: 14, iters: 7880, time: 0.052, data: 0.001) G_GAN: 0.230 D_real: 0.332 D_fake: 0.336 G: 1.242 NCE: 1.171 NCE_Y: 0.853 
(epoch: 14, iters: 7980, time: 0.052, data: 0.002) G_GAN: 0.448 D_real: 0.056 D_fake: 0.254 G: 1.438 NCE: 1.145 NCE_Y: 0.834 
End of epoch 14 / 60 	 Time Taken: 436 sec
learning rate = 0.0002000
(epoch: 15, iters: 40, time: 0.053, data: 0.002) G_GAN: 0.204 D_real: 0.409 D_fake: 0.171 G: 1.229 NCE: 1.208 NCE_Y: 0.843 
(epoch: 15, iters: 140, time: 0.052, data: 0.001) G_GAN: 0.290 D_real: 0.251 D_fake: 0.272 G: 1.326 NCE: 1.249 NCE_Y: 0.823 
(epoch: 15, iters: 240, time: 0.053, data: 0.001) G_GAN: 0.287 D_real: 0.335 D_fake: 0.163 G: 1.307 NCE: 1.229 NCE_Y: 0.813 
(epoch: 15, iters: 340, time: 0.052, data: 0.001) G_GAN: 0.329 D_real: 0.389 D_fake: 0.186 G: 1.301 NCE: 1.108 NCE_Y: 0.835 
(epoch: 15, iters: 440, time: 0.051, data: 0.001) G_GAN: 0.269 D_real: 0.141 D_fake: 0.328 G: 1.264 NCE: 1.134 NCE_Y: 0.857 
(epoch: 15, iters: 540, time: 0.051, data: 0.001) G_GAN: 0.331 D_real: 0.105 D_fake: 0.259 G: 1.339 NCE: 1.200 NCE_Y: 0.815 
(epoch: 15, iters: 640, time: 0.051, data: 0.001) G_GAN: 0.434 D_real: 0.185 D_fake: 0.240 G: 1.459 NCE: 1.225 NCE_Y: 0.824 
(epoch: 15, iters: 740, time: 0.052, data: 0.001) G_GAN: 0.891 D_real: 0.022 D_fake: 0.063 G: 1.928 NCE: 1.145 NCE_Y: 0.928 
(epoch: 15, iters: 840, time: 0.052, data: 0.001) G_GAN: 0.341 D_real: 0.257 D_fake: 0.198 G: 1.328 NCE: 1.116 NCE_Y: 0.858 
(epoch: 15, iters: 940, time: 0.053, data: 0.001) G_GAN: 0.900 D_real: 0.485 D_fake: 0.034 G: 1.903 NCE: 1.190 NCE_Y: 0.816 
(epoch: 15, iters: 1040, time: 0.053, data: 0.001) G_GAN: 0.316 D_real: 0.187 D_fake: 0.284 G: 1.270 NCE: 1.076 NCE_Y: 0.833 
(epoch: 15, iters: 1140, time: 0.053, data: 0.001) G_GAN: 0.313 D_real: 0.265 D_fake: 0.175 G: 1.360 NCE: 1.247 NCE_Y: 0.847 
(epoch: 15, iters: 1240, time: 0.053, data: 0.001) G_GAN: 0.196 D_real: 0.238 D_fake: 0.278 G: 1.203 NCE: 1.175 NCE_Y: 0.839 
(epoch: 15, iters: 1340, time: 0.053, data: 0.001) G_GAN: 0.269 D_real: 0.244 D_fake: 0.300 G: 1.264 NCE: 1.168 NCE_Y: 0.823 
(epoch: 15, iters: 1440, time: 0.053, data: 0.001) G_GAN: 0.273 D_real: 0.320 D_fake: 0.315 G: 1.309 NCE: 1.225 NCE_Y: 0.846 
(epoch: 15, iters: 1540, time: 0.052, data: 0.002) G_GAN: 0.344 D_real: 0.256 D_fake: 0.179 G: 1.301 NCE: 1.054 NCE_Y: 0.861 
(epoch: 15, iters: 1640, time: 0.052, data: 0.001) G_GAN: 0.294 D_real: 0.285 D_fake: 0.176 G: 1.277 NCE: 1.081 NCE_Y: 0.884 
(epoch: 15, iters: 1740, time: 0.052, data: 0.001) G_GAN: 0.227 D_real: 0.444 D_fake: 0.275 G: 1.244 NCE: 1.188 NCE_Y: 0.846 
(epoch: 15, iters: 1840, time: 0.052, data: 0.001) G_GAN: 0.223 D_real: 0.261 D_fake: 0.295 G: 1.174 NCE: 1.038 NCE_Y: 0.864 
(epoch: 15, iters: 1940, time: 0.052, data: 0.001) G_GAN: 0.225 D_real: 0.316 D_fake: 0.239 G: 1.180 NCE: 1.030 NCE_Y: 0.879 
(epoch: 15, iters: 2040, time: 0.052, data: 0.001) G_GAN: 0.297 D_real: 0.445 D_fake: 0.167 G: 1.297 NCE: 1.155 NCE_Y: 0.844 
(epoch: 15, iters: 2140, time: 0.052, data: 0.001) G_GAN: 0.286 D_real: 0.168 D_fake: 0.262 G: 1.247 NCE: 1.097 NCE_Y: 0.825 
(epoch: 15, iters: 2240, time: 0.052, data: 0.001) G_GAN: 0.311 D_real: 0.272 D_fake: 0.144 G: 1.258 NCE: 1.056 NCE_Y: 0.838 
(epoch: 15, iters: 2340, time: 0.052, data: 0.002) G_GAN: 0.331 D_real: 0.256 D_fake: 0.195 G: 1.281 NCE: 1.071 NCE_Y: 0.830 
(epoch: 15, iters: 2440, time: 0.052, data: 0.001) G_GAN: 0.243 D_real: 0.355 D_fake: 0.196 G: 1.376 NCE: 1.430 NCE_Y: 0.835 
saving the latest model (epoch 15, total_iters 115000)
doctr_SELFF_to_SD_fixed_nl2
(epoch: 15, iters: 2540, time: 0.052, data: 0.001) G_GAN: 0.338 D_real: 0.279 D_fake: 0.130 G: 1.372 NCE: 1.241 NCE_Y: 0.826 
(epoch: 15, iters: 2640, time: 0.052, data: 0.001) G_GAN: 0.412 D_real: 0.191 D_fake: 0.155 G: 1.361 NCE: 1.067 NCE_Y: 0.832 
(epoch: 15, iters: 2740, time: 0.052, data: 0.001) G_GAN: 0.366 D_real: 0.172 D_fake: 0.257 G: 1.311 NCE: 1.031 NCE_Y: 0.860 
(epoch: 15, iters: 2840, time: 0.052, data: 0.001) G_GAN: 0.299 D_real: 0.208 D_fake: 0.214 G: 1.321 NCE: 1.081 NCE_Y: 0.962 
(epoch: 15, iters: 2940, time: 0.052, data: 0.001) G_GAN: 0.297 D_real: 0.170 D_fake: 0.264 G: 1.257 NCE: 1.074 NCE_Y: 0.845 
(epoch: 15, iters: 3040, time: 0.052, data: 0.002) G_GAN: 0.341 D_real: 0.168 D_fake: 0.242 G: 1.302 NCE: 1.106 NCE_Y: 0.817 
(epoch: 15, iters: 3140, time: 0.052, data: 0.002) G_GAN: 0.417 D_real: 0.115 D_fake: 0.200 G: 1.415 NCE: 1.157 NCE_Y: 0.839 
(epoch: 15, iters: 3240, time: 0.052, data: 0.001) G_GAN: 0.359 D_real: 0.153 D_fake: 0.222 G: 1.382 NCE: 1.221 NCE_Y: 0.826 
(epoch: 15, iters: 3340, time: 0.053, data: 0.001) G_GAN: 0.303 D_real: 0.361 D_fake: 0.163 G: 1.262 NCE: 1.077 NCE_Y: 0.841 
(epoch: 15, iters: 3440, time: 0.053, data: 0.001) G_GAN: 0.199 D_real: 0.343 D_fake: 0.307 G: 1.181 NCE: 1.125 NCE_Y: 0.839 
(epoch: 15, iters: 3540, time: 0.052, data: 0.001) G_GAN: 0.211 D_real: 0.369 D_fake: 0.206 G: 1.242 NCE: 1.222 NCE_Y: 0.839 
(epoch: 15, iters: 3640, time: 0.052, data: 0.002) G_GAN: 0.386 D_real: 0.217 D_fake: 0.147 G: 1.345 NCE: 1.091 NCE_Y: 0.827 
(epoch: 15, iters: 3740, time: 0.052, data: 0.001) G_GAN: 0.260 D_real: 0.290 D_fake: 0.203 G: 1.291 NCE: 1.231 NCE_Y: 0.831 
(epoch: 15, iters: 3840, time: 0.052, data: 0.001) G_GAN: 0.274 D_real: 0.239 D_fake: 0.223 G: 1.303 NCE: 1.231 NCE_Y: 0.827 
(epoch: 15, iters: 3940, time: 0.052, data: 0.001) G_GAN: 0.315 D_real: 0.378 D_fake: 0.176 G: 1.345 NCE: 1.210 NCE_Y: 0.851 
(epoch: 15, iters: 4040, time: 0.053, data: 0.001) G_GAN: 0.362 D_real: 0.198 D_fake: 0.161 G: 1.324 NCE: 1.103 NCE_Y: 0.819 
(epoch: 15, iters: 4140, time: 0.052, data: 0.001) G_GAN: 1.120 D_real: 0.280 D_fake: 0.275 G: 2.091 NCE: 1.103 NCE_Y: 0.837 
(epoch: 15, iters: 4240, time: 0.052, data: 0.001) G_GAN: 0.283 D_real: 0.182 D_fake: 0.279 G: 1.271 NCE: 1.163 NCE_Y: 0.814 
(epoch: 15, iters: 4340, time: 0.052, data: 0.001) G_GAN: 0.205 D_real: 0.318 D_fake: 0.283 G: 1.182 NCE: 1.099 NCE_Y: 0.853 
(epoch: 15, iters: 4440, time: 0.052, data: 0.001) G_GAN: 0.429 D_real: 0.161 D_fake: 0.154 G: 1.388 NCE: 1.105 NCE_Y: 0.812 
(epoch: 15, iters: 4540, time: 0.052, data: 0.001) G_GAN: 0.326 D_real: 0.170 D_fake: 0.296 G: 1.368 NCE: 1.241 NCE_Y: 0.844 
(epoch: 15, iters: 4640, time: 0.052, data: 0.001) G_GAN: 0.245 D_real: 0.207 D_fake: 0.351 G: 1.231 NCE: 1.155 NCE_Y: 0.817 
(epoch: 15, iters: 4740, time: 0.053, data: 0.002) G_GAN: 0.373 D_real: 0.206 D_fake: 0.179 G: 1.377 NCE: 1.165 NCE_Y: 0.843 
(epoch: 15, iters: 4840, time: 0.053, data: 0.001) G_GAN: 0.261 D_real: 0.265 D_fake: 0.299 G: 1.225 NCE: 1.087 NCE_Y: 0.840 
(epoch: 15, iters: 4940, time: 0.053, data: 0.001) G_GAN: 0.266 D_real: 0.494 D_fake: 0.143 G: 1.275 NCE: 1.185 NCE_Y: 0.833 
(epoch: 15, iters: 5040, time: 0.053, data: 0.001) G_GAN: 0.311 D_real: 0.223 D_fake: 0.218 G: 1.361 NCE: 1.262 NCE_Y: 0.840 
(epoch: 15, iters: 5140, time: 0.052, data: 0.001) G_GAN: 0.392 D_real: 0.182 D_fake: 0.143 G: 1.371 NCE: 1.114 NCE_Y: 0.844 
(epoch: 15, iters: 5240, time: 0.052, data: 0.001) G_GAN: 0.759 D_real: 0.034 D_fake: 0.113 G: 1.886 NCE: 1.310 NCE_Y: 0.943 
(epoch: 15, iters: 5340, time: 0.053, data: 0.002) G_GAN: 0.383 D_real: 0.138 D_fake: 0.232 G: 1.373 NCE: 1.121 NCE_Y: 0.857 
(epoch: 15, iters: 5440, time: 0.053, data: 0.001) G_GAN: 0.200 D_real: 0.317 D_fake: 0.295 G: 1.180 NCE: 1.088 NCE_Y: 0.872 
(epoch: 15, iters: 5540, time: 0.053, data: 0.001) G_GAN: 0.322 D_real: 0.136 D_fake: 0.272 G: 1.377 NCE: 1.299 NCE_Y: 0.811 
(epoch: 15, iters: 5640, time: 0.053, data: 0.001) G_GAN: 0.327 D_real: 0.170 D_fake: 0.288 G: 1.325 NCE: 1.187 NCE_Y: 0.809 
(epoch: 15, iters: 5740, time: 0.053, data: 0.001) G_GAN: 0.328 D_real: 0.165 D_fake: 0.235 G: 1.322 NCE: 1.175 NCE_Y: 0.811 
(epoch: 15, iters: 5840, time: 0.053, data: 0.001) G_GAN: 0.241 D_real: 0.262 D_fake: 0.307 G: 1.226 NCE: 1.157 NCE_Y: 0.814 
(epoch: 15, iters: 5940, time: 0.053, data: 0.001) G_GAN: 0.381 D_real: 0.204 D_fake: 0.218 G: 1.342 NCE: 1.104 NCE_Y: 0.818 
(epoch: 15, iters: 6040, time: 0.053, data: 0.001) G_GAN: 0.332 D_real: 0.168 D_fake: 0.273 G: 1.282 NCE: 1.067 NCE_Y: 0.833 
(epoch: 15, iters: 6140, time: 0.053, data: 0.002) G_GAN: 0.220 D_real: 0.279 D_fake: 0.255 G: 1.262 NCE: 1.215 NCE_Y: 0.869 
(epoch: 15, iters: 6240, time: 0.053, data: 0.001) G_GAN: 0.325 D_real: 0.185 D_fake: 0.264 G: 1.303 NCE: 1.138 NCE_Y: 0.819 
(epoch: 15, iters: 6340, time: 0.053, data: 0.002) G_GAN: 0.416 D_real: 0.151 D_fake: 0.124 G: 1.392 NCE: 1.120 NCE_Y: 0.831 
(epoch: 15, iters: 6440, time: 0.053, data: 0.001) G_GAN: 0.243 D_real: 0.214 D_fake: 0.507 G: 1.284 NCE: 1.274 NCE_Y: 0.808 
(epoch: 15, iters: 6540, time: 0.053, data: 0.001) G_GAN: 0.299 D_real: 0.290 D_fake: 0.167 G: 1.316 NCE: 1.218 NCE_Y: 0.815 
(epoch: 15, iters: 6640, time: 0.053, data: 0.001) G_GAN: 0.799 D_real: 0.024 D_fake: 0.022 G: 1.762 NCE: 1.104 NCE_Y: 0.821 
(epoch: 15, iters: 6740, time: 0.053, data: 0.001) G_GAN: 0.825 D_real: 0.045 D_fake: 0.083 G: 1.891 NCE: 1.275 NCE_Y: 0.858 
(epoch: 15, iters: 6840, time: 0.053, data: 0.001) G_GAN: 0.608 D_real: 0.014 D_fake: 0.427 G: 1.587 NCE: 1.126 NCE_Y: 0.832 
(epoch: 15, iters: 6940, time: 0.053, data: 0.001) G_GAN: 0.279 D_real: 0.386 D_fake: 0.147 G: 1.237 NCE: 1.101 NCE_Y: 0.816 
(epoch: 15, iters: 7040, time: 0.053, data: 0.001) G_GAN: 0.374 D_real: 0.146 D_fake: 0.214 G: 1.319 NCE: 1.071 NCE_Y: 0.820 
(epoch: 15, iters: 7140, time: 0.053, data: 0.001) G_GAN: 0.237 D_real: 0.147 D_fake: 0.340 G: 1.205 NCE: 1.098 NCE_Y: 0.838 
(epoch: 15, iters: 7240, time: 0.053, data: 0.001) G_GAN: 0.366 D_real: 0.107 D_fake: 0.249 G: 1.379 NCE: 1.180 NCE_Y: 0.847 
(epoch: 15, iters: 7340, time: 0.053, data: 0.002) G_GAN: 0.244 D_real: 0.172 D_fake: 0.379 G: 1.277 NCE: 1.203 NCE_Y: 0.864 
(epoch: 15, iters: 7440, time: 0.053, data: 0.001) G_GAN: 0.262 D_real: 0.177 D_fake: 0.301 G: 1.259 NCE: 1.179 NCE_Y: 0.815 
saving the latest model (epoch 15, total_iters 120000)
doctr_SELFF_to_SD_fixed_nl2
(epoch: 15, iters: 7540, time: 0.053, data: 0.001) G_GAN: 0.281 D_real: 0.298 D_fake: 0.220 G: 1.283 NCE: 1.138 NCE_Y: 0.866 
(epoch: 15, iters: 7640, time: 0.053, data: 0.001) G_GAN: 0.339 D_real: 0.303 D_fake: 0.185 G: 1.280 NCE: 1.046 NCE_Y: 0.836 
(epoch: 15, iters: 7740, time: 0.053, data: 0.001) G_GAN: 0.292 D_real: 0.178 D_fake: 0.218 G: 1.212 NCE: 1.023 NCE_Y: 0.817 
(epoch: 15, iters: 7840, time: 0.053, data: 0.001) G_GAN: 0.485 D_real: 0.030 D_fake: 0.320 G: 1.462 NCE: 1.096 NCE_Y: 0.858 
(epoch: 15, iters: 7940, time: 0.053, data: 0.001) G_GAN: 0.449 D_real: 0.089 D_fake: 0.303 G: 1.436 NCE: 1.120 NCE_Y: 0.854 
(epoch: 15, iters: 8040, time: 0.052, data: 0.001) G_GAN: 0.521 D_real: 0.088 D_fake: 0.180 G: 1.488 NCE: 1.145 NCE_Y: 0.791 
saving the model at the end of epoch 15, iters 120600
End of epoch 15 / 60 	 Time Taken: 436 sec
learning rate = 0.0002000
(epoch: 16, iters: 100, time: 0.053, data: 0.133) G_GAN: 0.224 D_real: 0.407 D_fake: 0.157 G: 1.237 NCE: 1.201 NCE_Y: 0.824 
(epoch: 16, iters: 200, time: 0.053, data: 0.002) G_GAN: 0.240 D_real: 0.477 D_fake: 0.208 G: 1.220 NCE: 1.140 NCE_Y: 0.820 
(epoch: 16, iters: 300, time: 0.053, data: 0.001) G_GAN: 0.354 D_real: 0.103 D_fake: 0.294 G: 1.345 NCE: 1.147 NCE_Y: 0.835 
(epoch: 16, iters: 400, time: 0.053, data: 0.001) G_GAN: 0.273 D_real: 0.240 D_fake: 0.227 G: 1.238 NCE: 1.126 NCE_Y: 0.804 
(epoch: 16, iters: 500, time: 0.053, data: 0.001) G_GAN: 0.282 D_real: 0.233 D_fake: 0.255 G: 1.245 NCE: 1.107 NCE_Y: 0.819 
(epoch: 16, iters: 600, time: 0.053, data: 0.001) G_GAN: 0.327 D_real: 0.204 D_fake: 0.237 G: 1.305 NCE: 1.081 NCE_Y: 0.877 
(epoch: 16, iters: 700, time: 0.053, data: 0.001) G_GAN: 0.316 D_real: 0.218 D_fake: 0.178 G: 1.268 NCE: 1.090 NCE_Y: 0.813 
(epoch: 16, iters: 800, time: 0.053, data: 0.001) G_GAN: 0.369 D_real: 0.491 D_fake: 0.053 G: 1.405 NCE: 1.203 NCE_Y: 0.870 
(epoch: 16, iters: 900, time: 0.053, data: 0.002) G_GAN: 0.278 D_real: 0.258 D_fake: 0.215 G: 1.299 NCE: 1.217 NCE_Y: 0.827 
(epoch: 16, iters: 1000, time: 0.052, data: 0.001) G_GAN: 0.225 D_real: 0.339 D_fake: 0.244 G: 1.239 NCE: 1.197 NCE_Y: 0.830 
(epoch: 16, iters: 1100, time: 0.052, data: 0.002) G_GAN: 0.317 D_real: 0.240 D_fake: 0.176 G: 1.331 NCE: 1.201 NCE_Y: 0.827 
(epoch: 16, iters: 1200, time: 0.052, data: 0.001) G_GAN: 0.303 D_real: 0.181 D_fake: 0.247 G: 1.330 NCE: 1.235 NCE_Y: 0.819 
(epoch: 16, iters: 1300, time: 0.052, data: 0.001) G_GAN: 0.420 D_real: 0.170 D_fake: 0.166 G: 1.401 NCE: 1.098 NCE_Y: 0.865 
(epoch: 16, iters: 1400, time: 0.052, data: 0.001) G_GAN: 0.330 D_real: 0.139 D_fake: 0.243 G: 1.329 NCE: 1.185 NCE_Y: 0.814 
(epoch: 16, iters: 1500, time: 0.052, data: 0.001) G_GAN: 0.278 D_real: 0.261 D_fake: 0.156 G: 1.232 NCE: 1.101 NCE_Y: 0.808 
(epoch: 16, iters: 1600, time: 0.052, data: 0.002) G_GAN: 0.262 D_real: 0.313 D_fake: 0.260 G: 1.187 NCE: 1.023 NCE_Y: 0.828 
(epoch: 16, iters: 1700, time: 0.052, data: 0.001) G_GAN: 0.393 D_real: 0.042 D_fake: 0.306 G: 1.417 NCE: 1.213 NCE_Y: 0.835 
(epoch: 16, iters: 1800, time: 0.053, data: 0.002) G_GAN: 0.391 D_real: 0.122 D_fake: 0.267 G: 1.429 NCE: 1.233 NCE_Y: 0.844 
(epoch: 16, iters: 1900, time: 0.052, data: 0.001) G_GAN: 0.269 D_real: 0.212 D_fake: 0.305 G: 1.243 NCE: 1.117 NCE_Y: 0.831 
(epoch: 16, iters: 2000, time: 0.053, data: 0.001) G_GAN: 0.440 D_real: 0.136 D_fake: 0.155 G: 1.409 NCE: 1.117 NCE_Y: 0.822 
(epoch: 16, iters: 2100, time: 0.053, data: 0.001) G_GAN: 0.230 D_real: 0.198 D_fake: 0.393 G: 1.235 NCE: 1.203 NCE_Y: 0.806 
(epoch: 16, iters: 2200, time: 0.052, data: 0.001) G_GAN: 0.374 D_real: 0.241 D_fake: 0.150 G: 1.449 NCE: 1.247 NCE_Y: 0.903 
(epoch: 16, iters: 2300, time: 0.053, data: 0.002) G_GAN: 0.858 D_real: 0.020 D_fake: 0.016 G: 2.108 NCE: 1.604 NCE_Y: 0.895 
(epoch: 16, iters: 2400, time: 0.053, data: 0.001) G_GAN: 0.959 D_real: 0.005 D_fake: 0.008 G: 2.253 NCE: 1.682 NCE_Y: 0.906 
(epoch: 16, iters: 2500, time: 0.053, data: 0.001) G_GAN: 0.432 D_real: 0.125 D_fake: 0.168 G: 1.407 NCE: 1.078 NCE_Y: 0.872 
(epoch: 16, iters: 2600, time: 0.053, data: 0.002) G_GAN: 0.404 D_real: 0.056 D_fake: 0.324 G: 1.369 NCE: 1.072 NCE_Y: 0.857 
(epoch: 16, iters: 2700, time: 0.053, data: 0.001) G_GAN: 0.304 D_real: 0.182 D_fake: 0.227 G: 1.250 NCE: 1.074 NCE_Y: 0.818 
(epoch: 16, iters: 2800, time: 0.053, data: 0.001) G_GAN: 0.232 D_real: 0.211 D_fake: 0.261 G: 1.192 NCE: 1.103 NCE_Y: 0.816 
(epoch: 16, iters: 2900, time: 0.053, data: 0.002) G_GAN: 0.430 D_real: 0.228 D_fake: 0.129 G: 1.418 NCE: 1.116 NCE_Y: 0.859 
(epoch: 16, iters: 3000, time: 0.053, data: 0.002) G_GAN: 0.263 D_real: 0.277 D_fake: 0.237 G: 1.212 NCE: 1.074 NCE_Y: 0.822 
(epoch: 16, iters: 3100, time: 0.053, data: 0.001) G_GAN: 0.291 D_real: 0.223 D_fake: 0.232 G: 1.297 NCE: 1.178 NCE_Y: 0.835 
(epoch: 16, iters: 3200, time: 0.053, data: 0.001) G_GAN: 0.239 D_real: 0.306 D_fake: 0.290 G: 1.224 NCE: 1.153 NCE_Y: 0.818 
(epoch: 16, iters: 3300, time: 0.052, data: 0.002) G_GAN: 0.607 D_real: 0.364 D_fake: 0.051 G: 1.584 NCE: 1.125 NCE_Y: 0.829 
(epoch: 16, iters: 3400, time: 0.052, data: 0.001) G_GAN: 0.715 D_real: 0.087 D_fake: 0.068 G: 1.779 NCE: 1.290 NCE_Y: 0.838 
(epoch: 16, iters: 3500, time: 0.053, data: 0.002) G_GAN: 0.269 D_real: 0.340 D_fake: 0.209 G: 1.347 NCE: 1.310 NCE_Y: 0.848 
(epoch: 16, iters: 3600, time: 0.053, data: 0.001) G_GAN: 0.311 D_real: 0.243 D_fake: 0.201 G: 1.326 NCE: 1.183 NCE_Y: 0.847 
(epoch: 16, iters: 3700, time: 0.052, data: 0.001) G_GAN: 0.346 D_real: 0.304 D_fake: 0.123 G: 1.362 NCE: 1.181 NCE_Y: 0.852 
(epoch: 16, iters: 3800, time: 0.052, data: 0.001) G_GAN: 0.177 D_real: 0.324 D_fake: 0.319 G: 1.199 NCE: 1.212 NCE_Y: 0.832 
(epoch: 16, iters: 3900, time: 0.052, data: 0.002) G_GAN: 0.334 D_real: 0.352 D_fake: 0.145 G: 1.330 NCE: 1.156 NCE_Y: 0.836 
(epoch: 16, iters: 4000, time: 0.051, data: 0.001) G_GAN: 0.322 D_real: 0.217 D_fake: 0.183 G: 1.396 NCE: 1.301 NCE_Y: 0.847 
(epoch: 16, iters: 4100, time: 0.051, data: 0.001) G_GAN: 0.234 D_real: 0.362 D_fake: 0.286 G: 1.225 NCE: 1.171 NCE_Y: 0.811 
(epoch: 16, iters: 4200, time: 0.052, data: 0.001) G_GAN: 0.275 D_real: 0.271 D_fake: 0.289 G: 1.281 NCE: 1.203 NCE_Y: 0.809 
(epoch: 16, iters: 4300, time: 0.052, data: 0.001) G_GAN: 0.288 D_real: 0.416 D_fake: 0.164 G: 1.306 NCE: 1.195 NCE_Y: 0.842 
(epoch: 16, iters: 4400, time: 0.052, data: 0.001) G_GAN: 0.396 D_real: 0.203 D_fake: 0.205 G: 1.381 NCE: 1.159 NCE_Y: 0.811 
saving the latest model (epoch 16, total_iters 125000)
doctr_SELFF_to_SD_fixed_nl2
(epoch: 16, iters: 4500, time: 0.052, data: 0.001) G_GAN: 0.302 D_real: 0.245 D_fake: 0.208 G: 1.288 NCE: 1.127 NCE_Y: 0.845 
(epoch: 16, iters: 4600, time: 0.052, data: 0.001) G_GAN: 0.314 D_real: 0.241 D_fake: 0.210 G: 1.309 NCE: 1.174 NCE_Y: 0.815 
(epoch: 16, iters: 4700, time: 0.052, data: 0.001) G_GAN: 0.244 D_real: 0.247 D_fake: 0.251 G: 1.208 NCE: 1.098 NCE_Y: 0.828 
(epoch: 16, iters: 4800, time: 0.053, data: 0.001) G_GAN: 0.271 D_real: 0.346 D_fake: 0.154 G: 1.372 NCE: 1.339 NCE_Y: 0.862 
(epoch: 16, iters: 4900, time: 0.053, data: 0.002) G_GAN: 0.421 D_real: 0.261 D_fake: 0.156 G: 1.366 NCE: 1.043 NCE_Y: 0.847 
(epoch: 16, iters: 5000, time: 0.053, data: 0.001) G_GAN: 0.312 D_real: 0.164 D_fake: 0.251 G: 1.361 NCE: 1.271 NCE_Y: 0.825 
(epoch: 16, iters: 5100, time: 0.053, data: 0.002) G_GAN: 0.304 D_real: 0.166 D_fake: 0.339 G: 1.284 NCE: 1.145 NCE_Y: 0.816 
(epoch: 16, iters: 5200, time: 0.053, data: 0.001) G_GAN: 0.307 D_real: 0.194 D_fake: 0.309 G: 1.342 NCE: 1.260 NCE_Y: 0.809 
(epoch: 16, iters: 5300, time: 0.053, data: 0.001) G_GAN: 0.318 D_real: 0.292 D_fake: 0.195 G: 1.256 NCE: 1.067 NCE_Y: 0.809 
(epoch: 16, iters: 5400, time: 0.052, data: 0.001) G_GAN: 0.316 D_real: 0.228 D_fake: 0.199 G: 1.310 NCE: 1.125 NCE_Y: 0.864 
(epoch: 16, iters: 5500, time: 0.053, data: 0.001) G_GAN: 0.171 D_real: 0.337 D_fake: 0.349 G: 1.136 NCE: 1.112 NCE_Y: 0.818 
(epoch: 16, iters: 5600, time: 0.053, data: 0.001) G_GAN: 0.267 D_real: 0.189 D_fake: 0.339 G: 1.254 NCE: 1.123 NCE_Y: 0.852 
(epoch: 16, iters: 5700, time: 0.053, data: 0.001) G_GAN: 0.243 D_real: 0.242 D_fake: 0.419 G: 1.263 NCE: 1.220 NCE_Y: 0.819 
(epoch: 16, iters: 5800, time: 0.053, data: 0.001) G_GAN: 0.241 D_real: 0.365 D_fake: 0.203 G: 1.224 NCE: 1.133 NCE_Y: 0.833 
(epoch: 16, iters: 5900, time: 0.053, data: 0.001) G_GAN: 0.182 D_real: 0.313 D_fake: 0.393 G: 1.160 NCE: 1.089 NCE_Y: 0.867 
(epoch: 16, iters: 6000, time: 0.053, data: 0.001) G_GAN: 0.342 D_real: 0.215 D_fake: 0.271 G: 1.304 NCE: 1.086 NCE_Y: 0.837 
(epoch: 16, iters: 6100, time: 0.053, data: 0.002) G_GAN: 0.401 D_real: 0.188 D_fake: 0.191 G: 1.380 NCE: 1.147 NCE_Y: 0.812 
(epoch: 16, iters: 6200, time: 0.053, data: 0.001) G_GAN: 1.016 D_real: 0.034 D_fake: 0.034 G: 2.084 NCE: 1.253 NCE_Y: 0.884 
(epoch: 16, iters: 6300, time: 0.053, data: 0.002) G_GAN: 0.203 D_real: 0.406 D_fake: 0.195 G: 1.138 NCE: 1.029 NCE_Y: 0.841 
(epoch: 16, iters: 6400, time: 0.052, data: 0.002) G_GAN: 0.274 D_real: 0.294 D_fake: 0.223 G: 1.325 NCE: 1.284 NCE_Y: 0.819 
(epoch: 16, iters: 6500, time: 0.052, data: 0.001) G_GAN: 0.378 D_real: 0.290 D_fake: 0.139 G: 1.309 NCE: 1.048 NCE_Y: 0.815 
(epoch: 16, iters: 6600, time: 0.053, data: 0.001) G_GAN: 0.190 D_real: 0.235 D_fake: 0.388 G: 1.180 NCE: 1.149 NCE_Y: 0.832 
(epoch: 16, iters: 6700, time: 0.052, data: 0.002) G_GAN: 0.228 D_real: 0.399 D_fake: 0.187 G: 1.231 NCE: 1.175 NCE_Y: 0.831 
(epoch: 16, iters: 6800, time: 0.053, data: 0.001) G_GAN: 0.344 D_real: 0.318 D_fake: 0.113 G: 1.309 NCE: 1.074 NCE_Y: 0.856 
(epoch: 16, iters: 6900, time: 0.053, data: 0.001) G_GAN: 0.412 D_real: 0.164 D_fake: 0.178 G: 1.414 NCE: 1.194 NCE_Y: 0.812 
(epoch: 16, iters: 7000, time: 0.053, data: 0.001) G_GAN: 0.393 D_real: 0.197 D_fake: 0.128 G: 1.395 NCE: 1.183 NCE_Y: 0.821 
(epoch: 16, iters: 7100, time: 0.053, data: 0.001) G_GAN: 0.788 D_real: 0.017 D_fake: 0.043 G: 1.811 NCE: 1.190 NCE_Y: 0.857 
(epoch: 16, iters: 7200, time: 0.053, data: 0.001) G_GAN: 0.769 D_real: 0.075 D_fake: 0.025 G: 1.719 NCE: 1.076 NCE_Y: 0.823 
(epoch: 16, iters: 7300, time: 0.053, data: 0.001) G_GAN: 0.551 D_real: 0.149 D_fake: 0.291 G: 1.535 NCE: 1.132 NCE_Y: 0.836 
(epoch: 16, iters: 7400, time: 0.053, data: 0.001) G_GAN: 0.329 D_real: 0.114 D_fake: 0.365 G: 1.323 NCE: 1.150 NCE_Y: 0.838 
(epoch: 16, iters: 7500, time: 0.052, data: 0.001) G_GAN: 0.283 D_real: 0.199 D_fake: 0.270 G: 1.306 NCE: 1.180 NCE_Y: 0.866 
(epoch: 16, iters: 7600, time: 0.053, data: 0.001) G_GAN: 0.307 D_real: 0.212 D_fake: 0.250 G: 1.301 NCE: 1.129 NCE_Y: 0.861 
(epoch: 16, iters: 7700, time: 0.053, data: 0.001) G_GAN: 0.440 D_real: 0.061 D_fake: 0.180 G: 1.450 NCE: 1.130 NCE_Y: 0.890 
(epoch: 16, iters: 7800, time: 0.053, data: 0.001) G_GAN: 0.247 D_real: 0.333 D_fake: 0.246 G: 1.261 NCE: 1.196 NCE_Y: 0.832 
(epoch: 16, iters: 7900, time: 0.053, data: 0.002) G_GAN: 0.365 D_real: 0.224 D_fake: 0.216 G: 1.383 NCE: 1.184 NCE_Y: 0.851 
(epoch: 16, iters: 8000, time: 0.053, data: 0.001) G_GAN: 0.968 D_real: 0.016 D_fake: 0.049 G: 2.099 NCE: 1.438 NCE_Y: 0.824 
End of epoch 16 / 60 	 Time Taken: 436 sec
learning rate = 0.0002000
(epoch: 17, iters: 60, time: 0.053, data: 0.002) G_GAN: 0.966 D_real: 0.231 D_fake: 0.092 G: 1.985 NCE: 1.181 NCE_Y: 0.856 
(epoch: 17, iters: 160, time: 0.053, data: 0.001) G_GAN: 0.938 D_real: 0.019 D_fake: 0.138 G: 1.969 NCE: 1.198 NCE_Y: 0.863 
(epoch: 17, iters: 260, time: 0.053, data: 0.002) G_GAN: 1.218 D_real: 0.016 D_fake: 0.063 G: 2.200 NCE: 1.149 NCE_Y: 0.816 
(epoch: 17, iters: 360, time: 0.053, data: 0.001) G_GAN: 0.371 D_real: 0.275 D_fake: 0.238 G: 1.448 NCE: 1.277 NCE_Y: 0.877 
(epoch: 17, iters: 460, time: 0.053, data: 0.001) G_GAN: 0.234 D_real: 0.118 D_fake: 0.353 G: 1.225 NCE: 1.127 NCE_Y: 0.855 
(epoch: 17, iters: 560, time: 0.053, data: 0.002) G_GAN: 0.427 D_real: 0.275 D_fake: 0.137 G: 1.413 NCE: 1.163 NCE_Y: 0.809 
(epoch: 17, iters: 660, time: 0.053, data: 0.002) G_GAN: 0.507 D_real: 0.015 D_fake: 0.243 G: 1.523 NCE: 1.240 NCE_Y: 0.791 
(epoch: 17, iters: 760, time: 0.053, data: 0.002) G_GAN: 0.354 D_real: 0.250 D_fake: 0.167 G: 1.341 NCE: 1.132 NCE_Y: 0.840 
(epoch: 17, iters: 860, time: 0.053, data: 0.002) G_GAN: 0.376 D_real: 0.468 D_fake: 0.152 G: 1.374 NCE: 1.147 NCE_Y: 0.849 
(epoch: 17, iters: 960, time: 0.052, data: 0.002) G_GAN: 0.309 D_real: 0.254 D_fake: 0.183 G: 1.332 NCE: 1.227 NCE_Y: 0.818 
(epoch: 17, iters: 1060, time: 0.052, data: 0.002) G_GAN: 0.304 D_real: 0.189 D_fake: 0.274 G: 1.284 NCE: 1.149 NCE_Y: 0.812 
(epoch: 17, iters: 1160, time: 0.052, data: 0.001) G_GAN: 0.549 D_real: 0.134 D_fake: 0.144 G: 1.551 NCE: 1.145 NCE_Y: 0.858 
(epoch: 17, iters: 1260, time: 0.053, data: 0.002) G_GAN: 0.323 D_real: 0.266 D_fake: 0.210 G: 1.320 NCE: 1.177 NCE_Y: 0.815 
(epoch: 17, iters: 1360, time: 0.053, data: 0.001) G_GAN: 0.280 D_real: 0.121 D_fake: 0.370 G: 1.288 NCE: 1.167 NCE_Y: 0.849 
saving the latest model (epoch 17, total_iters 130000)
doctr_SELFF_to_SD_fixed_nl2
(epoch: 17, iters: 1460, time: 0.053, data: 0.001) G_GAN: 0.356 D_real: 0.142 D_fake: 0.208 G: 1.391 NCE: 1.228 NCE_Y: 0.841 
(epoch: 17, iters: 1560, time: 0.053, data: 0.001) G_GAN: 0.299 D_real: 0.203 D_fake: 0.269 G: 1.332 NCE: 1.133 NCE_Y: 0.933 
(epoch: 17, iters: 1660, time: 0.053, data: 0.002) G_GAN: 0.179 D_real: 0.263 D_fake: 0.361 G: 1.184 NCE: 1.204 NCE_Y: 0.807 
(epoch: 17, iters: 1760, time: 0.053, data: 0.001) G_GAN: 0.323 D_real: 0.159 D_fake: 0.217 G: 1.339 NCE: 1.216 NCE_Y: 0.816 
(epoch: 17, iters: 1860, time: 0.053, data: 0.002) G_GAN: 0.212 D_real: 0.228 D_fake: 0.359 G: 1.231 NCE: 1.206 NCE_Y: 0.832 
(epoch: 17, iters: 1960, time: 0.052, data: 0.001) G_GAN: 0.259 D_real: 0.149 D_fake: 0.403 G: 1.325 NCE: 1.295 NCE_Y: 0.836 
(epoch: 17, iters: 2060, time: 0.052, data: 0.001) G_GAN: 0.341 D_real: 0.085 D_fake: 0.296 G: 1.367 NCE: 1.111 NCE_Y: 0.941 
(epoch: 17, iters: 2160, time: 0.052, data: 0.001) G_GAN: 0.323 D_real: 0.228 D_fake: 0.262 G: 1.340 NCE: 1.217 NCE_Y: 0.817 
(epoch: 17, iters: 2260, time: 0.052, data: 0.001) G_GAN: 0.294 D_real: 0.254 D_fake: 0.199 G: 1.264 NCE: 1.024 NCE_Y: 0.915 
(epoch: 17, iters: 2360, time: 0.053, data: 0.001) G_GAN: 0.252 D_real: 0.233 D_fake: 0.247 G: 1.283 NCE: 1.226 NCE_Y: 0.835 
(epoch: 17, iters: 2460, time: 0.053, data: 0.001) G_GAN: 0.330 D_real: 0.278 D_fake: 0.193 G: 1.315 NCE: 1.147 NCE_Y: 0.822 
(epoch: 17, iters: 2560, time: 0.053, data: 0.001) G_GAN: 0.253 D_real: 0.289 D_fake: 0.270 G: 1.233 NCE: 1.143 NCE_Y: 0.819 
(epoch: 17, iters: 2660, time: 0.053, data: 0.002) G_GAN: 0.360 D_real: 0.220 D_fake: 0.188 G: 1.365 NCE: 1.122 NCE_Y: 0.888 
(epoch: 17, iters: 2760, time: 0.052, data: 0.001) G_GAN: 0.375 D_real: 0.134 D_fake: 0.236 G: 1.311 NCE: 1.038 NCE_Y: 0.833 
(epoch: 17, iters: 2860, time: 0.052, data: 0.001) G_GAN: 0.350 D_real: 0.208 D_fake: 0.257 G: 1.357 NCE: 1.173 NCE_Y: 0.842 
(epoch: 17, iters: 2960, time: 0.052, data: 0.001) G_GAN: 0.336 D_real: 0.594 D_fake: 0.126 G: 1.336 NCE: 1.166 NCE_Y: 0.832 
(epoch: 17, iters: 3060, time: 0.052, data: 0.001) G_GAN: 0.205 D_real: 0.471 D_fake: 0.255 G: 1.245 NCE: 1.266 NCE_Y: 0.814 
(epoch: 17, iters: 3160, time: 0.052, data: 0.001) G_GAN: 0.356 D_real: 0.178 D_fake: 0.181 G: 1.402 NCE: 1.257 NCE_Y: 0.835 
(epoch: 17, iters: 3260, time: 0.052, data: 0.001) G_GAN: 0.372 D_real: 0.370 D_fake: 0.097 G: 1.355 NCE: 1.113 NCE_Y: 0.854 
(epoch: 17, iters: 3360, time: 0.052, data: 0.001) G_GAN: 0.248 D_real: 0.309 D_fake: 0.188 G: 1.256 NCE: 1.206 NCE_Y: 0.809 
(epoch: 17, iters: 3460, time: 0.052, data: 0.001) G_GAN: 0.285 D_real: 0.338 D_fake: 0.192 G: 1.306 NCE: 1.221 NCE_Y: 0.821 
(epoch: 17, iters: 3560, time: 0.052, data: 0.002) G_GAN: 0.795 D_real: 0.021 D_fake: 0.033 G: 2.206 NCE: 1.976 NCE_Y: 0.847 
(epoch: 17, iters: 3660, time: 0.052, data: 0.001) G_GAN: 0.398 D_real: 0.474 D_fake: 0.340 G: 1.461 NCE: 1.233 NCE_Y: 0.894 
(epoch: 17, iters: 3760, time: 0.052, data: 0.001) G_GAN: 0.279 D_real: 0.218 D_fake: 0.264 G: 1.286 NCE: 1.168 NCE_Y: 0.846 
(epoch: 17, iters: 3860, time: 0.052, data: 0.002) G_GAN: 0.365 D_real: 0.539 D_fake: 0.159 G: 1.530 NCE: 1.474 NCE_Y: 0.855 
(epoch: 17, iters: 3960, time: 0.052, data: 0.001) G_GAN: 0.330 D_real: 0.204 D_fake: 0.192 G: 1.297 NCE: 1.112 NCE_Y: 0.822 
(epoch: 17, iters: 4060, time: 0.052, data: 0.001) G_GAN: 0.180 D_real: 0.251 D_fake: 0.322 G: 1.177 NCE: 1.160 NCE_Y: 0.833 
(epoch: 17, iters: 4160, time: 0.052, data: 0.001) G_GAN: 0.261 D_real: 0.532 D_fake: 0.174 G: 1.254 NCE: 1.129 NCE_Y: 0.856 
(epoch: 17, iters: 4260, time: 0.052, data: 0.002) G_GAN: 0.261 D_real: 0.429 D_fake: 0.221 G: 1.287 NCE: 1.168 NCE_Y: 0.885 
(epoch: 17, iters: 4360, time: 0.052, data: 0.001) G_GAN: 0.229 D_real: 0.302 D_fake: 0.293 G: 1.232 NCE: 1.189 NCE_Y: 0.817 
(epoch: 17, iters: 4460, time: 0.052, data: 0.001) G_GAN: 0.378 D_real: 0.265 D_fake: 0.117 G: 1.366 NCE: 1.152 NCE_Y: 0.823 
(epoch: 17, iters: 4560, time: 0.052, data: 0.002) G_GAN: 0.099 D_real: 0.457 D_fake: 0.340 G: 1.114 NCE: 1.170 NCE_Y: 0.860 
(epoch: 17, iters: 4660, time: 0.052, data: 0.002) G_GAN: 0.398 D_real: 0.106 D_fake: 0.229 G: 1.414 NCE: 1.245 NCE_Y: 0.787 
(epoch: 17, iters: 4760, time: 0.053, data: 0.001) G_GAN: 0.418 D_real: 0.175 D_fake: 0.159 G: 1.438 NCE: 1.238 NCE_Y: 0.802 
(epoch: 17, iters: 4860, time: 0.052, data: 0.001) G_GAN: 0.909 D_real: 0.013 D_fake: 0.036 G: 1.900 NCE: 1.139 NCE_Y: 0.842 
(epoch: 17, iters: 4960, time: 0.052, data: 0.001) G_GAN: 0.709 D_real: 0.027 D_fake: 0.071 G: 1.700 NCE: 1.095 NCE_Y: 0.886 
(epoch: 17, iters: 5060, time: 0.052, data: 0.001) G_GAN: 0.656 D_real: 0.026 D_fake: 0.184 G: 1.608 NCE: 1.015 NCE_Y: 0.888 
(epoch: 17, iters: 5160, time: 0.053, data: 0.001) G_GAN: 0.253 D_real: 0.294 D_fake: 0.294 G: 1.286 NCE: 1.199 NCE_Y: 0.867 
(epoch: 17, iters: 5260, time: 0.053, data: 0.001) G_GAN: 0.273 D_real: 0.575 D_fake: 0.118 G: 1.308 NCE: 1.226 NCE_Y: 0.843 
(epoch: 17, iters: 5360, time: 0.053, data: 0.001) G_GAN: 0.321 D_real: 0.128 D_fake: 0.227 G: 1.290 NCE: 1.122 NCE_Y: 0.817 
(epoch: 17, iters: 5460, time: 0.053, data: 0.001) G_GAN: 0.347 D_real: 0.077 D_fake: 0.260 G: 1.329 NCE: 1.148 NCE_Y: 0.817 
(epoch: 17, iters: 5560, time: 0.052, data: 0.001) G_GAN: 0.356 D_real: 0.127 D_fake: 0.263 G: 1.427 NCE: 1.340 NCE_Y: 0.801 
(epoch: 17, iters: 5660, time: 0.052, data: 0.001) G_GAN: 0.218 D_real: 0.500 D_fake: 0.276 G: 1.242 NCE: 1.245 NCE_Y: 0.804 
(epoch: 17, iters: 5760, time: 0.052, data: 0.001) G_GAN: 0.359 D_real: 0.090 D_fake: 0.246 G: 1.382 NCE: 1.227 NCE_Y: 0.820 
(epoch: 17, iters: 5860, time: 0.052, data: 0.001) G_GAN: 0.368 D_real: 0.163 D_fake: 0.163 G: 1.308 NCE: 1.072 NCE_Y: 0.808 
(epoch: 17, iters: 5960, time: 0.052, data: 0.001) G_GAN: 0.230 D_real: 0.270 D_fake: 0.258 G: 1.291 NCE: 1.286 NCE_Y: 0.836 
(epoch: 17, iters: 6060, time: 0.052, data: 0.002) G_GAN: 0.325 D_real: 0.185 D_fake: 0.259 G: 1.358 NCE: 1.232 NCE_Y: 0.835 
(epoch: 17, iters: 6160, time: 0.053, data: 0.001) G_GAN: 0.330 D_real: 0.242 D_fake: 0.176 G: 1.360 NCE: 1.241 NCE_Y: 0.818 
(epoch: 17, iters: 6260, time: 0.052, data: 0.001) G_GAN: 0.365 D_real: 0.168 D_fake: 0.156 G: 1.305 NCE: 1.069 NCE_Y: 0.810 
(epoch: 17, iters: 6360, time: 0.052, data: 0.001) G_GAN: 0.367 D_real: 0.329 D_fake: 0.139 G: 1.318 NCE: 1.081 NCE_Y: 0.821 
saving the latest model (epoch 17, total_iters 135000)
doctr_SELFF_to_SD_fixed_nl2
(epoch: 17, iters: 6460, time: 0.052, data: 0.001) G_GAN: 0.378 D_real: 0.107 D_fake: 0.226 G: 1.331 NCE: 1.089 NCE_Y: 0.817 
(epoch: 17, iters: 6560, time: 0.052, data: 0.002) G_GAN: 0.286 D_real: 0.178 D_fake: 0.267 G: 1.283 NCE: 1.183 NCE_Y: 0.809 
(epoch: 17, iters: 6660, time: 0.053, data: 0.001) G_GAN: 0.365 D_real: 0.160 D_fake: 0.177 G: 1.324 NCE: 1.113 NCE_Y: 0.805 
(epoch: 17, iters: 6760, time: 0.053, data: 0.001) G_GAN: 0.233 D_real: 0.077 D_fake: 0.407 G: 1.244 NCE: 1.237 NCE_Y: 0.785 
(epoch: 17, iters: 6860, time: 0.053, data: 0.001) G_GAN: 0.437 D_real: 0.051 D_fake: 0.211 G: 1.428 NCE: 1.148 NCE_Y: 0.834 
(epoch: 17, iters: 6960, time: 0.053, data: 0.001) G_GAN: 0.212 D_real: 0.322 D_fake: 0.276 G: 1.195 NCE: 1.160 NCE_Y: 0.806 
(epoch: 17, iters: 7060, time: 0.053, data: 0.002) G_GAN: 0.360 D_real: 0.404 D_fake: 0.123 G: 1.318 NCE: 1.071 NCE_Y: 0.846 
(epoch: 17, iters: 7160, time: 0.053, data: 0.002) G_GAN: 0.250 D_real: 0.473 D_fake: 0.150 G: 1.270 NCE: 1.137 NCE_Y: 0.903 
(epoch: 17, iters: 7260, time: 0.052, data: 0.001) G_GAN: 0.289 D_real: 0.208 D_fake: 0.300 G: 1.320 NCE: 1.202 NCE_Y: 0.862 
(epoch: 17, iters: 7360, time: 0.053, data: 0.002) G_GAN: 0.568 D_real: 0.058 D_fake: 0.188 G: 1.519 NCE: 1.064 NCE_Y: 0.836 
(epoch: 17, iters: 7460, time: 0.053, data: 0.001) G_GAN: 0.203 D_real: 0.275 D_fake: 0.311 G: 1.194 NCE: 1.177 NCE_Y: 0.804 
(epoch: 17, iters: 7560, time: 0.053, data: 0.001) G_GAN: 0.361 D_real: 0.230 D_fake: 0.194 G: 1.334 NCE: 1.128 NCE_Y: 0.819 
(epoch: 17, iters: 7660, time: 0.053, data: 0.001) G_GAN: 0.232 D_real: 0.310 D_fake: 0.282 G: 1.183 NCE: 1.075 NCE_Y: 0.827 
(epoch: 17, iters: 7760, time: 0.053, data: 0.001) G_GAN: 0.371 D_real: 0.282 D_fake: 0.170 G: 1.383 NCE: 1.211 NCE_Y: 0.813 
(epoch: 17, iters: 7860, time: 0.053, data: 0.001) G_GAN: 0.246 D_real: 0.217 D_fake: 0.293 G: 1.290 NCE: 1.279 NCE_Y: 0.809 
(epoch: 17, iters: 7960, time: 0.053, data: 0.002) G_GAN: 0.468 D_real: 0.101 D_fake: 0.330 G: 1.495 NCE: 1.233 NCE_Y: 0.822 
End of epoch 17 / 60 	 Time Taken: 437 sec
learning rate = 0.0002000
(epoch: 18, iters: 20, time: 0.053, data: 0.001) G_GAN: 0.309 D_real: 0.335 D_fake: 0.217 G: 1.375 NCE: 1.193 NCE_Y: 0.941 
(epoch: 18, iters: 120, time: 0.053, data: 0.002) G_GAN: 0.335 D_real: 0.197 D_fake: 0.245 G: 1.283 NCE: 1.069 NCE_Y: 0.829 
(epoch: 18, iters: 220, time: 0.053, data: 0.001) G_GAN: 0.213 D_real: 0.150 D_fake: 0.387 G: 1.211 NCE: 1.154 NCE_Y: 0.841 
(epoch: 18, iters: 320, time: 0.053, data: 0.001) G_GAN: 0.317 D_real: 0.379 D_fake: 0.130 G: 1.329 NCE: 1.207 NCE_Y: 0.816 
(epoch: 18, iters: 420, time: 0.053, data: 0.002) G_GAN: 0.388 D_real: 0.277 D_fake: 0.134 G: 1.460 NCE: 1.316 NCE_Y: 0.828 
(epoch: 18, iters: 520, time: 0.053, data: 0.001) G_GAN: 0.338 D_real: 0.369 D_fake: 0.237 G: 1.372 NCE: 1.092 NCE_Y: 0.977 
(epoch: 18, iters: 620, time: 0.053, data: 0.001) G_GAN: 0.347 D_real: 0.194 D_fake: 0.150 G: 1.348 NCE: 1.176 NCE_Y: 0.827 
(epoch: 18, iters: 720, time: 0.052, data: 0.001) G_GAN: 0.322 D_real: 0.286 D_fake: 0.169 G: 1.305 NCE: 1.134 NCE_Y: 0.833 
(epoch: 18, iters: 820, time: 0.052, data: 0.002) G_GAN: 0.392 D_real: 0.189 D_fake: 0.181 G: 1.348 NCE: 1.062 NCE_Y: 0.849 
(epoch: 18, iters: 920, time: 0.052, data: 0.001) G_GAN: 0.289 D_real: 0.348 D_fake: 0.137 G: 1.291 NCE: 1.178 NCE_Y: 0.826 
(epoch: 18, iters: 1020, time: 0.053, data: 0.002) G_GAN: 0.348 D_real: 0.222 D_fake: 0.202 G: 1.417 NCE: 1.302 NCE_Y: 0.836 
(epoch: 18, iters: 1120, time: 0.053, data: 0.001) G_GAN: 0.329 D_real: 0.278 D_fake: 0.159 G: 1.370 NCE: 1.280 NCE_Y: 0.802 
(epoch: 18, iters: 1220, time: 0.052, data: 0.001) G_GAN: 0.317 D_real: 0.432 D_fake: 0.110 G: 1.292 NCE: 1.130 NCE_Y: 0.819 
(epoch: 18, iters: 1320, time: 0.053, data: 0.001) G_GAN: 0.266 D_real: 0.319 D_fake: 0.204 G: 1.346 NCE: 1.253 NCE_Y: 0.907 
(epoch: 18, iters: 1420, time: 0.053, data: 0.001) G_GAN: 0.309 D_real: 0.280 D_fake: 0.159 G: 1.279 NCE: 1.119 NCE_Y: 0.819 
(epoch: 18, iters: 1520, time: 0.053, data: 0.001) G_GAN: 0.347 D_real: 0.250 D_fake: 0.137 G: 1.300 NCE: 1.087 NCE_Y: 0.817 
(epoch: 18, iters: 1620, time: 0.053, data: 0.002) G_GAN: 0.308 D_real: 0.168 D_fake: 0.232 G: 1.275 NCE: 1.116 NCE_Y: 0.818 
(epoch: 18, iters: 1720, time: 0.053, data: 0.001) G_GAN: 0.294 D_real: 0.222 D_fake: 0.212 G: 1.343 NCE: 1.296 NCE_Y: 0.802 
(epoch: 18, iters: 1820, time: 0.054, data: 0.001) G_GAN: 0.350 D_real: 0.279 D_fake: 0.142 G: 1.314 NCE: 1.071 NCE_Y: 0.858 
(epoch: 18, iters: 1920, time: 0.054, data: 0.002) G_GAN: 0.283 D_real: 0.250 D_fake: 0.246 G: 1.250 NCE: 1.104 NCE_Y: 0.831 
(epoch: 18, iters: 2020, time: 0.054, data: 0.002) G_GAN: 0.933 D_real: 0.034 D_fake: 0.026 G: 1.944 NCE: 1.206 NCE_Y: 0.816 
(epoch: 18, iters: 2120, time: 0.054, data: 0.001) G_GAN: 0.263 D_real: 0.255 D_fake: 0.265 G: 1.292 NCE: 1.165 NCE_Y: 0.893 
(epoch: 18, iters: 2220, time: 0.054, data: 0.002) G_GAN: 0.347 D_real: 0.349 D_fake: 0.177 G: 1.329 NCE: 1.136 NCE_Y: 0.828 
(epoch: 18, iters: 2320, time: 0.053, data: 0.001) G_GAN: 0.298 D_real: 0.326 D_fake: 0.166 G: 1.301 NCE: 1.151 NCE_Y: 0.855 
(epoch: 18, iters: 2420, time: 0.053, data: 0.001) G_GAN: 0.446 D_real: 0.084 D_fake: 0.159 G: 1.379 NCE: 1.079 NCE_Y: 0.789 
(epoch: 18, iters: 2520, time: 0.053, data: 0.001) G_GAN: 0.252 D_real: 0.264 D_fake: 0.226 G: 1.251 NCE: 1.188 NCE_Y: 0.808 
(epoch: 18, iters: 2620, time: 0.052, data: 0.002) G_GAN: 0.283 D_real: 0.081 D_fake: 0.358 G: 1.293 NCE: 1.215 NCE_Y: 0.805 
(epoch: 18, iters: 2720, time: 0.052, data: 0.001) G_GAN: 0.234 D_real: 0.275 D_fake: 0.307 G: 1.185 NCE: 1.078 NCE_Y: 0.825 
(epoch: 18, iters: 2820, time: 0.052, data: 0.002) G_GAN: 0.203 D_real: 0.317 D_fake: 0.308 G: 1.282 NCE: 1.296 NCE_Y: 0.862 
(epoch: 18, iters: 2920, time: 0.053, data: 0.001) G_GAN: 0.297 D_real: 0.326 D_fake: 0.183 G: 1.276 NCE: 1.129 NCE_Y: 0.830 
(epoch: 18, iters: 3020, time: 0.053, data: 0.002) G_GAN: 0.207 D_real: 0.144 D_fake: 0.401 G: 1.185 NCE: 1.148 NCE_Y: 0.806 
(epoch: 18, iters: 3120, time: 0.053, data: 0.001) G_GAN: 0.279 D_real: 0.221 D_fake: 0.308 G: 1.305 NCE: 1.073 NCE_Y: 0.978 
(epoch: 18, iters: 3220, time: 0.053, data: 0.002) G_GAN: 0.272 D_real: 0.261 D_fake: 0.285 G: 1.301 NCE: 1.253 NCE_Y: 0.805 
(epoch: 18, iters: 3320, time: 0.053, data: 0.001) G_GAN: 0.286 D_real: 0.242 D_fake: 0.264 G: 1.306 NCE: 1.240 NCE_Y: 0.801 
saving the latest model (epoch 18, total_iters 140000)
doctr_SELFF_to_SD_fixed_nl2
(epoch: 18, iters: 3420, time: 0.053, data: 0.001) G_GAN: 0.364 D_real: 0.262 D_fake: 0.202 G: 1.381 NCE: 1.198 NCE_Y: 0.835 
(epoch: 18, iters: 3520, time: 0.053, data: 0.002) G_GAN: 0.483 D_real: 0.178 D_fake: 0.107 G: 1.404 NCE: 0.995 NCE_Y: 0.846 
(epoch: 18, iters: 3620, time: 0.052, data: 0.001) G_GAN: 0.341 D_real: 0.217 D_fake: 0.161 G: 1.314 NCE: 1.109 NCE_Y: 0.837 
(epoch: 18, iters: 3720, time: 0.053, data: 0.001) G_GAN: 0.349 D_real: 0.171 D_fake: 0.246 G: 1.314 NCE: 1.097 NCE_Y: 0.834 
(epoch: 18, iters: 3820, time: 0.053, data: 0.001) G_GAN: 0.632 D_real: 0.105 D_fake: 0.225 G: 1.733 NCE: 1.326 NCE_Y: 0.876 
(epoch: 18, iters: 3920, time: 0.053, data: 0.001) G_GAN: 0.931 D_real: 0.052 D_fake: 0.029 G: 1.922 NCE: 1.133 NCE_Y: 0.850 
(epoch: 18, iters: 4020, time: 0.053, data: 0.001) G_GAN: 0.277 D_real: 0.135 D_fake: 0.216 G: 1.240 NCE: 1.126 NCE_Y: 0.801 
(epoch: 18, iters: 4120, time: 0.053, data: 0.001) G_GAN: 0.287 D_real: 0.368 D_fake: 0.147 G: 1.300 NCE: 1.227 NCE_Y: 0.799 
(epoch: 18, iters: 4220, time: 0.053, data: 0.001) G_GAN: 0.218 D_real: 0.158 D_fake: 0.459 G: 1.261 NCE: 1.289 NCE_Y: 0.797 
(epoch: 18, iters: 4320, time: 0.053, data: 0.001) G_GAN: 0.241 D_real: 0.496 D_fake: 0.224 G: 1.264 NCE: 1.220 NCE_Y: 0.827 
(epoch: 18, iters: 4420, time: 0.053, data: 0.002) G_GAN: 0.345 D_real: 0.024 D_fake: 0.301 G: 1.375 NCE: 1.148 NCE_Y: 0.912 
(epoch: 18, iters: 4520, time: 0.053, data: 0.002) G_GAN: 0.238 D_real: 0.410 D_fake: 0.249 G: 1.201 NCE: 1.078 NCE_Y: 0.848 
(epoch: 18, iters: 4620, time: 0.053, data: 0.001) G_GAN: 0.258 D_real: 0.169 D_fake: 0.252 G: 1.196 NCE: 1.084 NCE_Y: 0.791 
(epoch: 18, iters: 4720, time: 0.053, data: 0.001) G_GAN: 0.403 D_real: 0.115 D_fake: 0.184 G: 1.353 NCE: 1.111 NCE_Y: 0.789 
(epoch: 18, iters: 4820, time: 0.053, data: 0.002) G_GAN: 0.262 D_real: 0.179 D_fake: 0.331 G: 1.204 NCE: 1.064 NCE_Y: 0.821 
(epoch: 18, iters: 4920, time: 0.053, data: 0.002) G_GAN: 0.411 D_real: 0.134 D_fake: 0.167 G: 1.413 NCE: 1.167 NCE_Y: 0.837 
(epoch: 18, iters: 5020, time: 0.053, data: 0.002) G_GAN: 0.243 D_real: 0.346 D_fake: 0.231 G: 1.286 NCE: 1.218 NCE_Y: 0.866 
(epoch: 18, iters: 5120, time: 0.053, data: 0.001) G_GAN: 0.280 D_real: 0.230 D_fake: 0.340 G: 1.272 NCE: 1.156 NCE_Y: 0.827 
(epoch: 18, iters: 5220, time: 0.053, data: 0.002) G_GAN: 0.239 D_real: 0.252 D_fake: 0.283 G: 1.271 NCE: 1.231 NCE_Y: 0.834 
(epoch: 18, iters: 5320, time: 0.053, data: 0.001) G_GAN: 0.332 D_real: 0.175 D_fake: 0.151 G: 1.335 NCE: 1.148 NCE_Y: 0.858 
(epoch: 18, iters: 5420, time: 0.053, data: 0.001) G_GAN: 0.334 D_real: 0.265 D_fake: 0.247 G: 1.331 NCE: 1.149 NCE_Y: 0.844 
(epoch: 18, iters: 5520, time: 0.053, data: 0.001) G_GAN: 0.335 D_real: 0.068 D_fake: 0.296 G: 1.334 NCE: 1.150 NCE_Y: 0.849 
(epoch: 18, iters: 5620, time: 0.053, data: 0.002) G_GAN: 0.322 D_real: 0.177 D_fake: 0.275 G: 1.281 NCE: 1.118 NCE_Y: 0.800 
(epoch: 18, iters: 5720, time: 0.053, data: 0.001) G_GAN: 0.386 D_real: 0.169 D_fake: 0.272 G: 1.444 NCE: 1.302 NCE_Y: 0.815 
(epoch: 18, iters: 5820, time: 0.053, data: 0.001) G_GAN: 0.295 D_real: 0.143 D_fake: 0.246 G: 1.229 NCE: 1.057 NCE_Y: 0.812 
(epoch: 18, iters: 5920, time: 0.053, data: 0.002) G_GAN: 0.260 D_real: 0.224 D_fake: 0.272 G: 1.313 NCE: 1.301 NCE_Y: 0.804 
(epoch: 18, iters: 6020, time: 0.053, data: 0.001) G_GAN: 0.748 D_real: 0.045 D_fake: 0.040 G: 1.762 NCE: 1.186 NCE_Y: 0.842 
(epoch: 18, iters: 6120, time: 0.053, data: 0.001) G_GAN: 0.445 D_real: 0.146 D_fake: 0.124 G: 1.435 NCE: 1.138 NCE_Y: 0.842 
(epoch: 18, iters: 6220, time: 0.053, data: 0.001) G_GAN: 0.250 D_real: 0.187 D_fake: 0.317 G: 1.347 NCE: 1.357 NCE_Y: 0.838 
(epoch: 18, iters: 6320, time: 0.053, data: 0.001) G_GAN: 0.378 D_real: 0.162 D_fake: 0.226 G: 1.331 NCE: 1.103 NCE_Y: 0.803 
(epoch: 18, iters: 6420, time: 0.053, data: 0.001) G_GAN: 0.384 D_real: 0.370 D_fake: 0.120 G: 1.421 NCE: 1.230 NCE_Y: 0.845 
(epoch: 18, iters: 6520, time: 0.053, data: 0.001) G_GAN: 0.395 D_real: 0.112 D_fake: 0.211 G: 1.329 NCE: 1.053 NCE_Y: 0.815 
(epoch: 18, iters: 6620, time: 0.053, data: 0.002) G_GAN: 0.196 D_real: 0.220 D_fake: 0.398 G: 1.235 NCE: 1.278 NCE_Y: 0.800 
(epoch: 18, iters: 6720, time: 0.053, data: 0.001) G_GAN: 0.536 D_real: 0.076 D_fake: 0.095 G: 1.495 NCE: 1.145 NCE_Y: 0.772 
(epoch: 18, iters: 6820, time: 0.053, data: 0.001) G_GAN: 0.294 D_real: 0.243 D_fake: 0.182 G: 1.280 NCE: 1.173 NCE_Y: 0.800 
(epoch: 18, iters: 6920, time: 0.053, data: 0.001) G_GAN: 0.812 D_real: 0.409 D_fake: 0.040 G: 1.823 NCE: 1.192 NCE_Y: 0.830 
(epoch: 18, iters: 7020, time: 0.053, data: 0.001) G_GAN: 0.934 D_real: 0.009 D_fake: 0.016 G: 2.282 NCE: 1.795 NCE_Y: 0.901 
(epoch: 18, iters: 7120, time: 0.053, data: 0.001) G_GAN: 0.987 D_real: 0.008 D_fake: 0.012 G: 2.247 NCE: 1.604 NCE_Y: 0.917 
(epoch: 18, iters: 7220, time: 0.053, data: 0.001) G_GAN: 1.098 D_real: 0.011 D_fake: 0.010 G: 2.318 NCE: 1.508 NCE_Y: 0.932 
(epoch: 18, iters: 7320, time: 0.053, data: 0.001) G_GAN: 1.028 D_real: 0.015 D_fake: 0.032 G: 1.997 NCE: 1.083 NCE_Y: 0.856 
(epoch: 18, iters: 7420, time: 0.053, data: 0.001) G_GAN: 0.445 D_real: 0.158 D_fake: 0.127 G: 1.387 NCE: 1.028 NCE_Y: 0.857 
(epoch: 18, iters: 7520, time: 0.053, data: 0.001) G_GAN: 0.352 D_real: 0.138 D_fake: 0.290 G: 1.329 NCE: 1.104 NCE_Y: 0.849 
(epoch: 18, iters: 7620, time: 0.053, data: 0.002) G_GAN: 0.310 D_real: 0.140 D_fake: 0.306 G: 1.330 NCE: 1.191 NCE_Y: 0.850 
(epoch: 18, iters: 7720, time: 0.053, data: 0.001) G_GAN: 0.359 D_real: 0.139 D_fake: 0.267 G: 1.354 NCE: 1.182 NCE_Y: 0.807 
(epoch: 18, iters: 7820, time: 0.052, data: 0.001) G_GAN: 0.332 D_real: 0.162 D_fake: 0.201 G: 1.312 NCE: 1.145 NCE_Y: 0.815 
(epoch: 18, iters: 7920, time: 0.052, data: 0.001) G_GAN: 0.278 D_real: 0.344 D_fake: 0.209 G: 1.226 NCE: 1.075 NCE_Y: 0.820 
(epoch: 18, iters: 8020, time: 0.052, data: 0.002) G_GAN: 0.446 D_real: 0.111 D_fake: 0.173 G: 1.437 NCE: 1.124 NCE_Y: 0.859 
End of epoch 18 / 60 	 Time Taken: 439 sec
learning rate = 0.0002000
(epoch: 19, iters: 80, time: 0.052, data: 0.001) G_GAN: 0.385 D_real: 0.328 D_fake: 0.121 G: 1.399 NCE: 1.192 NCE_Y: 0.836 
(epoch: 19, iters: 180, time: 0.053, data: 0.001) G_GAN: 0.272 D_real: 0.230 D_fake: 0.339 G: 1.404 NCE: 1.387 NCE_Y: 0.877 
(epoch: 19, iters: 280, time: 0.053, data: 0.002) G_GAN: 0.316 D_real: 0.359 D_fake: 0.156 G: 1.273 NCE: 1.095 NCE_Y: 0.818 
saving the latest model (epoch 19, total_iters 145000)
doctr_SELFF_to_SD_fixed_nl2
(epoch: 19, iters: 380, time: 0.053, data: 0.001) G_GAN: 0.329 D_real: 0.374 D_fake: 0.162 G: 1.331 NCE: 1.190 NCE_Y: 0.815 
(epoch: 19, iters: 480, time: 0.053, data: 0.001) G_GAN: 0.323 D_real: 0.287 D_fake: 0.208 G: 1.342 NCE: 1.236 NCE_Y: 0.801 
(epoch: 19, iters: 580, time: 0.053, data: 0.001) G_GAN: 0.279 D_real: 0.150 D_fake: 0.272 G: 1.270 NCE: 1.192 NCE_Y: 0.791 
(epoch: 19, iters: 680, time: 0.053, data: 0.001) G_GAN: 0.399 D_real: 0.296 D_fake: 0.125 G: 1.325 NCE: 1.048 NCE_Y: 0.805 
(epoch: 19, iters: 780, time: 0.053, data: 0.001) G_GAN: 0.294 D_real: 0.289 D_fake: 0.200 G: 1.312 NCE: 1.195 NCE_Y: 0.841 
(epoch: 19, iters: 880, time: 0.053, data: 0.002) G_GAN: 0.300 D_real: 0.321 D_fake: 0.157 G: 1.289 NCE: 1.130 NCE_Y: 0.847 
(epoch: 19, iters: 980, time: 0.053, data: 0.001) G_GAN: 0.402 D_real: 0.374 D_fake: 0.119 G: 1.393 NCE: 1.173 NCE_Y: 0.808 
(epoch: 19, iters: 1080, time: 0.053, data: 0.001) G_GAN: 0.204 D_real: 0.327 D_fake: 0.296 G: 1.178 NCE: 1.094 NCE_Y: 0.854 
(epoch: 19, iters: 1180, time: 0.053, data: 0.001) G_GAN: 0.348 D_real: 0.138 D_fake: 0.223 G: 1.379 NCE: 1.249 NCE_Y: 0.814 
(epoch: 19, iters: 1280, time: 0.053, data: 0.001) G_GAN: 0.296 D_real: 0.319 D_fake: 0.206 G: 1.273 NCE: 1.147 NCE_Y: 0.806 
(epoch: 19, iters: 1380, time: 0.052, data: 0.001) G_GAN: 0.202 D_real: 0.261 D_fake: 0.403 G: 1.250 NCE: 1.244 NCE_Y: 0.852 
(epoch: 19, iters: 1480, time: 0.052, data: 0.004) G_GAN: 0.380 D_real: 0.155 D_fake: 0.218 G: 1.375 NCE: 1.169 NCE_Y: 0.822 
(epoch: 19, iters: 1580, time: 0.052, data: 0.002) G_GAN: 0.346 D_real: 0.123 D_fake: 0.248 G: 1.333 NCE: 1.111 NCE_Y: 0.863 
(epoch: 19, iters: 1680, time: 0.052, data: 0.001) G_GAN: 0.194 D_real: 0.353 D_fake: 0.256 G: 1.228 NCE: 1.275 NCE_Y: 0.793 
(epoch: 19, iters: 1780, time: 0.052, data: 0.002) G_GAN: 1.103 D_real: 0.023 D_fake: 0.019 G: 2.113 NCE: 1.212 NCE_Y: 0.807 
(epoch: 19, iters: 1880, time: 0.052, data: 0.001) G_GAN: 0.989 D_real: 0.011 D_fake: 0.016 G: 2.203 NCE: 1.460 NCE_Y: 0.969 
(epoch: 19, iters: 1980, time: 0.052, data: 0.001) G_GAN: 1.041 D_real: 0.006 D_fake: 0.047 G: 2.253 NCE: 1.394 NCE_Y: 1.031 
(epoch: 19, iters: 2080, time: 0.053, data: 0.001) G_GAN: 0.960 D_real: 0.018 D_fake: 0.019 G: 2.201 NCE: 1.499 NCE_Y: 0.982 
(epoch: 19, iters: 2180, time: 0.053, data: 0.001) G_GAN: 0.980 D_real: 0.009 D_fake: 0.018 G: 2.282 NCE: 1.662 NCE_Y: 0.943 
(epoch: 19, iters: 2280, time: 0.053, data: 0.002) G_GAN: 1.071 D_real: 0.005 D_fake: 0.038 G: 2.392 NCE: 1.715 NCE_Y: 0.927 
(epoch: 19, iters: 2380, time: 0.053, data: 0.001) G_GAN: 0.804 D_real: 0.010 D_fake: 0.098 G: 1.901 NCE: 1.297 NCE_Y: 0.898 
(epoch: 19, iters: 2480, time: 0.053, data: 0.001) G_GAN: 0.975 D_real: 0.022 D_fake: 0.016 G: 1.964 NCE: 1.094 NCE_Y: 0.885 
(epoch: 19, iters: 2580, time: 0.053, data: 0.003) G_GAN: 1.028 D_real: 0.012 D_fake: 0.199 G: 2.131 NCE: 1.320 NCE_Y: 0.885 
(epoch: 19, iters: 2680, time: 0.053, data: 0.001) G_GAN: 0.196 D_real: 0.382 D_fake: 0.197 G: 1.161 NCE: 1.056 NCE_Y: 0.874 
(epoch: 19, iters: 2780, time: 0.053, data: 0.002) G_GAN: 0.226 D_real: 0.262 D_fake: 0.217 G: 1.217 NCE: 1.138 NCE_Y: 0.845 
(epoch: 19, iters: 2880, time: 0.052, data: 0.001) G_GAN: 0.235 D_real: 0.287 D_fake: 0.226 G: 1.219 NCE: 1.132 NCE_Y: 0.837 
(epoch: 19, iters: 2980, time: 0.052, data: 0.001) G_GAN: 0.369 D_real: 0.166 D_fake: 0.245 G: 1.381 NCE: 1.169 NCE_Y: 0.854 
(epoch: 19, iters: 3080, time: 0.053, data: 0.001) G_GAN: 0.325 D_real: 0.163 D_fake: 0.229 G: 1.322 NCE: 1.146 NCE_Y: 0.849 
(epoch: 19, iters: 3180, time: 0.052, data: 0.001) G_GAN: 0.262 D_real: 0.355 D_fake: 0.171 G: 1.311 NCE: 1.275 NCE_Y: 0.824 
(epoch: 19, iters: 3280, time: 0.053, data: 0.001) G_GAN: 0.324 D_real: 0.261 D_fake: 0.201 G: 1.307 NCE: 1.157 NCE_Y: 0.810 
(epoch: 19, iters: 3380, time: 0.053, data: 0.001) G_GAN: 0.314 D_real: 0.291 D_fake: 0.224 G: 1.303 NCE: 1.089 NCE_Y: 0.888 
(epoch: 19, iters: 3480, time: 0.053, data: 0.001) G_GAN: 0.292 D_real: 0.182 D_fake: 0.193 G: 1.287 NCE: 1.146 NCE_Y: 0.843 
(epoch: 19, iters: 3580, time: 0.053, data: 0.001) G_GAN: 0.224 D_real: 0.333 D_fake: 0.249 G: 1.295 NCE: 1.322 NCE_Y: 0.821 
(epoch: 19, iters: 3680, time: 0.053, data: 0.001) G_GAN: 0.317 D_real: 0.150 D_fake: 0.261 G: 1.324 NCE: 1.179 NCE_Y: 0.833 
(epoch: 19, iters: 3780, time: 0.053, data: 0.001) G_GAN: 0.341 D_real: 0.258 D_fake: 0.182 G: 1.268 NCE: 1.034 NCE_Y: 0.820 
(epoch: 19, iters: 3880, time: 0.053, data: 0.001) G_GAN: 0.349 D_real: 0.195 D_fake: 0.147 G: 1.302 NCE: 1.109 NCE_Y: 0.798 
(epoch: 19, iters: 3980, time: 0.053, data: 0.001) G_GAN: 0.240 D_real: 0.519 D_fake: 0.121 G: 1.240 NCE: 1.143 NCE_Y: 0.857 
(epoch: 19, iters: 4080, time: 0.053, data: 0.001) G_GAN: 0.345 D_real: 0.111 D_fake: 0.269 G: 1.355 NCE: 1.176 NCE_Y: 0.844 
(epoch: 19, iters: 4180, time: 0.053, data: 0.002) G_GAN: 0.264 D_real: 0.099 D_fake: 0.384 G: 1.225 NCE: 1.109 NCE_Y: 0.813 
(epoch: 19, iters: 4280, time: 0.053, data: 0.001) G_GAN: 0.258 D_real: 0.297 D_fake: 0.231 G: 1.236 NCE: 1.129 NCE_Y: 0.826 
(epoch: 19, iters: 4380, time: 0.053, data: 0.001) G_GAN: 0.197 D_real: 0.301 D_fake: 0.221 G: 1.211 NCE: 1.206 NCE_Y: 0.821 
(epoch: 19, iters: 4480, time: 0.052, data: 0.002) G_GAN: 0.259 D_real: 0.261 D_fake: 0.250 G: 1.277 NCE: 1.215 NCE_Y: 0.822 
(epoch: 19, iters: 4580, time: 0.052, data: 0.001) G_GAN: 0.230 D_real: 0.322 D_fake: 0.360 G: 1.189 NCE: 1.111 NCE_Y: 0.807 
(epoch: 19, iters: 4680, time: 0.052, data: 0.001) G_GAN: 0.196 D_real: 0.220 D_fake: 0.391 G: 1.179 NCE: 1.121 NCE_Y: 0.846 
(epoch: 19, iters: 4780, time: 0.052, data: 0.001) G_GAN: 0.333 D_real: 0.329 D_fake: 0.146 G: 1.377 NCE: 1.202 NCE_Y: 0.887 
(epoch: 19, iters: 4880, time: 0.052, data: 0.002) G_GAN: 0.327 D_real: 0.306 D_fake: 0.190 G: 1.253 NCE: 1.048 NCE_Y: 0.805 
(epoch: 19, iters: 4980, time: 0.053, data: 0.002) G_GAN: 0.417 D_real: 0.209 D_fake: 0.094 G: 1.416 NCE: 1.176 NCE_Y: 0.822 
(epoch: 19, iters: 5080, time: 0.053, data: 0.001) G_GAN: 0.306 D_real: 0.170 D_fake: 0.214 G: 1.276 NCE: 1.152 NCE_Y: 0.788 
(epoch: 19, iters: 5180, time: 0.053, data: 0.001) G_GAN: 0.460 D_real: 0.129 D_fake: 0.230 G: 1.523 NCE: 1.211 NCE_Y: 0.916 
(epoch: 19, iters: 5280, time: 0.053, data: 0.001) G_GAN: 0.377 D_real: 0.233 D_fake: 0.196 G: 1.338 NCE: 1.106 NCE_Y: 0.815 
saving the latest model (epoch 19, total_iters 150000)
doctr_SELFF_to_SD_fixed_nl2
(epoch: 19, iters: 5380, time: 0.053, data: 0.001) G_GAN: 0.557 D_real: 0.054 D_fake: 0.104 G: 1.521 NCE: 1.095 NCE_Y: 0.834 
(epoch: 19, iters: 5480, time: 0.053, data: 0.002) G_GAN: 0.239 D_real: 0.432 D_fake: 0.186 G: 1.191 NCE: 1.084 NCE_Y: 0.819 
(epoch: 19, iters: 5580, time: 0.053, data: 0.001) G_GAN: 0.385 D_real: 0.051 D_fake: 0.351 G: 1.370 NCE: 1.131 NCE_Y: 0.840 
(epoch: 19, iters: 5680, time: 0.053, data: 0.001) G_GAN: 0.429 D_real: 0.310 D_fake: 0.084 G: 1.559 NCE: 1.449 NCE_Y: 0.811 
(epoch: 19, iters: 5780, time: 0.053, data: 0.002) G_GAN: 0.308 D_real: 0.266 D_fake: 0.191 G: 1.289 NCE: 1.137 NCE_Y: 0.825 
(epoch: 19, iters: 5880, time: 0.053, data: 0.001) G_GAN: 0.515 D_real: 0.039 D_fake: 0.371 G: 1.455 NCE: 1.065 NCE_Y: 0.815 
(epoch: 19, iters: 5980, time: 0.053, data: 0.002) G_GAN: 0.353 D_real: 0.270 D_fake: 0.171 G: 1.313 NCE: 1.089 NCE_Y: 0.830 
(epoch: 19, iters: 6080, time: 0.053, data: 0.001) G_GAN: 0.494 D_real: 0.341 D_fake: 0.085 G: 1.446 NCE: 1.087 NCE_Y: 0.818 
(epoch: 19, iters: 6180, time: 0.053, data: 0.001) G_GAN: 0.273 D_real: 0.261 D_fake: 0.211 G: 1.241 NCE: 1.126 NCE_Y: 0.809 
(epoch: 19, iters: 6280, time: 0.053, data: 0.002) G_GAN: 1.004 D_real: 0.035 D_fake: 0.016 G: 2.106 NCE: 1.280 NCE_Y: 0.925 
(epoch: 19, iters: 6380, time: 0.053, data: 0.001) G_GAN: 0.271 D_real: 0.208 D_fake: 0.297 G: 1.221 NCE: 1.041 NCE_Y: 0.858 
(epoch: 19, iters: 6480, time: 0.054, data: 0.002) G_GAN: 0.301 D_real: 0.211 D_fake: 0.214 G: 1.277 NCE: 1.135 NCE_Y: 0.818 
(epoch: 19, iters: 6580, time: 0.054, data: 0.002) G_GAN: 0.247 D_real: 0.436 D_fake: 0.176 G: 1.248 NCE: 1.132 NCE_Y: 0.871 
(epoch: 19, iters: 6680, time: 0.054, data: 0.001) G_GAN: 0.226 D_real: 0.143 D_fake: 0.403 G: 1.236 NCE: 1.211 NCE_Y: 0.809 
(epoch: 19, iters: 6780, time: 0.054, data: 0.001) G_GAN: 0.153 D_real: 0.258 D_fake: 0.476 G: 1.115 NCE: 1.078 NCE_Y: 0.846 
(epoch: 19, iters: 6880, time: 0.053, data: 0.001) G_GAN: 0.269 D_real: 0.294 D_fake: 0.266 G: 1.245 NCE: 1.122 NCE_Y: 0.830 
(epoch: 19, iters: 6980, time: 0.053, data: 0.001) G_GAN: 0.367 D_real: 0.151 D_fake: 0.228 G: 1.389 NCE: 1.179 NCE_Y: 0.865 
(epoch: 19, iters: 7080, time: 0.052, data: 0.001) G_GAN: 0.446 D_real: 0.562 D_fake: 0.053 G: 1.443 NCE: 1.148 NCE_Y: 0.846 
(epoch: 19, iters: 7180, time: 0.053, data: 0.002) G_GAN: 0.249 D_real: 0.376 D_fake: 0.174 G: 1.261 NCE: 1.151 NCE_Y: 0.872 
(epoch: 19, iters: 7280, time: 0.053, data: 0.001) G_GAN: 0.307 D_real: 0.186 D_fake: 0.203 G: 1.289 NCE: 1.163 NCE_Y: 0.801 
(epoch: 19, iters: 7380, time: 0.053, data: 0.001) G_GAN: 0.332 D_real: 0.562 D_fake: 0.100 G: 1.352 NCE: 1.188 NCE_Y: 0.853 
(epoch: 19, iters: 7480, time: 0.053, data: 0.002) G_GAN: 0.254 D_real: 0.212 D_fake: 0.324 G: 1.293 NCE: 1.176 NCE_Y: 0.902 
(epoch: 19, iters: 7580, time: 0.053, data: 0.001) G_GAN: 0.295 D_real: 0.275 D_fake: 0.228 G: 1.315 NCE: 1.224 NCE_Y: 0.816 
(epoch: 19, iters: 7680, time: 0.053, data: 0.002) G_GAN: 0.412 D_real: 0.174 D_fake: 0.307 G: 1.441 NCE: 1.240 NCE_Y: 0.819 
(epoch: 19, iters: 7780, time: 0.053, data: 0.001) G_GAN: 0.344 D_real: 0.204 D_fake: 0.218 G: 1.343 NCE: 1.156 NCE_Y: 0.841 
(epoch: 19, iters: 7880, time: 0.053, data: 0.001) G_GAN: 1.016 D_real: 0.434 D_fake: 0.143 G: 2.008 NCE: 1.153 NCE_Y: 0.830 
(epoch: 19, iters: 7980, time: 0.053, data: 0.001) G_GAN: 1.011 D_real: 0.008 D_fake: 0.008 G: 2.134 NCE: 1.343 NCE_Y: 0.904 
End of epoch 19 / 60 	 Time Taken: 439 sec
learning rate = 0.0002000
(epoch: 20, iters: 40, time: 0.053, data: 0.001) G_GAN: 1.040 D_real: 0.019 D_fake: 0.004 G: 2.198 NCE: 1.272 NCE_Y: 1.045 
(epoch: 20, iters: 140, time: 0.053, data: 0.002) G_GAN: 1.003 D_real: 0.007 D_fake: 0.003 G: 2.142 NCE: 1.221 NCE_Y: 1.056 
(epoch: 20, iters: 240, time: 0.053, data: 0.001) G_GAN: 1.048 D_real: 0.007 D_fake: 0.109 G: 2.237 NCE: 1.354 NCE_Y: 1.023 
(epoch: 20, iters: 340, time: 0.051, data: 0.001) G_GAN: 1.163 D_real: 0.015 D_fake: 0.053 G: 2.272 NCE: 1.164 NCE_Y: 1.054 
(epoch: 20, iters: 440, time: 0.051, data: 0.001) G_GAN: 1.010 D_real: 0.002 D_fake: 0.007 G: 2.080 NCE: 1.146 NCE_Y: 0.994 
(epoch: 20, iters: 540, time: 0.052, data: 0.001) G_GAN: 1.100 D_real: 0.005 D_fake: 0.044 G: 2.169 NCE: 1.106 NCE_Y: 1.034 
(epoch: 20, iters: 640, time: 0.052, data: 0.001) G_GAN: 0.969 D_real: 0.004 D_fake: 0.043 G: 2.039 NCE: 1.112 NCE_Y: 1.029 
(epoch: 20, iters: 740, time: 0.052, data: 0.002) G_GAN: 0.978 D_real: 0.005 D_fake: 0.017 G: 2.013 NCE: 1.076 NCE_Y: 0.993 
(epoch: 20, iters: 840, time: 0.052, data: 0.001) G_GAN: 1.052 D_real: 0.004 D_fake: 0.024 G: 2.058 NCE: 1.050 NCE_Y: 0.962 
(epoch: 20, iters: 940, time: 0.052, data: 0.001) G_GAN: 1.001 D_real: 0.003 D_fake: 0.023 G: 2.054 NCE: 1.099 NCE_Y: 1.006 
(epoch: 20, iters: 1040, time: 0.052, data: 0.001) G_GAN: 0.970 D_real: 0.001 D_fake: 0.006 G: 2.033 NCE: 1.166 NCE_Y: 0.960 
(epoch: 20, iters: 1140, time: 0.053, data: 0.002) G_GAN: 1.026 D_real: 0.002 D_fake: 0.013 G: 2.069 NCE: 1.132 NCE_Y: 0.954 
(epoch: 20, iters: 1240, time: 0.053, data: 0.003) G_GAN: 1.003 D_real: 0.001 D_fake: 0.004 G: 2.038 NCE: 1.118 NCE_Y: 0.953 
(epoch: 20, iters: 1340, time: 0.053, data: 0.001) G_GAN: 1.004 D_real: 0.001 D_fake: 0.006 G: 2.056 NCE: 1.188 NCE_Y: 0.916 
(epoch: 20, iters: 1440, time: 0.053, data: 0.001) G_GAN: 1.041 D_real: 0.003 D_fake: 0.017 G: 2.103 NCE: 1.218 NCE_Y: 0.907 
(epoch: 20, iters: 1540, time: 0.053, data: 0.001) G_GAN: 0.991 D_real: 0.002 D_fake: 0.009 G: 2.093 NCE: 1.276 NCE_Y: 0.929 
(epoch: 20, iters: 1640, time: 0.053, data: 0.001) G_GAN: 0.976 D_real: 0.005 D_fake: 0.009 G: 2.085 NCE: 1.252 NCE_Y: 0.966 
(epoch: 20, iters: 1740, time: 0.053, data: 0.001) G_GAN: 1.088 D_real: 0.013 D_fake: 0.023 G: 2.198 NCE: 1.245 NCE_Y: 0.975 
(epoch: 20, iters: 1840, time: 0.053, data: 0.001) G_GAN: 0.939 D_real: 0.002 D_fake: 0.010 G: 2.034 NCE: 1.252 NCE_Y: 0.939 
(epoch: 20, iters: 1940, time: 0.053, data: 0.001) G_GAN: 1.110 D_real: 0.002 D_fake: 0.025 G: 2.230 NCE: 1.290 NCE_Y: 0.950 
(epoch: 20, iters: 2040, time: 0.052, data: 0.002) G_GAN: 1.036 D_real: 0.007 D_fake: 0.006 G: 2.154 NCE: 1.250 NCE_Y: 0.986 
(epoch: 20, iters: 2140, time: 0.052, data: 0.002) G_GAN: 0.913 D_real: 0.003 D_fake: 0.014 G: 2.053 NCE: 1.280 NCE_Y: 1.001 
(epoch: 20, iters: 2240, time: 0.053, data: 0.002) G_GAN: 1.001 D_real: 0.003 D_fake: 0.004 G: 2.096 NCE: 1.237 NCE_Y: 0.951 
saving the latest model (epoch 20, total_iters 155000)
doctr_SELFF_to_SD_fixed_nl2
(epoch: 20, iters: 2340, time: 0.053, data: 0.001) G_GAN: 1.024 D_real: 0.014 D_fake: 0.015 G: 2.130 NCE: 1.246 NCE_Y: 0.965 
(epoch: 20, iters: 2440, time: 0.053, data: 0.001) G_GAN: 0.991 D_real: 0.006 D_fake: 0.008 G: 2.075 NCE: 1.230 NCE_Y: 0.937 
(epoch: 20, iters: 2540, time: 0.053, data: 0.002) G_GAN: 0.972 D_real: 0.006 D_fake: 0.027 G: 2.048 NCE: 1.189 NCE_Y: 0.962 
(epoch: 20, iters: 2640, time: 0.053, data: 0.001) G_GAN: 1.043 D_real: 0.003 D_fake: 0.007 G: 2.135 NCE: 1.202 NCE_Y: 0.983 
(epoch: 20, iters: 2740, time: 0.053, data: 0.002) G_GAN: 0.986 D_real: 0.012 D_fake: 0.006 G: 2.064 NCE: 1.220 NCE_Y: 0.937 
(epoch: 20, iters: 2840, time: 0.053, data: 0.001) G_GAN: 1.013 D_real: 0.049 D_fake: 0.069 G: 2.104 NCE: 1.247 NCE_Y: 0.934 
(epoch: 20, iters: 2940, time: 0.053, data: 0.002) G_GAN: 0.844 D_real: 0.006 D_fake: 0.041 G: 1.912 NCE: 1.164 NCE_Y: 0.971 
(epoch: 20, iters: 3040, time: 0.053, data: 0.001) G_GAN: 0.268 D_real: 0.213 D_fake: 0.212 G: 1.283 NCE: 1.103 NCE_Y: 0.927 
(epoch: 20, iters: 3140, time: 0.053, data: 0.001) G_GAN: 0.388 D_real: 0.143 D_fake: 0.167 G: 1.360 NCE: 1.047 NCE_Y: 0.897 
(epoch: 20, iters: 3240, time: 0.052, data: 0.001) G_GAN: 0.404 D_real: 0.202 D_fake: 0.162 G: 1.392 NCE: 1.110 NCE_Y: 0.867 
(epoch: 20, iters: 3340, time: 0.053, data: 0.001) G_GAN: 0.359 D_real: 0.314 D_fake: 0.172 G: 1.337 NCE: 1.070 NCE_Y: 0.886 
(epoch: 20, iters: 3440, time: 0.053, data: 0.001) G_GAN: 0.269 D_real: 0.204 D_fake: 0.261 G: 1.223 NCE: 1.039 NCE_Y: 0.869 
(epoch: 20, iters: 3540, time: 0.054, data: 0.001) G_GAN: 0.505 D_real: 0.121 D_fake: 0.218 G: 1.479 NCE: 1.072 NCE_Y: 0.876 
(epoch: 20, iters: 3640, time: 0.053, data: 0.001) G_GAN: 0.336 D_real: 0.175 D_fake: 0.242 G: 1.282 NCE: 1.059 NCE_Y: 0.833 
(epoch: 20, iters: 3740, time: 0.052, data: 0.001) G_GAN: 0.349 D_real: 0.108 D_fake: 0.329 G: 1.332 NCE: 1.063 NCE_Y: 0.903 
(epoch: 20, iters: 3840, time: 0.052, data: 0.001) G_GAN: 0.883 D_real: 0.023 D_fake: 0.051 G: 1.852 NCE: 1.033 NCE_Y: 0.905 
(epoch: 20, iters: 3940, time: 0.052, data: 0.001) G_GAN: 0.970 D_real: 0.006 D_fake: 0.007 G: 1.945 NCE: 1.080 NCE_Y: 0.871 
(epoch: 20, iters: 4040, time: 0.052, data: 0.001) G_GAN: 0.999 D_real: 0.003 D_fake: 0.005 G: 2.109 NCE: 1.323 NCE_Y: 0.898 
(epoch: 20, iters: 4140, time: 0.052, data: 0.002) G_GAN: 1.007 D_real: 0.003 D_fake: 0.001 G: 2.031 NCE: 1.151 NCE_Y: 0.897 
(epoch: 20, iters: 4240, time: 0.053, data: 0.001) G_GAN: 1.005 D_real: 0.002 D_fake: 0.001 G: 2.013 NCE: 1.172 NCE_Y: 0.843 
(epoch: 20, iters: 4340, time: 0.053, data: 0.001) G_GAN: 0.992 D_real: 0.001 D_fake: 0.001 G: 2.019 NCE: 1.199 NCE_Y: 0.856 
(epoch: 20, iters: 4440, time: 0.053, data: 0.001) G_GAN: 0.950 D_real: 0.004 D_fake: 0.002 G: 2.084 NCE: 1.184 NCE_Y: 1.085 
(epoch: 20, iters: 4540, time: 0.053, data: 0.002) G_GAN: 0.986 D_real: 0.001 D_fake: 0.001 G: 1.988 NCE: 1.150 NCE_Y: 0.853 
(epoch: 20, iters: 4640, time: 0.053, data: 0.002) G_GAN: 1.014 D_real: 0.002 D_fake: 0.001 G: 2.059 NCE: 1.219 NCE_Y: 0.869 
(epoch: 20, iters: 4740, time: 0.053, data: 0.001) G_GAN: 0.990 D_real: 0.003 D_fake: 0.001 G: 2.036 NCE: 1.182 NCE_Y: 0.908 
(epoch: 20, iters: 4840, time: 0.053, data: 0.001) G_GAN: 1.008 D_real: 0.003 D_fake: 0.001 G: 2.020 NCE: 1.152 NCE_Y: 0.873 
(epoch: 20, iters: 4940, time: 0.052, data: 0.001) G_GAN: 1.030 D_real: 0.001 D_fake: 0.002 G: 2.087 NCE: 1.243 NCE_Y: 0.870 
(epoch: 20, iters: 5040, time: 0.053, data: 0.002) G_GAN: 0.990 D_real: 0.003 D_fake: 0.006 G: 2.046 NCE: 1.249 NCE_Y: 0.863 
(epoch: 20, iters: 5140, time: 0.052, data: 0.001) G_GAN: 0.438 D_real: 0.178 D_fake: 0.172 G: 1.395 NCE: 1.026 NCE_Y: 0.887 
(epoch: 20, iters: 5240, time: 0.053, data: 0.001) G_GAN: 0.236 D_real: 0.221 D_fake: 0.191 G: 1.211 NCE: 1.110 NCE_Y: 0.839 
(epoch: 20, iters: 5340, time: 0.053, data: 0.001) G_GAN: 0.329 D_real: 0.507 D_fake: 0.131 G: 1.311 NCE: 1.107 NCE_Y: 0.858 
(epoch: 20, iters: 5440, time: 0.053, data: 0.001) G_GAN: 0.314 D_real: 0.226 D_fake: 0.249 G: 1.256 NCE: 1.059 NCE_Y: 0.826 
(epoch: 20, iters: 5540, time: 0.052, data: 0.001) G_GAN: 0.244 D_real: 0.284 D_fake: 0.279 G: 1.266 NCE: 1.186 NCE_Y: 0.859 
(epoch: 20, iters: 5640, time: 0.052, data: 0.001) G_GAN: 0.220 D_real: 0.334 D_fake: 0.235 G: 1.187 NCE: 1.093 NCE_Y: 0.841 
(epoch: 20, iters: 5740, time: 0.053, data: 0.001) G_GAN: 0.326 D_real: 0.165 D_fake: 0.232 G: 1.279 NCE: 1.059 NCE_Y: 0.847 
(epoch: 20, iters: 5840, time: 0.053, data: 0.002) G_GAN: 0.266 D_real: 0.240 D_fake: 0.230 G: 1.233 NCE: 1.085 NCE_Y: 0.850 
(epoch: 20, iters: 5940, time: 0.053, data: 0.001) G_GAN: 0.237 D_real: 0.295 D_fake: 0.260 G: 1.245 NCE: 1.144 NCE_Y: 0.872 
(epoch: 20, iters: 6040, time: 0.053, data: 0.001) G_GAN: 0.997 D_real: 0.010 D_fake: 0.007 G: 2.089 NCE: 1.233 NCE_Y: 0.950 
(epoch: 20, iters: 6140, time: 0.053, data: 0.002) G_GAN: 0.996 D_real: 0.002 D_fake: 0.005 G: 2.003 NCE: 1.144 NCE_Y: 0.869 
(epoch: 20, iters: 6240, time: 0.053, data: 0.001) G_GAN: 0.275 D_real: 0.390 D_fake: 0.189 G: 1.320 NCE: 1.072 NCE_Y: 1.019 
(epoch: 20, iters: 6340, time: 0.053, data: 0.001) G_GAN: 0.260 D_real: 0.375 D_fake: 0.231 G: 1.226 NCE: 1.073 NCE_Y: 0.859 
(epoch: 20, iters: 6440, time: 0.053, data: 0.001) G_GAN: 0.291 D_real: 0.368 D_fake: 0.218 G: 1.302 NCE: 1.160 NCE_Y: 0.862 
(epoch: 20, iters: 6540, time: 0.053, data: 0.001) G_GAN: 0.287 D_real: 0.264 D_fake: 0.259 G: 1.303 NCE: 1.195 NCE_Y: 0.838 
(epoch: 20, iters: 6640, time: 0.053, data: 0.002) G_GAN: 0.290 D_real: 0.220 D_fake: 0.233 G: 1.237 NCE: 1.063 NCE_Y: 0.831 
(epoch: 20, iters: 6740, time: 0.054, data: 0.002) G_GAN: 0.234 D_real: 0.361 D_fake: 0.229 G: 1.251 NCE: 1.179 NCE_Y: 0.856 
(epoch: 20, iters: 6840, time: 0.053, data: 0.002) G_GAN: 0.327 D_real: 0.323 D_fake: 0.321 G: 1.283 NCE: 1.074 NCE_Y: 0.839 
(epoch: 20, iters: 6940, time: 0.053, data: 0.001) G_GAN: 0.297 D_real: 0.317 D_fake: 0.235 G: 1.241 NCE: 1.057 NCE_Y: 0.832 
(epoch: 20, iters: 7040, time: 0.054, data: 0.002) G_GAN: 0.409 D_real: 0.066 D_fake: 0.260 G: 1.352 NCE: 1.058 NCE_Y: 0.829 
(epoch: 20, iters: 7140, time: 0.054, data: 0.001) G_GAN: 0.238 D_real: 0.283 D_fake: 0.236 G: 1.200 NCE: 1.084 NCE_Y: 0.842 
(epoch: 20, iters: 7240, time: 0.054, data: 0.002) G_GAN: 0.291 D_real: 0.207 D_fake: 0.245 G: 1.270 NCE: 1.124 NCE_Y: 0.833 
saving the latest model (epoch 20, total_iters 160000)
doctr_SELFF_to_SD_fixed_nl2
(epoch: 20, iters: 7340, time: 0.054, data: 0.001) G_GAN: 0.224 D_real: 0.352 D_fake: 0.207 G: 1.166 NCE: 1.036 NCE_Y: 0.849 
(epoch: 20, iters: 7440, time: 0.054, data: 0.001) G_GAN: 0.331 D_real: 0.165 D_fake: 0.258 G: 1.283 NCE: 1.073 NCE_Y: 0.830 
(epoch: 20, iters: 7540, time: 0.053, data: 0.002) G_GAN: 0.274 D_real: 0.251 D_fake: 0.213 G: 1.216 NCE: 1.068 NCE_Y: 0.816 
(epoch: 20, iters: 7640, time: 0.053, data: 0.001) G_GAN: 0.273 D_real: 0.285 D_fake: 0.211 G: 1.196 NCE: 1.027 NCE_Y: 0.819 
(epoch: 20, iters: 7740, time: 0.053, data: 0.001) G_GAN: 0.308 D_real: 0.275 D_fake: 0.301 G: 1.264 NCE: 1.067 NCE_Y: 0.846 
(epoch: 20, iters: 7840, time: 0.055, data: 0.001) G_GAN: 0.988 D_real: 0.028 D_fake: 0.003 G: 2.027 NCE: 1.179 NCE_Y: 0.900 
(epoch: 20, iters: 7940, time: 0.054, data: 0.001) G_GAN: 1.165 D_real: 0.108 D_fake: 0.065 G: 2.123 NCE: 1.036 NCE_Y: 0.878 
(epoch: 20, iters: 8040, time: 0.054, data: 0.001) G_GAN: 0.318 D_real: 0.243 D_fake: 0.158 G: 1.251 NCE: 1.025 NCE_Y: 0.841 
saving the model at the end of epoch 20, iters 160800
End of epoch 20 / 60 	 Time Taken: 440 sec
learning rate = 0.0002000
(epoch: 21, iters: 100, time: 0.054, data: 0.171) G_GAN: 0.317 D_real: 0.185 D_fake: 0.245 G: 1.293 NCE: 1.085 NCE_Y: 0.868 
(epoch: 21, iters: 200, time: 0.054, data: 0.001) G_GAN: 0.243 D_real: 0.288 D_fake: 0.270 G: 1.228 NCE: 1.127 NCE_Y: 0.844 
(epoch: 21, iters: 300, time: 0.053, data: 0.002) G_GAN: 0.274 D_real: 0.200 D_fake: 0.253 G: 1.215 NCE: 1.050 NCE_Y: 0.832 
(epoch: 21, iters: 400, time: 0.053, data: 0.002) G_GAN: 0.338 D_real: 0.235 D_fake: 0.222 G: 1.297 NCE: 1.088 NCE_Y: 0.831 
(epoch: 21, iters: 500, time: 0.053, data: 0.001) G_GAN: 0.296 D_real: 0.339 D_fake: 0.273 G: 1.331 NCE: 1.174 NCE_Y: 0.896 
(epoch: 21, iters: 600, time: 0.053, data: 0.001) G_GAN: 0.234 D_real: 0.249 D_fake: 0.261 G: 1.203 NCE: 1.120 NCE_Y: 0.820 
(epoch: 21, iters: 700, time: 0.053, data: 0.001) G_GAN: 0.273 D_real: 0.207 D_fake: 0.263 G: 1.206 NCE: 1.039 NCE_Y: 0.827 
(epoch: 21, iters: 800, time: 0.053, data: 0.002) G_GAN: 0.234 D_real: 0.262 D_fake: 0.298 G: 1.199 NCE: 1.091 NCE_Y: 0.839 
(epoch: 21, iters: 900, time: 0.052, data: 0.001) G_GAN: 0.247 D_real: 0.231 D_fake: 0.271 G: 1.201 NCE: 1.092 NCE_Y: 0.816 
(epoch: 21, iters: 1000, time: 0.053, data: 0.001) G_GAN: 0.509 D_real: 0.084 D_fake: 0.150 G: 1.509 NCE: 1.051 NCE_Y: 0.949 
(epoch: 21, iters: 1100, time: 0.053, data: 0.002) G_GAN: 0.242 D_real: 0.299 D_fake: 0.306 G: 1.189 NCE: 1.070 NCE_Y: 0.824 
(epoch: 21, iters: 1200, time: 0.053, data: 0.001) G_GAN: 0.322 D_real: 0.316 D_fake: 0.231 G: 1.370 NCE: 1.211 NCE_Y: 0.887 
(epoch: 21, iters: 1300, time: 0.053, data: 0.001) G_GAN: 0.209 D_real: 0.227 D_fake: 0.335 G: 1.207 NCE: 1.160 NCE_Y: 0.836 
(epoch: 21, iters: 1400, time: 0.053, data: 0.002) G_GAN: 0.295 D_real: 0.188 D_fake: 0.275 G: 1.268 NCE: 1.115 NCE_Y: 0.831 
(epoch: 21, iters: 1500, time: 0.053, data: 0.001) G_GAN: 0.273 D_real: 0.192 D_fake: 0.286 G: 1.195 NCE: 0.977 NCE_Y: 0.865 
(epoch: 21, iters: 1600, time: 0.053, data: 0.001) G_GAN: 0.354 D_real: 0.155 D_fake: 0.214 G: 1.376 NCE: 1.207 NCE_Y: 0.836 
(epoch: 21, iters: 1700, time: 0.052, data: 0.001) G_GAN: 0.289 D_real: 0.283 D_fake: 0.233 G: 1.293 NCE: 1.158 NCE_Y: 0.850 
(epoch: 21, iters: 1800, time: 0.053, data: 0.002) G_GAN: 0.291 D_real: 0.259 D_fake: 0.256 G: 1.259 NCE: 1.094 NCE_Y: 0.843 
(epoch: 21, iters: 1900, time: 0.053, data: 0.001) G_GAN: 0.300 D_real: 0.264 D_fake: 0.237 G: 1.249 NCE: 1.048 NCE_Y: 0.851 
(epoch: 21, iters: 2000, time: 0.054, data: 0.001) G_GAN: 0.289 D_real: 0.191 D_fake: 0.328 G: 1.234 NCE: 1.068 NCE_Y: 0.822 
(epoch: 21, iters: 2100, time: 0.054, data: 0.002) G_GAN: 0.260 D_real: 0.252 D_fake: 0.277 G: 1.177 NCE: 1.046 NCE_Y: 0.789 
(epoch: 21, iters: 2200, time: 0.054, data: 0.001) G_GAN: 0.349 D_real: 0.124 D_fake: 0.342 G: 1.314 NCE: 1.102 NCE_Y: 0.829 
(epoch: 21, iters: 2300, time: 0.054, data: 0.001) G_GAN: 0.304 D_real: 0.213 D_fake: 0.237 G: 1.248 NCE: 1.047 NCE_Y: 0.842 
(epoch: 21, iters: 2400, time: 0.054, data: 0.001) G_GAN: 0.688 D_real: 0.013 D_fake: 0.353 G: 1.689 NCE: 1.128 NCE_Y: 0.874 
(epoch: 21, iters: 2500, time: 0.054, data: 0.001) G_GAN: 0.676 D_real: 0.380 D_fake: 0.040 G: 1.645 NCE: 1.109 NCE_Y: 0.830 
(epoch: 21, iters: 2600, time: 0.054, data: 0.001) G_GAN: 1.011 D_real: 0.004 D_fake: 0.004 G: 2.071 NCE: 1.110 NCE_Y: 1.010 
(epoch: 21, iters: 2700, time: 0.054, data: 0.001) G_GAN: 0.483 D_real: 0.714 D_fake: 0.055 G: 1.491 NCE: 1.097 NCE_Y: 0.919 
(epoch: 21, iters: 2800, time: 0.055, data: 0.002) G_GAN: 0.246 D_real: 0.354 D_fake: 0.150 G: 1.204 NCE: 1.035 NCE_Y: 0.881 
(epoch: 21, iters: 2900, time: 0.055, data: 0.002) G_GAN: 0.315 D_real: 0.286 D_fake: 0.211 G: 1.304 NCE: 1.114 NCE_Y: 0.863 
(epoch: 21, iters: 3000, time: 0.055, data: 0.001) G_GAN: 0.371 D_real: 0.118 D_fake: 0.268 G: 1.329 NCE: 1.082 NCE_Y: 0.834 
(epoch: 21, iters: 3100, time: 0.055, data: 0.001) G_GAN: 0.311 D_real: 0.242 D_fake: 0.217 G: 1.246 NCE: 1.040 NCE_Y: 0.829 
(epoch: 21, iters: 3200, time: 0.054, data: 0.002) G_GAN: 0.228 D_real: 0.283 D_fake: 0.259 G: 1.252 NCE: 1.198 NCE_Y: 0.850 
(epoch: 21, iters: 3300, time: 0.054, data: 0.001) G_GAN: 0.303 D_real: 0.284 D_fake: 0.252 G: 1.269 NCE: 1.064 NCE_Y: 0.868 
(epoch: 21, iters: 3400, time: 0.054, data: 0.001) G_GAN: 0.264 D_real: 0.266 D_fake: 0.227 G: 1.208 NCE: 1.045 NCE_Y: 0.843 
(epoch: 21, iters: 3500, time: 0.054, data: 0.001) G_GAN: 0.269 D_real: 0.260 D_fake: 0.241 G: 1.231 NCE: 1.085 NCE_Y: 0.839 
(epoch: 21, iters: 3600, time: 0.054, data: 0.001) G_GAN: 0.271 D_real: 0.292 D_fake: 0.227 G: 1.275 NCE: 1.143 NCE_Y: 0.865 
(epoch: 21, iters: 3700, time: 0.054, data: 0.001) G_GAN: 0.476 D_real: 0.334 D_fake: 0.097 G: 1.447 NCE: 1.108 NCE_Y: 0.834 
(epoch: 21, iters: 3800, time: 0.054, data: 0.001) G_GAN: 1.000 D_real: 0.004 D_fake: 0.006 G: 2.060 NCE: 1.209 NCE_Y: 0.912 
(epoch: 21, iters: 3900, time: 0.053, data: 0.001) G_GAN: 0.236 D_real: 0.330 D_fake: 0.237 G: 1.231 NCE: 1.087 NCE_Y: 0.903 
(epoch: 21, iters: 4000, time: 0.053, data: 0.002) G_GAN: 0.304 D_real: 0.213 D_fake: 0.282 G: 1.249 NCE: 1.050 NCE_Y: 0.838 
(epoch: 21, iters: 4100, time: 0.053, data: 0.001) G_GAN: 0.324 D_real: 0.386 D_fake: 0.112 G: 1.305 NCE: 1.084 NCE_Y: 0.878 
(epoch: 21, iters: 4200, time: 0.053, data: 0.001) G_GAN: 0.248 D_real: 0.154 D_fake: 0.316 G: 1.179 NCE: 1.031 NCE_Y: 0.829 
saving the latest model (epoch 21, total_iters 165000)
doctr_SELFF_to_SD_fixed_nl2
(epoch: 21, iters: 4300, time: 0.052, data: 0.001) G_GAN: 0.217 D_real: 0.308 D_fake: 0.305 G: 1.177 NCE: 1.081 NCE_Y: 0.839 
(epoch: 21, iters: 4400, time: 0.052, data: 0.001) G_GAN: 0.234 D_real: 0.289 D_fake: 0.279 G: 1.200 NCE: 1.095 NCE_Y: 0.836 
(epoch: 21, iters: 4500, time: 0.052, data: 0.001) G_GAN: 0.275 D_real: 0.235 D_fake: 0.331 G: 1.301 NCE: 1.200 NCE_Y: 0.851 
(epoch: 21, iters: 4600, time: 0.053, data: 0.002) G_GAN: 0.304 D_real: 0.276 D_fake: 0.183 G: 1.251 NCE: 1.054 NCE_Y: 0.839 
(epoch: 21, iters: 4700, time: 0.053, data: 0.001) G_GAN: 0.256 D_real: 0.328 D_fake: 0.229 G: 1.251 NCE: 1.119 NCE_Y: 0.870 
(epoch: 21, iters: 4800, time: 0.054, data: 0.004) G_GAN: 0.282 D_real: 0.264 D_fake: 0.237 G: 1.251 NCE: 1.090 NCE_Y: 0.848 
(epoch: 21, iters: 4900, time: 0.054, data: 0.001) G_GAN: 0.233 D_real: 0.244 D_fake: 0.286 G: 1.183 NCE: 1.056 NCE_Y: 0.844 
(epoch: 21, iters: 5000, time: 0.054, data: 0.001) G_GAN: 0.275 D_real: 0.300 D_fake: 0.247 G: 1.238 NCE: 1.068 NCE_Y: 0.859 
(epoch: 21, iters: 5100, time: 0.054, data: 0.001) G_GAN: 0.270 D_real: 0.244 D_fake: 0.260 G: 1.209 NCE: 1.043 NCE_Y: 0.834 
(epoch: 21, iters: 5200, time: 0.054, data: 0.001) G_GAN: 0.259 D_real: 0.212 D_fake: 0.330 G: 1.191 NCE: 1.046 NCE_Y: 0.818 
(epoch: 21, iters: 5300, time: 0.053, data: 0.002) G_GAN: 0.297 D_real: 0.172 D_fake: 0.263 G: 1.272 NCE: 1.109 NCE_Y: 0.841 
(epoch: 21, iters: 5400, time: 0.053, data: 0.001) G_GAN: 0.318 D_real: 0.262 D_fake: 0.174 G: 1.285 NCE: 1.067 NCE_Y: 0.866 
(epoch: 21, iters: 5500, time: 0.054, data: 0.001) G_GAN: 0.296 D_real: 0.214 D_fake: 0.293 G: 1.251 NCE: 1.076 NCE_Y: 0.832 
(epoch: 21, iters: 5600, time: 0.053, data: 0.001) G_GAN: 0.280 D_real: 0.236 D_fake: 0.218 G: 1.237 NCE: 1.063 NCE_Y: 0.850 
(epoch: 21, iters: 5700, time: 0.053, data: 0.001) G_GAN: 0.282 D_real: 0.433 D_fake: 0.155 G: 1.250 NCE: 1.074 NCE_Y: 0.863 
(epoch: 21, iters: 5800, time: 0.053, data: 0.002) G_GAN: 0.284 D_real: 0.232 D_fake: 0.225 G: 1.227 NCE: 1.061 NCE_Y: 0.825 
(epoch: 21, iters: 5900, time: 0.053, data: 0.001) G_GAN: 0.320 D_real: 0.261 D_fake: 0.269 G: 1.279 NCE: 1.079 NCE_Y: 0.839 
(epoch: 21, iters: 6000, time: 0.052, data: 0.001) G_GAN: 0.295 D_real: 0.293 D_fake: 0.199 G: 1.231 NCE: 1.042 NCE_Y: 0.830 
(epoch: 21, iters: 6100, time: 0.053, data: 0.002) G_GAN: 0.250 D_real: 0.265 D_fake: 0.312 G: 1.234 NCE: 1.113 NCE_Y: 0.856 
(epoch: 21, iters: 6200, time: 0.053, data: 0.001) G_GAN: 0.346 D_real: 0.144 D_fake: 0.254 G: 1.276 NCE: 1.038 NCE_Y: 0.822 
(epoch: 21, iters: 6300, time: 0.053, data: 0.001) G_GAN: 0.289 D_real: 0.153 D_fake: 0.325 G: 1.251 NCE: 1.116 NCE_Y: 0.808 
(epoch: 21, iters: 6400, time: 0.053, data: 0.001) G_GAN: 0.251 D_real: 0.324 D_fake: 0.203 G: 1.207 NCE: 1.093 NCE_Y: 0.820 
(epoch: 21, iters: 6500, time: 0.053, data: 0.002) G_GAN: 0.279 D_real: 0.227 D_fake: 0.238 G: 1.244 NCE: 1.087 NCE_Y: 0.844 
(epoch: 21, iters: 6600, time: 0.053, data: 0.004) G_GAN: 0.244 D_real: 0.270 D_fake: 0.265 G: 1.207 NCE: 1.093 NCE_Y: 0.834 
(epoch: 21, iters: 6700, time: 0.053, data: 0.001) G_GAN: 0.323 D_real: 0.347 D_fake: 0.128 G: 1.267 NCE: 1.051 NCE_Y: 0.838 
(epoch: 21, iters: 6800, time: 0.053, data: 0.002) G_GAN: 0.306 D_real: 0.157 D_fake: 0.327 G: 1.263 NCE: 1.057 NCE_Y: 0.857 
(epoch: 21, iters: 6900, time: 0.054, data: 0.002) G_GAN: 0.222 D_real: 0.207 D_fake: 0.275 G: 1.151 NCE: 1.022 NCE_Y: 0.836 
(epoch: 21, iters: 7000, time: 0.054, data: 0.002) G_GAN: 0.289 D_real: 0.309 D_fake: 0.197 G: 1.241 NCE: 1.099 NCE_Y: 0.806 
(epoch: 21, iters: 7100, time: 0.054, data: 0.001) G_GAN: 0.954 D_real: 0.009 D_fake: 0.034 G: 2.006 NCE: 1.192 NCE_Y: 0.913 
(epoch: 21, iters: 7200, time: 0.054, data: 0.001) G_GAN: 0.293 D_real: 0.167 D_fake: 0.240 G: 1.254 NCE: 1.038 NCE_Y: 0.884 
(epoch: 21, iters: 7300, time: 0.053, data: 0.001) G_GAN: 0.311 D_real: 0.261 D_fake: 0.190 G: 1.292 NCE: 1.130 NCE_Y: 0.834 
(epoch: 21, iters: 7400, time: 0.053, data: 0.001) G_GAN: 0.297 D_real: 0.254 D_fake: 0.199 G: 1.240 NCE: 1.052 NCE_Y: 0.834 
(epoch: 21, iters: 7500, time: 0.054, data: 0.001) G_GAN: 0.293 D_real: 0.206 D_fake: 0.249 G: 1.243 NCE: 1.041 NCE_Y: 0.858 
(epoch: 21, iters: 7600, time: 0.053, data: 0.001) G_GAN: 0.377 D_real: 0.079 D_fake: 0.292 G: 1.335 NCE: 1.089 NCE_Y: 0.826 
(epoch: 21, iters: 7700, time: 0.053, data: 0.001) G_GAN: 0.232 D_real: 0.226 D_fake: 0.302 G: 1.179 NCE: 1.077 NCE_Y: 0.818 
(epoch: 21, iters: 7800, time: 0.053, data: 0.001) G_GAN: 0.368 D_real: 0.244 D_fake: 0.199 G: 1.343 NCE: 1.102 NCE_Y: 0.849 
(epoch: 21, iters: 7900, time: 0.053, data: 0.001) G_GAN: 0.268 D_real: 0.235 D_fake: 0.259 G: 1.218 NCE: 1.063 NCE_Y: 0.838 
(epoch: 21, iters: 8000, time: 0.053, data: 0.001) G_GAN: 0.262 D_real: 0.251 D_fake: 0.237 G: 1.195 NCE: 1.062 NCE_Y: 0.803 
End of epoch 21 / 60 	 Time Taken: 443 sec
learning rate = 0.0002000
(epoch: 22, iters: 60, time: 0.053, data: 0.001) G_GAN: 0.251 D_real: 0.286 D_fake: 0.281 G: 1.173 NCE: 1.043 NCE_Y: 0.802 
(epoch: 22, iters: 160, time: 0.053, data: 0.003) G_GAN: 0.399 D_real: 0.293 D_fake: 0.157 G: 1.375 NCE: 1.125 NCE_Y: 0.826 
(epoch: 22, iters: 260, time: 0.053, data: 0.001) G_GAN: 0.322 D_real: 0.183 D_fake: 0.276 G: 1.285 NCE: 1.030 NCE_Y: 0.896 
(epoch: 22, iters: 360, time: 0.053, data: 0.001) G_GAN: 0.240 D_real: 0.295 D_fake: 0.239 G: 1.194 NCE: 1.049 NCE_Y: 0.859 
(epoch: 22, iters: 460, time: 0.053, data: 0.001) G_GAN: 0.330 D_real: 0.149 D_fake: 0.287 G: 1.274 NCE: 1.062 NCE_Y: 0.826 
(epoch: 22, iters: 560, time: 0.053, data: 0.001) G_GAN: 0.214 D_real: 0.311 D_fake: 0.220 G: 1.157 NCE: 1.058 NCE_Y: 0.826 
(epoch: 22, iters: 660, time: 0.053, data: 0.001) G_GAN: 0.278 D_real: 0.195 D_fake: 0.245 G: 1.219 NCE: 1.082 NCE_Y: 0.800 
(epoch: 22, iters: 760, time: 0.053, data: 0.002) G_GAN: 0.843 D_real: 0.124 D_fake: 0.366 G: 1.792 NCE: 1.096 NCE_Y: 0.801 
(epoch: 22, iters: 860, time: 0.053, data: 0.001) G_GAN: 0.343 D_real: 0.224 D_fake: 0.243 G: 1.360 NCE: 1.103 NCE_Y: 0.929 
(epoch: 22, iters: 960, time: 0.053, data: 0.001) G_GAN: 0.289 D_real: 0.207 D_fake: 0.244 G: 1.224 NCE: 1.065 NCE_Y: 0.804 
(epoch: 22, iters: 1060, time: 0.053, data: 0.001) G_GAN: 0.204 D_real: 0.372 D_fake: 0.184 G: 1.152 NCE: 1.047 NCE_Y: 0.849 
(epoch: 22, iters: 1160, time: 0.053, data: 0.001) G_GAN: 1.261 D_real: 0.069 D_fake: 0.277 G: 2.251 NCE: 1.122 NCE_Y: 0.858 
saving the latest model (epoch 22, total_iters 170000)
doctr_SELFF_to_SD_fixed_nl2
(epoch: 22, iters: 1260, time: 0.053, data: 0.001) G_GAN: 0.940 D_real: 0.013 D_fake: 0.039 G: 1.921 NCE: 1.086 NCE_Y: 0.877 
(epoch: 22, iters: 1360, time: 0.053, data: 0.001) G_GAN: 0.960 D_real: 0.008 D_fake: 0.006 G: 2.031 NCE: 1.193 NCE_Y: 0.949 
(epoch: 22, iters: 1460, time: 0.053, data: 0.001) G_GAN: 0.391 D_real: 0.193 D_fake: 0.158 G: 1.350 NCE: 1.067 NCE_Y: 0.850 
(epoch: 22, iters: 1560, time: 0.052, data: 0.001) G_GAN: 0.342 D_real: 0.286 D_fake: 0.180 G: 1.310 NCE: 1.098 NCE_Y: 0.839 
(epoch: 22, iters: 1660, time: 0.053, data: 0.002) G_GAN: 0.272 D_real: 0.236 D_fake: 0.305 G: 1.222 NCE: 1.045 NCE_Y: 0.855 
(epoch: 22, iters: 1760, time: 0.053, data: 0.002) G_GAN: 0.247 D_real: 0.293 D_fake: 0.261 G: 1.226 NCE: 1.081 NCE_Y: 0.875 
(epoch: 22, iters: 1860, time: 0.052, data: 0.001) G_GAN: 0.321 D_real: 0.214 D_fake: 0.164 G: 1.273 NCE: 1.079 NCE_Y: 0.826 
(epoch: 22, iters: 1960, time: 0.053, data: 0.001) G_GAN: 0.209 D_real: 0.271 D_fake: 0.329 G: 1.179 NCE: 1.115 NCE_Y: 0.824 
(epoch: 22, iters: 2060, time: 0.053, data: 0.001) G_GAN: 0.288 D_real: 0.227 D_fake: 0.263 G: 1.273 NCE: 1.099 NCE_Y: 0.872 
(epoch: 22, iters: 2160, time: 0.053, data: 0.001) G_GAN: 0.223 D_real: 0.315 D_fake: 0.246 G: 1.178 NCE: 1.082 NCE_Y: 0.829 
(epoch: 22, iters: 2260, time: 0.053, data: 0.001) G_GAN: 0.239 D_real: 0.364 D_fake: 0.210 G: 1.176 NCE: 1.034 NCE_Y: 0.840 
(epoch: 22, iters: 2360, time: 0.053, data: 0.002) G_GAN: 0.277 D_real: 0.194 D_fake: 0.295 G: 1.241 NCE: 1.101 NCE_Y: 0.828 
(epoch: 22, iters: 2460, time: 0.053, data: 0.001) G_GAN: 0.208 D_real: 0.349 D_fake: 0.259 G: 1.202 NCE: 1.070 NCE_Y: 0.919 
(epoch: 22, iters: 2560, time: 0.054, data: 0.001) G_GAN: 0.198 D_real: 0.402 D_fake: 0.258 G: 1.212 NCE: 1.181 NCE_Y: 0.847 
(epoch: 22, iters: 2660, time: 0.054, data: 0.001) G_GAN: 0.219 D_real: 0.365 D_fake: 0.211 G: 1.183 NCE: 1.082 NCE_Y: 0.847 
(epoch: 22, iters: 2760, time: 0.053, data: 0.001) G_GAN: 0.263 D_real: 0.386 D_fake: 0.167 G: 1.208 NCE: 1.058 NCE_Y: 0.832 
(epoch: 22, iters: 2860, time: 0.053, data: 0.001) G_GAN: 1.094 D_real: 0.195 D_fake: 0.032 G: 2.060 NCE: 1.076 NCE_Y: 0.855 
(epoch: 22, iters: 2960, time: 0.053, data: 0.001) G_GAN: 0.289 D_real: 0.222 D_fake: 0.213 G: 1.253 NCE: 1.108 NCE_Y: 0.821 
(epoch: 22, iters: 3060, time: 0.053, data: 0.001) G_GAN: 0.360 D_real: 0.157 D_fake: 0.229 G: 1.301 NCE: 1.057 NCE_Y: 0.824 
(epoch: 22, iters: 3160, time: 0.053, data: 0.001) G_GAN: 0.226 D_real: 0.155 D_fake: 0.309 G: 1.161 NCE: 1.040 NCE_Y: 0.830 
(epoch: 22, iters: 3260, time: 0.053, data: 0.001) G_GAN: 0.223 D_real: 0.339 D_fake: 0.358 G: 1.189 NCE: 1.081 NCE_Y: 0.850 
(epoch: 22, iters: 3360, time: 0.053, data: 0.001) G_GAN: 0.262 D_real: 0.302 D_fake: 0.187 G: 1.226 NCE: 1.091 NCE_Y: 0.836 
(epoch: 22, iters: 3460, time: 0.054, data: 0.001) G_GAN: 0.325 D_real: 0.573 D_fake: 0.124 G: 1.277 NCE: 1.068 NCE_Y: 0.836 
(epoch: 22, iters: 3560, time: 0.054, data: 0.001) G_GAN: 0.321 D_real: 0.274 D_fake: 0.236 G: 1.286 NCE: 1.043 NCE_Y: 0.886 
(epoch: 22, iters: 3660, time: 0.053, data: 0.002) G_GAN: 0.281 D_real: 0.373 D_fake: 0.195 G: 1.253 NCE: 1.073 NCE_Y: 0.870 
(epoch: 22, iters: 3760, time: 0.053, data: 0.001) G_GAN: 0.218 D_real: 0.246 D_fake: 0.312 G: 1.184 NCE: 1.065 NCE_Y: 0.869 
(epoch: 22, iters: 3860, time: 0.053, data: 0.001) G_GAN: 0.261 D_real: 0.390 D_fake: 0.169 G: 1.211 NCE: 1.046 NCE_Y: 0.854 
(epoch: 22, iters: 3960, time: 0.053, data: 0.001) G_GAN: 0.227 D_real: 0.276 D_fake: 0.281 G: 1.137 NCE: 1.006 NCE_Y: 0.814 
(epoch: 22, iters: 4060, time: 0.053, data: 0.001) G_GAN: 0.259 D_real: 0.244 D_fake: 0.233 G: 1.185 NCE: 1.038 NCE_Y: 0.815 
(epoch: 22, iters: 4160, time: 0.053, data: 0.001) G_GAN: 0.255 D_real: 0.203 D_fake: 0.309 G: 1.226 NCE: 1.059 NCE_Y: 0.884 
(epoch: 22, iters: 4260, time: 0.053, data: 0.001) G_GAN: 0.275 D_real: 0.215 D_fake: 0.237 G: 1.282 NCE: 1.075 NCE_Y: 0.938 
(epoch: 22, iters: 4360, time: 0.053, data: 0.002) G_GAN: 0.339 D_real: 0.158 D_fake: 0.278 G: 1.287 NCE: 1.076 NCE_Y: 0.821 
(epoch: 22, iters: 4460, time: 0.053, data: 0.002) G_GAN: 0.319 D_real: 0.106 D_fake: 0.307 G: 1.268 NCE: 1.087 NCE_Y: 0.811 
(epoch: 22, iters: 4560, time: 0.052, data: 0.002) G_GAN: 0.251 D_real: 0.188 D_fake: 0.341 G: 1.179 NCE: 1.048 NCE_Y: 0.809 
(epoch: 22, iters: 4660, time: 0.052, data: 0.001) G_GAN: 0.274 D_real: 0.352 D_fake: 0.230 G: 1.222 NCE: 1.068 NCE_Y: 0.829 
(epoch: 22, iters: 4760, time: 0.052, data: 0.001) G_GAN: 0.245 D_real: 0.233 D_fake: 0.284 G: 1.185 NCE: 1.063 NCE_Y: 0.816 
(epoch: 22, iters: 4860, time: 0.052, data: 0.001) G_GAN: 0.928 D_real: 0.003 D_fake: 0.008 G: 1.962 NCE: 1.196 NCE_Y: 0.871 
(epoch: 22, iters: 4960, time: 0.053, data: 0.001) G_GAN: 0.960 D_real: 0.005 D_fake: 0.004 G: 2.070 NCE: 1.289 NCE_Y: 0.932 
(epoch: 22, iters: 5060, time: 0.053, data: 0.001) G_GAN: 1.016 D_real: 0.002 D_fake: 0.005 G: 2.045 NCE: 1.225 NCE_Y: 0.833 
(epoch: 22, iters: 5160, time: 0.053, data: 0.001) G_GAN: 0.991 D_real: 0.003 D_fake: 0.026 G: 2.024 NCE: 1.204 NCE_Y: 0.862 
(epoch: 22, iters: 5260, time: 0.053, data: 0.002) G_GAN: 0.994 D_real: 0.004 D_fake: 0.008 G: 2.089 NCE: 1.317 NCE_Y: 0.873 
(epoch: 22, iters: 5360, time: 0.053, data: 0.001) G_GAN: 1.041 D_real: 0.003 D_fake: 0.002 G: 2.010 NCE: 1.040 NCE_Y: 0.898 
(epoch: 22, iters: 5460, time: 0.053, data: 0.001) G_GAN: 1.053 D_real: 0.002 D_fake: 0.005 G: 2.010 NCE: 1.016 NCE_Y: 0.898 
(epoch: 22, iters: 5560, time: 0.053, data: 0.001) G_GAN: 1.030 D_real: 0.001 D_fake: 0.001 G: 1.963 NCE: 1.003 NCE_Y: 0.863 
(epoch: 22, iters: 5660, time: 0.053, data: 0.001) G_GAN: 1.006 D_real: 0.002 D_fake: 0.001 G: 1.924 NCE: 0.991 NCE_Y: 0.845 
(epoch: 22, iters: 5760, time: 0.053, data: 0.001) G_GAN: 0.983 D_real: 0.002 D_fake: 0.007 G: 1.999 NCE: 1.143 NCE_Y: 0.888 
(epoch: 22, iters: 5860, time: 0.053, data: 0.002) G_GAN: 1.012 D_real: 0.003 D_fake: 0.008 G: 2.077 NCE: 1.232 NCE_Y: 0.898 
(epoch: 22, iters: 5960, time: 0.052, data: 0.001) G_GAN: 1.040 D_real: 0.002 D_fake: 0.017 G: 2.169 NCE: 1.360 NCE_Y: 0.898 
(epoch: 22, iters: 6060, time: 0.053, data: 0.001) G_GAN: 1.247 D_real: 0.010 D_fake: 0.032 G: 2.339 NCE: 1.321 NCE_Y: 0.863 
(epoch: 22, iters: 6160, time: 0.053, data: 0.001) G_GAN: 0.975 D_real: 0.002 D_fake: 0.005 G: 2.108 NCE: 1.265 NCE_Y: 1.000 
saving the latest model (epoch 22, total_iters 175000)
doctr_SELFF_to_SD_fixed_nl2
(epoch: 22, iters: 6260, time: 0.053, data: 0.001) G_GAN: 1.063 D_real: 0.011 D_fake: 0.028 G: 2.158 NCE: 1.249 NCE_Y: 0.942 
(epoch: 22, iters: 6360, time: 0.053, data: 0.001) G_GAN: 1.019 D_real: 0.002 D_fake: 0.011 G: 2.114 NCE: 1.350 NCE_Y: 0.841 
(epoch: 22, iters: 6460, time: 0.053, data: 0.001) G_GAN: 0.993 D_real: 0.008 D_fake: 0.005 G: 2.136 NCE: 1.425 NCE_Y: 0.860 
(epoch: 22, iters: 6560, time: 0.053, data: 0.001) G_GAN: 0.941 D_real: 0.002 D_fake: 0.010 G: 2.108 NCE: 1.268 NCE_Y: 1.067 
(epoch: 22, iters: 6660, time: 0.053, data: 0.001) G_GAN: 1.029 D_real: 0.001 D_fake: 0.005 G: 2.083 NCE: 1.243 NCE_Y: 0.866 
(epoch: 22, iters: 6760, time: 0.053, data: 0.001) G_GAN: 1.089 D_real: 0.007 D_fake: 0.019 G: 2.129 NCE: 1.205 NCE_Y: 0.874 
(epoch: 22, iters: 6860, time: 0.054, data: 0.001) G_GAN: 0.992 D_real: 0.004 D_fake: 0.006 G: 2.043 NCE: 1.211 NCE_Y: 0.892 
(epoch: 22, iters: 6960, time: 0.054, data: 0.001) G_GAN: 0.956 D_real: 0.002 D_fake: 0.005 G: 1.986 NCE: 1.175 NCE_Y: 0.886 
(epoch: 22, iters: 7060, time: 0.054, data: 0.001) G_GAN: 1.032 D_real: 0.008 D_fake: 0.006 G: 2.096 NCE: 1.225 NCE_Y: 0.903 
(epoch: 22, iters: 7160, time: 0.053, data: 0.001) G_GAN: 0.763 D_real: 0.048 D_fake: 0.099 G: 1.815 NCE: 1.169 NCE_Y: 0.935 
(epoch: 22, iters: 7260, time: 0.053, data: 0.001) G_GAN: 0.457 D_real: 0.102 D_fake: 0.246 G: 1.483 NCE: 1.083 NCE_Y: 0.968 
(epoch: 22, iters: 7360, time: 0.053, data: 0.001) G_GAN: 0.303 D_real: 0.224 D_fake: 0.320 G: 1.284 NCE: 1.056 NCE_Y: 0.906 
(epoch: 22, iters: 7460, time: 0.053, data: 0.001) G_GAN: 0.409 D_real: 0.265 D_fake: 0.228 G: 1.354 NCE: 1.022 NCE_Y: 0.868 
(epoch: 22, iters: 7560, time: 0.053, data: 0.001) G_GAN: 0.321 D_real: 0.253 D_fake: 0.181 G: 1.242 NCE: 1.002 NCE_Y: 0.839 
(epoch: 22, iters: 7660, time: 0.053, data: 0.002) G_GAN: 0.228 D_real: 0.280 D_fake: 0.272 G: 1.210 NCE: 1.097 NCE_Y: 0.866 
(epoch: 22, iters: 7760, time: 0.054, data: 0.001) G_GAN: 0.402 D_real: 0.132 D_fake: 0.203 G: 1.400 NCE: 1.127 NCE_Y: 0.870 
(epoch: 22, iters: 7860, time: 0.054, data: 0.001) G_GAN: 0.948 D_real: 0.007 D_fake: 0.020 G: 1.932 NCE: 1.080 NCE_Y: 0.889 
(epoch: 22, iters: 7960, time: 0.054, data: 0.001) G_GAN: 0.271 D_real: 0.250 D_fake: 0.209 G: 1.255 NCE: 1.038 NCE_Y: 0.931 
End of epoch 22 / 60 	 Time Taken: 440 sec
learning rate = 0.0002000
(epoch: 23, iters: 20, time: 0.054, data: 0.001) G_GAN: 0.349 D_real: 0.266 D_fake: 0.254 G: 1.313 NCE: 1.027 NCE_Y: 0.900 
(epoch: 23, iters: 120, time: 0.054, data: 0.001) G_GAN: 0.349 D_real: 0.202 D_fake: 0.198 G: 1.280 NCE: 1.026 NCE_Y: 0.836 
(epoch: 23, iters: 220, time: 0.053, data: 0.001) G_GAN: 0.375 D_real: 0.184 D_fake: 0.129 G: 1.312 NCE: 1.028 NCE_Y: 0.847 
(epoch: 23, iters: 320, time: 0.053, data: 0.001) G_GAN: 0.291 D_real: 0.260 D_fake: 0.272 G: 1.224 NCE: 1.025 NCE_Y: 0.841 
(epoch: 23, iters: 420, time: 0.053, data: 0.001) G_GAN: 0.283 D_real: 0.205 D_fake: 0.268 G: 1.211 NCE: 1.010 NCE_Y: 0.846 
(epoch: 23, iters: 520, time: 0.053, data: 0.001) G_GAN: 0.283 D_real: 0.252 D_fake: 0.190 G: 1.248 NCE: 1.060 NCE_Y: 0.870 
(epoch: 23, iters: 620, time: 0.053, data: 0.001) G_GAN: 0.423 D_real: 0.130 D_fake: 0.262 G: 1.361 NCE: 1.032 NCE_Y: 0.843 
(epoch: 23, iters: 720, time: 0.053, data: 0.001) G_GAN: 0.291 D_real: 0.217 D_fake: 0.261 G: 1.219 NCE: 1.018 NCE_Y: 0.838 
(epoch: 23, iters: 820, time: 0.053, data: 0.001) G_GAN: 1.042 D_real: 0.062 D_fake: 0.051 G: 2.000 NCE: 1.018 NCE_Y: 0.899 
(epoch: 23, iters: 920, time: 0.053, data: 0.001) G_GAN: 0.979 D_real: 0.002 D_fake: 0.003 G: 2.026 NCE: 1.167 NCE_Y: 0.929 
(epoch: 23, iters: 1020, time: 0.053, data: 0.001) G_GAN: 1.054 D_real: 0.003 D_fake: 0.011 G: 2.100 NCE: 1.204 NCE_Y: 0.887 
(epoch: 23, iters: 1120, time: 0.053, data: 0.001) G_GAN: 1.010 D_real: 0.001 D_fake: 0.001 G: 2.156 NCE: 1.404 NCE_Y: 0.888 
(epoch: 23, iters: 1220, time: 0.053, data: 0.001) G_GAN: 0.974 D_real: 0.002 D_fake: 0.002 G: 2.075 NCE: 1.334 NCE_Y: 0.869 
(epoch: 23, iters: 1320, time: 0.053, data: 0.002) G_GAN: 0.996 D_real: 0.001 D_fake: 0.002 G: 2.037 NCE: 1.229 NCE_Y: 0.854 
(epoch: 23, iters: 1420, time: 0.053, data: 0.001) G_GAN: 1.029 D_real: 0.006 D_fake: 0.016 G: 2.016 NCE: 1.121 NCE_Y: 0.851 
(epoch: 23, iters: 1520, time: 0.053, data: 0.001) G_GAN: 1.030 D_real: 0.005 D_fake: 0.045 G: 2.050 NCE: 1.179 NCE_Y: 0.860 
(epoch: 23, iters: 1620, time: 0.053, data: 0.001) G_GAN: 0.955 D_real: 0.007 D_fake: 0.004 G: 1.942 NCE: 1.077 NCE_Y: 0.897 
(epoch: 23, iters: 1720, time: 0.053, data: 0.001) G_GAN: 1.031 D_real: 0.004 D_fake: 0.005 G: 2.005 NCE: 1.038 NCE_Y: 0.910 
(epoch: 23, iters: 1820, time: 0.053, data: 0.001) G_GAN: 1.020 D_real: 0.003 D_fake: 0.014 G: 2.044 NCE: 1.153 NCE_Y: 0.896 
(epoch: 23, iters: 1920, time: 0.053, data: 0.001) G_GAN: 1.025 D_real: 0.001 D_fake: 0.005 G: 2.011 NCE: 1.102 NCE_Y: 0.869 
(epoch: 23, iters: 2020, time: 0.053, data: 0.002) G_GAN: 0.969 D_real: 0.007 D_fake: 0.007 G: 2.005 NCE: 1.160 NCE_Y: 0.911 
(epoch: 23, iters: 2120, time: 0.053, data: 0.001) G_GAN: 0.988 D_real: 0.003 D_fake: 0.013 G: 2.006 NCE: 1.104 NCE_Y: 0.931 
(epoch: 23, iters: 2220, time: 0.053, data: 0.002) G_GAN: 1.060 D_real: 0.004 D_fake: 0.006 G: 2.072 NCE: 1.164 NCE_Y: 0.858 
(epoch: 23, iters: 2320, time: 0.053, data: 0.001) G_GAN: 0.975 D_real: 0.009 D_fake: 0.009 G: 2.021 NCE: 1.180 NCE_Y: 0.910 
(epoch: 23, iters: 2420, time: 0.053, data: 0.001) G_GAN: 0.811 D_real: 0.047 D_fake: 0.010 G: 1.813 NCE: 1.093 NCE_Y: 0.911 
(epoch: 23, iters: 2520, time: 0.052, data: 0.001) G_GAN: 0.782 D_real: 0.010 D_fake: 0.287 G: 1.751 NCE: 1.053 NCE_Y: 0.885 
(epoch: 23, iters: 2620, time: 0.052, data: 0.001) G_GAN: 0.441 D_real: 0.207 D_fake: 0.127 G: 1.388 NCE: 1.043 NCE_Y: 0.852 
(epoch: 23, iters: 2720, time: 0.052, data: 0.001) G_GAN: 0.319 D_real: 0.276 D_fake: 0.189 G: 1.306 NCE: 1.076 NCE_Y: 0.898 
(epoch: 23, iters: 2820, time: 0.053, data: 0.002) G_GAN: 0.868 D_real: 0.013 D_fake: 0.027 G: 1.849 NCE: 1.077 NCE_Y: 0.886 
(epoch: 23, iters: 2920, time: 0.053, data: 0.001) G_GAN: 0.901 D_real: 0.020 D_fake: 0.010 G: 1.838 NCE: 1.008 NCE_Y: 0.867 
(epoch: 23, iters: 3020, time: 0.053, data: 0.001) G_GAN: 0.340 D_real: 0.131 D_fake: 0.339 G: 1.322 NCE: 1.119 NCE_Y: 0.844 
(epoch: 23, iters: 3120, time: 0.052, data: 0.001) G_GAN: 0.253 D_real: 0.324 D_fake: 0.344 G: 1.240 NCE: 1.099 NCE_Y: 0.874 
saving the latest model (epoch 23, total_iters 180000)
doctr_SELFF_to_SD_fixed_nl2
(epoch: 23, iters: 3220, time: 0.052, data: 0.001) G_GAN: 0.253 D_real: 0.375 D_fake: 0.159 G: 1.207 NCE: 1.047 NCE_Y: 0.859 
(epoch: 23, iters: 3320, time: 0.053, data: 0.001) G_GAN: 0.248 D_real: 0.252 D_fake: 0.245 G: 1.207 NCE: 1.093 NCE_Y: 0.825 
(epoch: 23, iters: 3420, time: 0.053, data: 0.001) G_GAN: 0.310 D_real: 0.157 D_fake: 0.334 G: 1.272 NCE: 1.087 NCE_Y: 0.837 
(epoch: 23, iters: 3520, time: 0.053, data: 0.001) G_GAN: 0.277 D_real: 0.406 D_fake: 0.171 G: 1.224 NCE: 1.017 NCE_Y: 0.876 
(epoch: 23, iters: 3620, time: 0.052, data: 0.002) G_GAN: 0.312 D_real: 0.243 D_fake: 0.220 G: 1.290 NCE: 1.116 NCE_Y: 0.841 
(epoch: 23, iters: 3720, time: 0.052, data: 0.001) G_GAN: 0.265 D_real: 0.253 D_fake: 0.217 G: 1.194 NCE: 1.048 NCE_Y: 0.810 
(epoch: 23, iters: 3820, time: 0.053, data: 0.001) G_GAN: 0.299 D_real: 0.191 D_fake: 0.212 G: 1.249 NCE: 1.080 NCE_Y: 0.821 
(epoch: 23, iters: 3920, time: 0.053, data: 0.001) G_GAN: 0.244 D_real: 0.197 D_fake: 0.337 G: 1.199 NCE: 1.042 NCE_Y: 0.868 
(epoch: 23, iters: 4020, time: 0.053, data: 0.001) G_GAN: 0.301 D_real: 0.245 D_fake: 0.258 G: 1.239 NCE: 1.044 NCE_Y: 0.833 
(epoch: 23, iters: 4120, time: 0.053, data: 0.002) G_GAN: 0.362 D_real: 0.176 D_fake: 0.218 G: 1.307 NCE: 1.111 NCE_Y: 0.780 
(epoch: 23, iters: 4220, time: 0.053, data: 0.001) G_GAN: 0.349 D_real: 0.090 D_fake: 0.275 G: 1.265 NCE: 1.041 NCE_Y: 0.790 
(epoch: 23, iters: 4320, time: 0.053, data: 0.001) G_GAN: 0.268 D_real: 0.187 D_fake: 0.248 G: 1.203 NCE: 1.050 NCE_Y: 0.820 
(epoch: 23, iters: 4420, time: 0.053, data: 0.001) G_GAN: 0.255 D_real: 0.340 D_fake: 0.197 G: 1.237 NCE: 1.082 NCE_Y: 0.883 
(epoch: 23, iters: 4520, time: 0.053, data: 0.001) G_GAN: 0.266 D_real: 0.271 D_fake: 0.224 G: 1.262 NCE: 1.124 NCE_Y: 0.867 
(epoch: 23, iters: 4620, time: 0.053, data: 0.001) G_GAN: 0.293 D_real: 0.238 D_fake: 0.253 G: 1.253 NCE: 1.092 NCE_Y: 0.828 
(epoch: 23, iters: 4720, time: 0.052, data: 0.001) G_GAN: 0.246 D_real: 0.226 D_fake: 0.289 G: 1.217 NCE: 1.029 NCE_Y: 0.913 
(epoch: 23, iters: 4820, time: 0.053, data: 0.001) G_GAN: 0.330 D_real: 0.227 D_fake: 0.209 G: 1.280 NCE: 1.032 NCE_Y: 0.869 
(epoch: 23, iters: 4920, time: 0.053, data: 0.001) G_GAN: 0.318 D_real: 0.215 D_fake: 0.258 G: 1.284 NCE: 1.106 NCE_Y: 0.828 
(epoch: 23, iters: 5020, time: 0.053, data: 0.001) G_GAN: 0.314 D_real: 0.297 D_fake: 0.211 G: 1.248 NCE: 1.077 NCE_Y: 0.792 
(epoch: 23, iters: 5120, time: 0.053, data: 0.001) G_GAN: 0.293 D_real: 0.294 D_fake: 0.165 G: 1.245 NCE: 1.074 NCE_Y: 0.829 
(epoch: 23, iters: 5220, time: 0.053, data: 0.001) G_GAN: 0.363 D_real: 0.198 D_fake: 0.211 G: 1.258 NCE: 0.980 NCE_Y: 0.810 
(epoch: 23, iters: 5320, time: 0.053, data: 0.001) G_GAN: 0.323 D_real: 0.249 D_fake: 0.191 G: 1.279 NCE: 1.053 NCE_Y: 0.858 
(epoch: 23, iters: 5420, time: 0.053, data: 0.001) G_GAN: 0.348 D_real: 0.237 D_fake: 0.253 G: 1.275 NCE: 1.039 NCE_Y: 0.814 
(epoch: 23, iters: 5520, time: 0.053, data: 0.001) G_GAN: 0.257 D_real: 0.271 D_fake: 0.304 G: 1.221 NCE: 1.091 NCE_Y: 0.836 
(epoch: 23, iters: 5620, time: 0.053, data: 0.001) G_GAN: 0.291 D_real: 0.341 D_fake: 0.212 G: 1.239 NCE: 1.043 NCE_Y: 0.854 
(epoch: 23, iters: 5720, time: 0.054, data: 0.001) G_GAN: 0.331 D_real: 0.221 D_fake: 0.138 G: 1.262 NCE: 1.032 NCE_Y: 0.830 
(epoch: 23, iters: 5820, time: 0.054, data: 0.001) G_GAN: 0.316 D_real: 0.279 D_fake: 0.237 G: 1.251 NCE: 1.041 NCE_Y: 0.829 
(epoch: 23, iters: 5920, time: 0.054, data: 0.001) G_GAN: 0.266 D_real: 0.351 D_fake: 0.204 G: 1.251 NCE: 1.127 NCE_Y: 0.843 
(epoch: 23, iters: 6020, time: 0.054, data: 0.001) G_GAN: 0.242 D_real: 0.234 D_fake: 0.298 G: 1.188 NCE: 1.072 NCE_Y: 0.821 
(epoch: 23, iters: 6120, time: 0.054, data: 0.001) G_GAN: 0.322 D_real: 0.176 D_fake: 0.272 G: 1.312 NCE: 1.074 NCE_Y: 0.906 
(epoch: 23, iters: 6220, time: 0.053, data: 0.001) G_GAN: 0.211 D_real: 0.277 D_fake: 0.281 G: 1.155 NCE: 1.087 NCE_Y: 0.801 
(epoch: 23, iters: 6320, time: 0.053, data: 0.001) G_GAN: 0.291 D_real: 0.249 D_fake: 0.239 G: 1.244 NCE: 1.090 NCE_Y: 0.816 
(epoch: 23, iters: 6420, time: 0.053, data: 0.002) G_GAN: 0.313 D_real: 0.387 D_fake: 0.195 G: 1.380 NCE: 1.118 NCE_Y: 1.017 
(epoch: 23, iters: 6520, time: 0.053, data: 0.001) G_GAN: 0.253 D_real: 0.299 D_fake: 0.265 G: 1.249 NCE: 1.147 NCE_Y: 0.846 
(epoch: 23, iters: 6620, time: 0.053, data: 0.001) G_GAN: 0.191 D_real: 0.225 D_fake: 0.456 G: 1.149 NCE: 1.075 NCE_Y: 0.841 
(epoch: 23, iters: 6720, time: 0.053, data: 0.001) G_GAN: 0.277 D_real: 0.359 D_fake: 0.176 G: 1.223 NCE: 1.066 NCE_Y: 0.827 
(epoch: 23, iters: 6820, time: 0.053, data: 0.001) G_GAN: 0.266 D_real: 0.418 D_fake: 0.124 G: 1.213 NCE: 1.074 NCE_Y: 0.820 
(epoch: 23, iters: 6920, time: 0.053, data: 0.001) G_GAN: 0.275 D_real: 0.221 D_fake: 0.265 G: 1.226 NCE: 1.109 NCE_Y: 0.793 
(epoch: 23, iters: 7020, time: 0.053, data: 0.001) G_GAN: 0.208 D_real: 0.306 D_fake: 0.212 G: 1.151 NCE: 1.026 NCE_Y: 0.859 
(epoch: 23, iters: 7120, time: 0.053, data: 0.001) G_GAN: 0.883 D_real: 0.019 D_fake: 0.029 G: 1.861 NCE: 1.106 NCE_Y: 0.849 
(epoch: 23, iters: 7220, time: 0.052, data: 0.001) G_GAN: 0.990 D_real: 0.005 D_fake: 0.002 G: 2.062 NCE: 1.189 NCE_Y: 0.956 
(epoch: 23, iters: 7320, time: 0.052, data: 0.001) G_GAN: 0.956 D_real: 0.002 D_fake: 0.004 G: 2.115 NCE: 1.348 NCE_Y: 0.970 
(epoch: 23, iters: 7420, time: 0.053, data: 0.001) G_GAN: 1.085 D_real: 0.003 D_fake: 0.008 G: 2.210 NCE: 1.307 NCE_Y: 0.943 
(epoch: 23, iters: 7520, time: 0.053, data: 0.001) G_GAN: 0.969 D_real: 0.058 D_fake: 0.121 G: 1.929 NCE: 1.014 NCE_Y: 0.906 
(epoch: 23, iters: 7620, time: 0.053, data: 0.001) G_GAN: 1.026 D_real: 0.002 D_fake: 0.004 G: 2.038 NCE: 1.112 NCE_Y: 0.912 
(epoch: 23, iters: 7720, time: 0.053, data: 0.001) G_GAN: 1.039 D_real: 0.002 D_fake: 0.006 G: 2.145 NCE: 1.341 NCE_Y: 0.872 
(epoch: 23, iters: 7820, time: 0.053, data: 0.001) G_GAN: 0.712 D_real: 0.016 D_fake: 0.055 G: 1.624 NCE: 0.943 NCE_Y: 0.881 
(epoch: 23, iters: 7920, time: 0.053, data: 0.001) G_GAN: 0.756 D_real: 0.024 D_fake: 0.159 G: 1.741 NCE: 1.097 NCE_Y: 0.874 
(epoch: 23, iters: 8020, time: 0.053, data: 0.002) G_GAN: 0.645 D_real: 0.089 D_fake: 0.138 G: 1.579 NCE: 1.021 NCE_Y: 0.847 
End of epoch 23 / 60 	 Time Taken: 439 sec
learning rate = 0.0002000
(epoch: 24, iters: 80, time: 0.053, data: 0.001) G_GAN: 0.294 D_real: 0.212 D_fake: 0.132 G: 1.266 NCE: 1.060 NCE_Y: 0.884 
saving the latest model (epoch 24, total_iters 185000)
doctr_SELFF_to_SD_fixed_nl2
(epoch: 24, iters: 180, time: 0.052, data: 0.001) G_GAN: 0.269 D_real: 0.275 D_fake: 0.191 G: 1.211 NCE: 1.020 NCE_Y: 0.863 
(epoch: 24, iters: 280, time: 0.053, data: 0.001) G_GAN: 0.415 D_real: 0.298 D_fake: 0.129 G: 1.392 NCE: 1.095 NCE_Y: 0.860 
(epoch: 24, iters: 380, time: 0.053, data: 0.001) G_GAN: 0.265 D_real: 0.292 D_fake: 0.201 G: 1.225 NCE: 1.073 NCE_Y: 0.846 
(epoch: 24, iters: 480, time: 0.053, data: 0.001) G_GAN: 0.278 D_real: 0.279 D_fake: 0.210 G: 1.224 NCE: 1.039 NCE_Y: 0.852 
(epoch: 24, iters: 580, time: 0.053, data: 0.001) G_GAN: 0.372 D_real: 0.287 D_fake: 0.144 G: 1.351 NCE: 1.088 NCE_Y: 0.871 
(epoch: 24, iters: 680, time: 0.053, data: 0.001) G_GAN: 0.293 D_real: 0.350 D_fake: 0.139 G: 1.258 NCE: 1.081 NCE_Y: 0.849 
(epoch: 24, iters: 780, time: 0.053, data: 0.001) G_GAN: 0.271 D_real: 0.322 D_fake: 0.228 G: 1.236 NCE: 1.074 NCE_Y: 0.856 
(epoch: 24, iters: 880, time: 0.053, data: 0.001) G_GAN: 0.321 D_real: 0.424 D_fake: 0.153 G: 1.259 NCE: 1.063 NCE_Y: 0.814 
(epoch: 24, iters: 980, time: 0.053, data: 0.001) G_GAN: 0.276 D_real: 0.214 D_fake: 0.303 G: 1.254 NCE: 1.111 NCE_Y: 0.845 
(epoch: 24, iters: 1080, time: 0.053, data: 0.001) G_GAN: 0.305 D_real: 0.194 D_fake: 0.226 G: 1.280 NCE: 1.071 NCE_Y: 0.879 
(epoch: 24, iters: 1180, time: 0.053, data: 0.001) G_GAN: 0.323 D_real: 0.202 D_fake: 0.200 G: 1.283 NCE: 1.092 NCE_Y: 0.827 
(epoch: 24, iters: 1280, time: 0.054, data: 0.001) G_GAN: 0.320 D_real: 0.197 D_fake: 0.239 G: 1.244 NCE: 1.035 NCE_Y: 0.813 
(epoch: 24, iters: 1380, time: 0.054, data: 0.001) G_GAN: 0.343 D_real: 0.157 D_fake: 0.228 G: 1.303 NCE: 1.067 NCE_Y: 0.853 
(epoch: 24, iters: 1480, time: 0.054, data: 0.001) G_GAN: 0.415 D_real: 0.110 D_fake: 0.195 G: 1.358 NCE: 1.059 NCE_Y: 0.828 
(epoch: 24, iters: 1580, time: 0.054, data: 0.002) G_GAN: 0.305 D_real: 0.234 D_fake: 0.226 G: 1.235 NCE: 1.037 NCE_Y: 0.823 
(epoch: 24, iters: 1680, time: 0.054, data: 0.001) G_GAN: 0.292 D_real: 0.173 D_fake: 0.312 G: 1.242 NCE: 1.079 NCE_Y: 0.820 
(epoch: 24, iters: 1780, time: 0.054, data: 0.001) G_GAN: 0.239 D_real: 0.281 D_fake: 0.210 G: 1.211 NCE: 1.103 NCE_Y: 0.840 
(epoch: 24, iters: 1880, time: 0.053, data: 0.001) G_GAN: 0.251 D_real: 0.187 D_fake: 0.323 G: 1.192 NCE: 1.069 NCE_Y: 0.813 
(epoch: 24, iters: 1980, time: 0.053, data: 0.002) G_GAN: 0.274 D_real: 0.228 D_fake: 0.247 G: 1.265 NCE: 1.100 NCE_Y: 0.880 
(epoch: 24, iters: 2080, time: 0.053, data: 0.001) G_GAN: 0.267 D_real: 0.243 D_fake: 0.218 G: 1.200 NCE: 1.066 NCE_Y: 0.800 
(epoch: 24, iters: 2180, time: 0.053, data: 0.002) G_GAN: 0.390 D_real: 0.081 D_fake: 0.268 G: 1.312 NCE: 1.053 NCE_Y: 0.791 
(epoch: 24, iters: 2280, time: 0.053, data: 0.001) G_GAN: 0.285 D_real: 0.225 D_fake: 0.249 G: 1.222 NCE: 1.057 NCE_Y: 0.817 
(epoch: 24, iters: 2380, time: 0.053, data: 0.001) G_GAN: 0.296 D_real: 0.237 D_fake: 0.271 G: 1.252 NCE: 1.075 NCE_Y: 0.837 
(epoch: 24, iters: 2480, time: 0.053, data: 0.001) G_GAN: 0.293 D_real: 0.253 D_fake: 0.211 G: 1.250 NCE: 1.130 NCE_Y: 0.784 
(epoch: 24, iters: 2580, time: 0.053, data: 0.002) G_GAN: 0.263 D_real: 0.230 D_fake: 0.303 G: 1.216 NCE: 1.092 NCE_Y: 0.814 
(epoch: 24, iters: 2680, time: 0.054, data: 0.002) G_GAN: 0.285 D_real: 0.261 D_fake: 0.267 G: 1.211 NCE: 1.026 NCE_Y: 0.826 
(epoch: 24, iters: 2780, time: 0.053, data: 0.003) G_GAN: 0.295 D_real: 0.225 D_fake: 0.237 G: 1.234 NCE: 1.032 NCE_Y: 0.846 
(epoch: 24, iters: 2880, time: 0.053, data: 0.001) G_GAN: 0.265 D_real: 0.187 D_fake: 0.272 G: 1.230 NCE: 1.117 NCE_Y: 0.812 
(epoch: 24, iters: 2980, time: 0.053, data: 0.002) G_GAN: 0.274 D_real: 0.247 D_fake: 0.211 G: 1.206 NCE: 1.051 NCE_Y: 0.813 
(epoch: 24, iters: 3080, time: 0.053, data: 0.001) G_GAN: 0.304 D_real: 0.147 D_fake: 0.317 G: 1.217 NCE: 1.017 NCE_Y: 0.808 
(epoch: 24, iters: 3180, time: 0.053, data: 0.001) G_GAN: 0.258 D_real: 0.307 D_fake: 0.230 G: 1.205 NCE: 1.020 NCE_Y: 0.874 
(epoch: 24, iters: 3280, time: 0.053, data: 0.001) G_GAN: 0.262 D_real: 0.411 D_fake: 0.158 G: 1.209 NCE: 1.034 NCE_Y: 0.859 
(epoch: 24, iters: 3380, time: 0.053, data: 0.001) G_GAN: 0.293 D_real: 0.286 D_fake: 0.204 G: 1.266 NCE: 1.064 NCE_Y: 0.881 
(epoch: 24, iters: 3480, time: 0.053, data: 0.001) G_GAN: 0.218 D_real: 0.306 D_fake: 0.219 G: 1.153 NCE: 1.058 NCE_Y: 0.811 
(epoch: 24, iters: 3580, time: 0.053, data: 0.002) G_GAN: 0.336 D_real: 0.189 D_fake: 0.257 G: 1.356 NCE: 1.161 NCE_Y: 0.879 
(epoch: 24, iters: 3680, time: 0.053, data: 0.001) G_GAN: 0.254 D_real: 0.214 D_fake: 0.329 G: 1.233 NCE: 1.137 NCE_Y: 0.822 
(epoch: 24, iters: 3780, time: 0.053, data: 0.001) G_GAN: 0.928 D_real: 0.012 D_fake: 0.010 G: 2.049 NCE: 1.322 NCE_Y: 0.919 
(epoch: 24, iters: 3880, time: 0.053, data: 0.001) G_GAN: 0.907 D_real: 0.012 D_fake: 0.003 G: 1.963 NCE: 1.157 NCE_Y: 0.954 
(epoch: 24, iters: 3980, time: 0.053, data: 0.001) G_GAN: 0.993 D_real: 0.005 D_fake: 0.007 G: 2.091 NCE: 1.319 NCE_Y: 0.876 
(epoch: 24, iters: 4080, time: 0.053, data: 0.001) G_GAN: 1.071 D_real: 0.018 D_fake: 0.020 G: 2.037 NCE: 1.041 NCE_Y: 0.891 
(epoch: 24, iters: 4180, time: 0.054, data: 0.002) G_GAN: 0.448 D_real: 0.173 D_fake: 0.283 G: 1.412 NCE: 1.040 NCE_Y: 0.889 
(epoch: 24, iters: 4280, time: 0.054, data: 0.001) G_GAN: 0.877 D_real: 0.045 D_fake: 0.029 G: 1.831 NCE: 1.059 NCE_Y: 0.850 
(epoch: 24, iters: 4380, time: 0.054, data: 0.001) G_GAN: 1.095 D_real: 0.045 D_fake: 0.026 G: 2.085 NCE: 1.096 NCE_Y: 0.885 
(epoch: 24, iters: 4480, time: 0.053, data: 0.001) G_GAN: 0.629 D_real: 0.009 D_fake: 0.374 G: 1.585 NCE: 1.064 NCE_Y: 0.849 
(epoch: 24, iters: 4580, time: 0.054, data: 0.001) G_GAN: 0.956 D_real: 0.264 D_fake: 0.012 G: 2.011 NCE: 1.144 NCE_Y: 0.967 
(epoch: 24, iters: 4680, time: 0.054, data: 0.001) G_GAN: 1.021 D_real: 0.018 D_fake: 0.030 G: 1.937 NCE: 1.003 NCE_Y: 0.829 
(epoch: 24, iters: 4780, time: 0.053, data: 0.001) G_GAN: 0.820 D_real: 0.012 D_fake: 0.026 G: 1.805 NCE: 1.106 NCE_Y: 0.864 
(epoch: 24, iters: 4880, time: 0.053, data: 0.001) G_GAN: 0.832 D_real: 0.065 D_fake: 0.204 G: 1.832 NCE: 1.163 NCE_Y: 0.837 
(epoch: 24, iters: 4980, time: 0.054, data: 0.001) G_GAN: 0.828 D_real: 0.033 D_fake: 0.058 G: 1.777 NCE: 1.038 NCE_Y: 0.860 
(epoch: 24, iters: 5080, time: 0.054, data: 0.001) G_GAN: 1.035 D_real: 0.004 D_fake: 0.004 G: 2.051 NCE: 1.082 NCE_Y: 0.950 
saving the latest model (epoch 24, total_iters 190000)
doctr_SELFF_to_SD_fixed_nl2
(epoch: 24, iters: 5180, time: 0.054, data: 0.001) G_GAN: 1.024 D_real: 0.009 D_fake: 0.003 G: 1.998 NCE: 1.038 NCE_Y: 0.910 
(epoch: 24, iters: 5280, time: 0.054, data: 0.002) G_GAN: 0.347 D_real: 0.176 D_fake: 0.237 G: 1.319 NCE: 1.053 NCE_Y: 0.891 
(epoch: 24, iters: 5380, time: 0.053, data: 0.001) G_GAN: 0.268 D_real: 0.195 D_fake: 0.220 G: 1.264 NCE: 1.112 NCE_Y: 0.880 
(epoch: 24, iters: 5480, time: 0.053, data: 0.001) G_GAN: 0.332 D_real: 0.248 D_fake: 0.253 G: 1.349 NCE: 1.099 NCE_Y: 0.934 
(epoch: 24, iters: 5580, time: 0.053, data: 0.001) G_GAN: 0.323 D_real: 0.203 D_fake: 0.184 G: 1.261 NCE: 1.026 NCE_Y: 0.851 
(epoch: 24, iters: 5680, time: 0.053, data: 0.002) G_GAN: 0.379 D_real: 0.205 D_fake: 0.148 G: 1.342 NCE: 1.076 NCE_Y: 0.849 
(epoch: 24, iters: 5780, time: 0.053, data: 0.001) G_GAN: 0.468 D_real: 0.039 D_fake: 0.278 G: 1.476 NCE: 1.167 NCE_Y: 0.849 
(epoch: 24, iters: 5880, time: 0.052, data: 0.001) G_GAN: 0.386 D_real: 0.330 D_fake: 0.182 G: 1.352 NCE: 1.081 NCE_Y: 0.852 
(epoch: 24, iters: 5980, time: 0.052, data: 0.001) G_GAN: 0.426 D_real: 0.168 D_fake: 0.198 G: 1.429 NCE: 1.178 NCE_Y: 0.829 
(epoch: 24, iters: 6080, time: 0.052, data: 0.001) G_GAN: 0.400 D_real: 0.157 D_fake: 0.242 G: 1.387 NCE: 1.092 NCE_Y: 0.881 
(epoch: 24, iters: 6180, time: 0.052, data: 0.001) G_GAN: 0.478 D_real: 0.167 D_fake: 0.112 G: 1.435 NCE: 1.071 NCE_Y: 0.841 
(epoch: 24, iters: 6280, time: 0.052, data: 0.001) G_GAN: 0.197 D_real: 0.373 D_fake: 0.285 G: 1.150 NCE: 1.079 NCE_Y: 0.826 
(epoch: 24, iters: 6380, time: 0.052, data: 0.001) G_GAN: 0.396 D_real: 0.198 D_fake: 0.169 G: 1.325 NCE: 1.051 NCE_Y: 0.807 
(epoch: 24, iters: 6480, time: 0.052, data: 0.002) G_GAN: 0.332 D_real: 0.112 D_fake: 0.270 G: 1.319 NCE: 1.119 NCE_Y: 0.856 
(epoch: 24, iters: 6580, time: 0.052, data: 0.001) G_GAN: 0.286 D_real: 0.202 D_fake: 0.247 G: 1.247 NCE: 1.090 NCE_Y: 0.832 
(epoch: 24, iters: 6680, time: 0.053, data: 0.001) G_GAN: 0.358 D_real: 0.169 D_fake: 0.220 G: 1.297 NCE: 1.055 NCE_Y: 0.822 
(epoch: 24, iters: 6780, time: 0.053, data: 0.002) G_GAN: 0.294 D_real: 0.354 D_fake: 0.291 G: 1.293 NCE: 1.118 NCE_Y: 0.880 
(epoch: 24, iters: 6880, time: 0.054, data: 0.001) G_GAN: 0.321 D_real: 0.193 D_fake: 0.228 G: 1.259 NCE: 1.054 NCE_Y: 0.823 
(epoch: 24, iters: 6980, time: 0.054, data: 0.002) G_GAN: 0.300 D_real: 0.233 D_fake: 0.209 G: 1.314 NCE: 1.184 NCE_Y: 0.844 
(epoch: 24, iters: 7080, time: 0.053, data: 0.001) G_GAN: 0.205 D_real: 0.231 D_fake: 0.389 G: 1.220 NCE: 1.127 NCE_Y: 0.904 
(epoch: 24, iters: 7180, time: 0.053, data: 0.001) G_GAN: 0.877 D_real: 0.020 D_fake: 0.023 G: 1.817 NCE: 1.018 NCE_Y: 0.862 
(epoch: 24, iters: 7280, time: 0.053, data: 0.001) G_GAN: 1.025 D_real: 0.006 D_fake: 0.003 G: 2.085 NCE: 1.253 NCE_Y: 0.866 
(epoch: 24, iters: 7380, time: 0.053, data: 0.001) G_GAN: 1.159 D_real: 0.005 D_fake: 0.023 G: 2.174 NCE: 1.098 NCE_Y: 0.933 
(epoch: 24, iters: 7480, time: 0.053, data: 0.001) G_GAN: 1.017 D_real: 0.003 D_fake: 0.003 G: 2.049 NCE: 1.142 NCE_Y: 0.921 
(epoch: 24, iters: 7580, time: 0.053, data: 0.001) G_GAN: 1.000 D_real: 0.003 D_fake: 0.001 G: 1.982 NCE: 1.016 NCE_Y: 0.948 
(epoch: 24, iters: 7680, time: 0.054, data: 0.002) G_GAN: 0.997 D_real: 0.002 D_fake: 0.002 G: 2.010 NCE: 1.090 NCE_Y: 0.938 
(epoch: 24, iters: 7780, time: 0.054, data: 0.001) G_GAN: 0.977 D_real: 0.001 D_fake: 0.001 G: 2.023 NCE: 1.122 NCE_Y: 0.972 
(epoch: 24, iters: 7880, time: 0.053, data: 0.002) G_GAN: 0.977 D_real: 0.003 D_fake: 0.001 G: 2.012 NCE: 1.057 NCE_Y: 1.013 
(epoch: 24, iters: 7980, time: 0.054, data: 0.001) G_GAN: 1.019 D_real: 0.001 D_fake: 0.002 G: 2.061 NCE: 1.119 NCE_Y: 0.965 
End of epoch 24 / 60 	 Time Taken: 442 sec
learning rate = 0.0002000
(epoch: 25, iters: 40, time: 0.054, data: 0.001) G_GAN: 0.999 D_real: 0.001 D_fake: 0.001 G: 2.041 NCE: 1.123 NCE_Y: 0.961 
(epoch: 25, iters: 140, time: 0.054, data: 0.001) G_GAN: 1.034 D_real: 0.004 D_fake: 0.002 G: 2.064 NCE: 1.101 NCE_Y: 0.960 
(epoch: 25, iters: 240, time: 0.054, data: 0.001) G_GAN: 1.021 D_real: 0.001 D_fake: 0.003 G: 2.044 NCE: 1.071 NCE_Y: 0.975 
(epoch: 25, iters: 340, time: 0.054, data: 0.002) G_GAN: 1.154 D_real: 0.017 D_fake: 0.027 G: 2.170 NCE: 1.061 NCE_Y: 0.971 
(epoch: 25, iters: 440, time: 0.053, data: 0.001) G_GAN: 0.999 D_real: 0.006 D_fake: 0.007 G: 2.019 NCE: 1.049 NCE_Y: 0.992 
(epoch: 25, iters: 540, time: 0.053, data: 0.002) G_GAN: 0.764 D_real: 0.035 D_fake: 0.239 G: 1.810 NCE: 1.176 NCE_Y: 0.917 
(epoch: 25, iters: 640, time: 0.054, data: 0.001) G_GAN: 0.351 D_real: 0.153 D_fake: 0.308 G: 1.382 NCE: 1.135 NCE_Y: 0.926 
(epoch: 25, iters: 740, time: 0.053, data: 0.001) G_GAN: 0.394 D_real: 0.175 D_fake: 0.337 G: 1.408 NCE: 1.115 NCE_Y: 0.914 
(epoch: 25, iters: 840, time: 0.054, data: 0.001) G_GAN: 0.299 D_real: 0.230 D_fake: 0.343 G: 1.307 NCE: 1.132 NCE_Y: 0.884 
(epoch: 25, iters: 940, time: 0.054, data: 0.001) G_GAN: 0.290 D_real: 0.210 D_fake: 0.227 G: 1.245 NCE: 1.065 NCE_Y: 0.844 
(epoch: 25, iters: 1040, time: 0.053, data: 0.001) G_GAN: 0.286 D_real: 0.212 D_fake: 0.230 G: 1.241 NCE: 1.083 NCE_Y: 0.829 
(epoch: 25, iters: 1140, time: 0.053, data: 0.001) G_GAN: 0.324 D_real: 0.096 D_fake: 0.259 G: 1.259 NCE: 1.041 NCE_Y: 0.829 
(epoch: 25, iters: 1240, time: 0.053, data: 0.001) G_GAN: 0.233 D_real: 0.370 D_fake: 0.273 G: 1.212 NCE: 1.105 NCE_Y: 0.854 
(epoch: 25, iters: 1340, time: 0.054, data: 0.001) G_GAN: 0.321 D_real: 0.209 D_fake: 0.211 G: 1.289 NCE: 1.108 NCE_Y: 0.826 
(epoch: 25, iters: 1440, time: 0.053, data: 0.001) G_GAN: 0.865 D_real: 0.007 D_fake: 0.027 G: 1.917 NCE: 1.240 NCE_Y: 0.864 
(epoch: 25, iters: 1540, time: 0.053, data: 0.001) G_GAN: 0.308 D_real: 0.310 D_fake: 0.141 G: 1.297 NCE: 1.171 NCE_Y: 0.809 
(epoch: 25, iters: 1640, time: 0.053, data: 0.001) G_GAN: 0.434 D_real: 0.065 D_fake: 0.232 G: 1.430 NCE: 1.167 NCE_Y: 0.824 
(epoch: 25, iters: 1740, time: 0.053, data: 0.003) G_GAN: 0.269 D_real: 0.274 D_fake: 0.250 G: 1.252 NCE: 1.139 NCE_Y: 0.827 
(epoch: 25, iters: 1840, time: 0.053, data: 0.001) G_GAN: 0.326 D_real: 0.153 D_fake: 0.296 G: 1.288 NCE: 1.095 NCE_Y: 0.829 
(epoch: 25, iters: 1940, time: 0.053, data: 0.002) G_GAN: 0.339 D_real: 0.216 D_fake: 0.192 G: 1.314 NCE: 1.096 NCE_Y: 0.855 
(epoch: 25, iters: 2040, time: 0.053, data: 0.001) G_GAN: 0.994 D_real: 0.011 D_fake: 0.002 G: 2.032 NCE: 1.237 NCE_Y: 0.838 
saving the latest model (epoch 25, total_iters 195000)
doctr_SELFF_to_SD_fixed_nl2
(epoch: 25, iters: 2140, time: 0.053, data: 0.001) G_GAN: 0.986 D_real: 0.004 D_fake: 0.005 G: 1.985 NCE: 1.051 NCE_Y: 0.949 
(epoch: 25, iters: 2240, time: 0.053, data: 0.002) G_GAN: 0.912 D_real: 0.002 D_fake: 0.009 G: 1.893 NCE: 1.046 NCE_Y: 0.918 
(epoch: 25, iters: 2340, time: 0.053, data: 0.001) G_GAN: 0.631 D_real: 0.103 D_fake: 0.103 G: 1.582 NCE: 1.010 NCE_Y: 0.891 
(epoch: 25, iters: 2440, time: 0.053, data: 0.002) G_GAN: 0.905 D_real: 0.007 D_fake: 0.028 G: 1.872 NCE: 1.071 NCE_Y: 0.864 
(epoch: 25, iters: 2540, time: 0.054, data: 0.001) G_GAN: 0.878 D_real: 0.022 D_fake: 0.007 G: 1.871 NCE: 1.050 NCE_Y: 0.935 
(epoch: 25, iters: 2640, time: 0.054, data: 0.001) G_GAN: 0.285 D_real: 0.225 D_fake: 0.241 G: 1.221 NCE: 1.037 NCE_Y: 0.835 
(epoch: 25, iters: 2740, time: 0.053, data: 0.001) G_GAN: 0.435 D_real: 0.142 D_fake: 0.250 G: 1.430 NCE: 1.140 NCE_Y: 0.850 
(epoch: 25, iters: 2840, time: 0.053, data: 0.002) G_GAN: 0.485 D_real: 0.408 D_fake: 0.038 G: 1.429 NCE: 1.084 NCE_Y: 0.804 
(epoch: 25, iters: 2940, time: 0.053, data: 0.003) G_GAN: 0.216 D_real: 0.278 D_fake: 0.303 G: 1.178 NCE: 1.091 NCE_Y: 0.833 
(epoch: 25, iters: 3040, time: 0.052, data: 0.001) G_GAN: 0.331 D_real: 0.204 D_fake: 0.176 G: 1.285 NCE: 1.094 NCE_Y: 0.815 
(epoch: 25, iters: 3140, time: 0.053, data: 0.001) G_GAN: 0.296 D_real: 0.097 D_fake: 0.262 G: 1.281 NCE: 1.166 NCE_Y: 0.803 
(epoch: 25, iters: 3240, time: 0.053, data: 0.001) G_GAN: 0.297 D_real: 0.143 D_fake: 0.351 G: 1.280 NCE: 1.131 NCE_Y: 0.835 
(epoch: 25, iters: 3340, time: 0.053, data: 0.001) G_GAN: 0.214 D_real: 0.204 D_fake: 0.484 G: 1.168 NCE: 1.094 NCE_Y: 0.813 
(epoch: 25, iters: 3440, time: 0.053, data: 0.002) G_GAN: 0.378 D_real: 0.306 D_fake: 0.156 G: 1.367 NCE: 1.153 NCE_Y: 0.824 
(epoch: 25, iters: 3540, time: 0.053, data: 0.001) G_GAN: 0.333 D_real: 0.186 D_fake: 0.247 G: 1.316 NCE: 1.134 NCE_Y: 0.831 
(epoch: 25, iters: 3640, time: 0.053, data: 0.001) G_GAN: 0.297 D_real: 0.266 D_fake: 0.261 G: 1.272 NCE: 1.111 NCE_Y: 0.838 
(epoch: 25, iters: 3740, time: 0.053, data: 0.001) G_GAN: 0.294 D_real: 0.255 D_fake: 0.183 G: 1.269 NCE: 1.111 NCE_Y: 0.840 
(epoch: 25, iters: 3840, time: 0.053, data: 0.002) G_GAN: 0.256 D_real: 0.208 D_fake: 0.273 G: 1.229 NCE: 1.148 NCE_Y: 0.799 
(epoch: 25, iters: 3940, time: 0.053, data: 0.002) G_GAN: 0.269 D_real: 0.221 D_fake: 0.264 G: 1.261 NCE: 1.133 NCE_Y: 0.851 
(epoch: 25, iters: 4040, time: 0.053, data: 0.002) G_GAN: 0.359 D_real: 0.280 D_fake: 0.230 G: 1.336 NCE: 1.125 NCE_Y: 0.829 
(epoch: 25, iters: 4140, time: 0.053, data: 0.001) G_GAN: 0.317 D_real: 0.359 D_fake: 0.138 G: 1.274 NCE: 1.120 NCE_Y: 0.795 
(epoch: 25, iters: 4240, time: 0.052, data: 0.001) G_GAN: 0.395 D_real: 0.205 D_fake: 0.259 G: 1.371 NCE: 1.110 NCE_Y: 0.842 
(epoch: 25, iters: 4340, time: 0.052, data: 0.002) G_GAN: 0.263 D_real: 0.205 D_fake: 0.270 G: 1.318 NCE: 1.285 NCE_Y: 0.824 
(epoch: 25, iters: 4440, time: 0.052, data: 0.001) G_GAN: 0.222 D_real: 0.259 D_fake: 0.275 G: 1.207 NCE: 1.142 NCE_Y: 0.829 
(epoch: 25, iters: 4540, time: 0.052, data: 0.001) G_GAN: 0.392 D_real: 0.230 D_fake: 0.126 G: 1.325 NCE: 1.067 NCE_Y: 0.800 
(epoch: 25, iters: 4640, time: 0.053, data: 0.001) G_GAN: 1.022 D_real: 0.015 D_fake: 0.055 G: 2.000 NCE: 1.146 NCE_Y: 0.809 
(epoch: 25, iters: 4740, time: 0.053, data: 0.001) G_GAN: 0.893 D_real: 0.042 D_fake: 0.017 G: 1.952 NCE: 1.255 NCE_Y: 0.864 
(epoch: 25, iters: 4840, time: 0.053, data: 0.001) G_GAN: 0.315 D_real: 0.321 D_fake: 0.190 G: 1.260 NCE: 1.033 NCE_Y: 0.857 
(epoch: 25, iters: 4940, time: 0.053, data: 0.001) G_GAN: 0.272 D_real: 0.328 D_fake: 0.283 G: 1.230 NCE: 1.088 NCE_Y: 0.828 
(epoch: 25, iters: 5040, time: 0.053, data: 0.002) G_GAN: 0.470 D_real: 0.428 D_fake: 0.037 G: 1.429 NCE: 1.095 NCE_Y: 0.824 
(epoch: 25, iters: 5140, time: 0.053, data: 0.001) G_GAN: 0.447 D_real: 0.179 D_fake: 0.128 G: 1.409 NCE: 1.127 NCE_Y: 0.798 
(epoch: 25, iters: 5240, time: 0.053, data: 0.001) G_GAN: 0.406 D_real: 0.100 D_fake: 0.204 G: 1.352 NCE: 1.093 NCE_Y: 0.800 
(epoch: 25, iters: 5340, time: 0.053, data: 0.001) G_GAN: 0.292 D_real: 0.124 D_fake: 0.338 G: 1.287 NCE: 1.206 NCE_Y: 0.783 
(epoch: 25, iters: 5440, time: 0.052, data: 0.001) G_GAN: 0.268 D_real: 0.120 D_fake: 0.288 G: 1.217 NCE: 1.059 NCE_Y: 0.839 
(epoch: 25, iters: 5540, time: 0.053, data: 0.001) G_GAN: 0.261 D_real: 0.341 D_fake: 0.235 G: 1.221 NCE: 1.082 NCE_Y: 0.837 
(epoch: 25, iters: 5640, time: 0.052, data: 0.001) G_GAN: 0.334 D_real: 0.214 D_fake: 0.267 G: 1.342 NCE: 1.161 NCE_Y: 0.854 
(epoch: 25, iters: 5740, time: 0.053, data: 0.001) G_GAN: 0.365 D_real: 0.398 D_fake: 0.124 G: 1.357 NCE: 1.148 NCE_Y: 0.838 
(epoch: 25, iters: 5840, time: 0.052, data: 0.001) G_GAN: 0.303 D_real: 0.180 D_fake: 0.293 G: 1.326 NCE: 1.194 NCE_Y: 0.853 
(epoch: 25, iters: 5940, time: 0.053, data: 0.001) G_GAN: 0.292 D_real: 0.208 D_fake: 0.261 G: 1.246 NCE: 1.087 NCE_Y: 0.822 
(epoch: 25, iters: 6040, time: 0.053, data: 0.001) G_GAN: 0.284 D_real: 0.389 D_fake: 0.186 G: 1.237 NCE: 1.111 NCE_Y: 0.795 
(epoch: 25, iters: 6140, time: 0.053, data: 0.001) G_GAN: 0.383 D_real: 0.221 D_fake: 0.132 G: 1.352 NCE: 1.153 NCE_Y: 0.786 
(epoch: 25, iters: 6240, time: 0.053, data: 0.002) G_GAN: 0.282 D_real: 0.408 D_fake: 0.137 G: 1.214 NCE: 1.034 NCE_Y: 0.831 
(epoch: 25, iters: 6340, time: 0.053, data: 0.001) G_GAN: 0.339 D_real: 0.144 D_fake: 0.259 G: 1.299 NCE: 1.126 NCE_Y: 0.795 
(epoch: 25, iters: 6440, time: 0.054, data: 0.001) G_GAN: 0.399 D_real: 0.258 D_fake: 0.127 G: 1.322 NCE: 1.038 NCE_Y: 0.807 
(epoch: 25, iters: 6540, time: 0.053, data: 0.001) G_GAN: 0.278 D_real: 0.218 D_fake: 0.275 G: 1.235 NCE: 1.054 NCE_Y: 0.862 
(epoch: 25, iters: 6640, time: 0.053, data: 0.001) G_GAN: 0.336 D_real: 0.331 D_fake: 0.174 G: 1.318 NCE: 1.122 NCE_Y: 0.843 
(epoch: 25, iters: 6740, time: 0.053, data: 0.006) G_GAN: 0.255 D_real: 0.536 D_fake: 0.185 G: 1.248 NCE: 1.161 NCE_Y: 0.824 
(epoch: 25, iters: 6840, time: 0.053, data: 0.002) G_GAN: 0.275 D_real: 0.218 D_fake: 0.285 G: 1.359 NCE: 1.303 NCE_Y: 0.865 
(epoch: 25, iters: 6940, time: 0.053, data: 0.001) G_GAN: 0.328 D_real: 0.172 D_fake: 0.252 G: 1.304 NCE: 1.149 NCE_Y: 0.802 
(epoch: 25, iters: 7040, time: 0.053, data: 0.001) G_GAN: 0.326 D_real: 0.102 D_fake: 0.288 G: 1.266 NCE: 1.099 NCE_Y: 0.781 
saving the latest model (epoch 25, total_iters 200000)
doctr_SELFF_to_SD_fixed_nl2
(epoch: 25, iters: 7140, time: 0.053, data: 0.002) G_GAN: 0.308 D_real: 0.224 D_fake: 0.256 G: 1.266 NCE: 1.125 NCE_Y: 0.790 
(epoch: 25, iters: 7240, time: 0.054, data: 0.002) G_GAN: 0.445 D_real: 0.213 D_fake: 0.122 G: 1.425 NCE: 1.146 NCE_Y: 0.815 
(epoch: 25, iters: 7340, time: 0.054, data: 0.001) G_GAN: 0.270 D_real: 0.183 D_fake: 0.253 G: 1.259 NCE: 1.156 NCE_Y: 0.822 
(epoch: 25, iters: 7440, time: 0.054, data: 0.001) G_GAN: 0.214 D_real: 0.327 D_fake: 0.305 G: 1.243 NCE: 1.259 NCE_Y: 0.799 
(epoch: 25, iters: 7540, time: 0.054, data: 0.001) G_GAN: 0.210 D_real: 0.264 D_fake: 0.365 G: 1.168 NCE: 1.102 NCE_Y: 0.816 
(epoch: 25, iters: 7640, time: 0.054, data: 0.001) G_GAN: 0.170 D_real: 0.302 D_fake: 0.372 G: 1.123 NCE: 1.075 NCE_Y: 0.831 
(epoch: 25, iters: 7740, time: 0.053, data: 0.001) G_GAN: 0.335 D_real: 0.163 D_fake: 0.212 G: 1.308 NCE: 1.134 NCE_Y: 0.813 
(epoch: 25, iters: 7840, time: 0.053, data: 0.001) G_GAN: 0.415 D_real: 0.065 D_fake: 0.265 G: 1.360 NCE: 1.114 NCE_Y: 0.777 
(epoch: 25, iters: 7940, time: 0.053, data: 0.001) G_GAN: 0.278 D_real: 0.243 D_fake: 0.325 G: 1.201 NCE: 1.032 NCE_Y: 0.814 
(epoch: 25, iters: 8040, time: 0.053, data: 0.001) G_GAN: 0.394 D_real: 0.169 D_fake: 0.159 G: 1.362 NCE: 1.119 NCE_Y: 0.816 
saving the model at the end of epoch 25, iters 201000
End of epoch 25 / 60 	 Time Taken: 442 sec
learning rate = 0.0002000
(epoch: 26, iters: 100, time: 0.054, data: 0.148) G_GAN: 0.336 D_real: 0.293 D_fake: 0.156 G: 1.297 NCE: 1.093 NCE_Y: 0.828 
(epoch: 26, iters: 200, time: 0.054, data: 0.001) G_GAN: 0.295 D_real: 0.259 D_fake: 0.182 G: 1.271 NCE: 1.154 NCE_Y: 0.798 
(epoch: 26, iters: 300, time: 0.054, data: 0.001) G_GAN: 0.402 D_real: 0.189 D_fake: 0.172 G: 1.400 NCE: 1.184 NCE_Y: 0.811 
(epoch: 26, iters: 400, time: 0.054, data: 0.002) G_GAN: 0.259 D_real: 0.347 D_fake: 0.257 G: 1.204 NCE: 1.050 NCE_Y: 0.839 
(epoch: 26, iters: 500, time: 0.053, data: 0.001) G_GAN: 0.864 D_real: 0.014 D_fake: 0.035 G: 1.944 NCE: 1.298 NCE_Y: 0.862 
(epoch: 26, iters: 600, time: 0.054, data: 0.001) G_GAN: 0.271 D_real: 0.250 D_fake: 0.150 G: 1.220 NCE: 1.081 NCE_Y: 0.817 
(epoch: 26, iters: 700, time: 0.054, data: 0.002) G_GAN: 0.244 D_real: 0.279 D_fake: 0.243 G: 1.261 NCE: 1.222 NCE_Y: 0.813 
(epoch: 26, iters: 800, time: 0.053, data: 0.001) G_GAN: 0.216 D_real: 0.345 D_fake: 0.299 G: 1.191 NCE: 1.154 NCE_Y: 0.797 
(epoch: 26, iters: 900, time: 0.053, data: 0.002) G_GAN: 0.240 D_real: 0.171 D_fake: 0.279 G: 1.180 NCE: 1.080 NCE_Y: 0.800 
(epoch: 26, iters: 1000, time: 0.053, data: 0.001) G_GAN: 0.411 D_real: 0.155 D_fake: 0.213 G: 1.375 NCE: 1.117 NCE_Y: 0.810 
(epoch: 26, iters: 1100, time: 0.053, data: 0.002) G_GAN: 0.194 D_real: 0.519 D_fake: 0.156 G: 1.152 NCE: 1.096 NCE_Y: 0.820 
(epoch: 26, iters: 1200, time: 0.053, data: 0.002) G_GAN: 0.328 D_real: 0.171 D_fake: 0.255 G: 1.262 NCE: 1.058 NCE_Y: 0.811 
(epoch: 26, iters: 1300, time: 0.053, data: 0.001) G_GAN: 0.322 D_real: 0.283 D_fake: 0.231 G: 1.288 NCE: 1.109 NCE_Y: 0.822 
(epoch: 26, iters: 1400, time: 0.053, data: 0.001) G_GAN: 0.209 D_real: 0.269 D_fake: 0.320 G: 1.253 NCE: 1.285 NCE_Y: 0.801 
(epoch: 26, iters: 1500, time: 0.053, data: 0.001) G_GAN: 0.343 D_real: 0.121 D_fake: 0.239 G: 1.313 NCE: 1.149 NCE_Y: 0.790 
(epoch: 26, iters: 1600, time: 0.053, data: 0.001) G_GAN: 0.242 D_real: 0.167 D_fake: 0.390 G: 1.230 NCE: 1.190 NCE_Y: 0.786 
(epoch: 26, iters: 1700, time: 0.053, data: 0.002) G_GAN: 0.245 D_real: 0.347 D_fake: 0.206 G: 1.180 NCE: 1.073 NCE_Y: 0.799 
(epoch: 26, iters: 1800, time: 0.053, data: 0.002) G_GAN: 0.255 D_real: 0.165 D_fake: 0.424 G: 1.206 NCE: 1.094 NCE_Y: 0.808 
(epoch: 26, iters: 1900, time: 0.053, data: 0.002) G_GAN: 0.344 D_real: 0.216 D_fake: 0.163 G: 1.298 NCE: 1.089 NCE_Y: 0.819 
(epoch: 26, iters: 2000, time: 0.053, data: 0.001) G_GAN: 0.228 D_real: 0.303 D_fake: 0.272 G: 1.223 NCE: 1.180 NCE_Y: 0.811 
(epoch: 26, iters: 2100, time: 0.053, data: 0.001) G_GAN: 0.293 D_real: 0.301 D_fake: 0.234 G: 1.280 NCE: 1.138 NCE_Y: 0.835 
(epoch: 26, iters: 2200, time: 0.054, data: 0.001) G_GAN: 0.309 D_real: 0.204 D_fake: 0.208 G: 1.285 NCE: 1.128 NCE_Y: 0.823 
(epoch: 26, iters: 2300, time: 0.053, data: 0.001) G_GAN: 0.237 D_real: 0.194 D_fake: 0.261 G: 1.145 NCE: 1.023 NCE_Y: 0.791 
(epoch: 26, iters: 2400, time: 0.053, data: 0.001) G_GAN: 0.222 D_real: 0.339 D_fake: 0.321 G: 1.164 NCE: 1.084 NCE_Y: 0.800 
(epoch: 26, iters: 2500, time: 0.053, data: 0.001) G_GAN: 0.340 D_real: 0.146 D_fake: 0.231 G: 1.292 NCE: 1.107 NCE_Y: 0.798 
(epoch: 26, iters: 2600, time: 0.053, data: 0.001) G_GAN: 0.342 D_real: 0.194 D_fake: 0.190 G: 1.298 NCE: 1.127 NCE_Y: 0.784 
(epoch: 26, iters: 2700, time: 0.053, data: 0.001) G_GAN: 0.282 D_real: 0.388 D_fake: 0.189 G: 1.227 NCE: 1.070 NCE_Y: 0.821 
(epoch: 26, iters: 2800, time: 0.053, data: 0.002) G_GAN: 0.302 D_real: 0.209 D_fake: 0.200 G: 1.235 NCE: 1.072 NCE_Y: 0.794 
(epoch: 26, iters: 2900, time: 0.053, data: 0.001) G_GAN: 0.412 D_real: 0.172 D_fake: 0.220 G: 1.374 NCE: 1.088 NCE_Y: 0.837 
(epoch: 26, iters: 3000, time: 0.054, data: 0.003) G_GAN: 0.190 D_real: 0.301 D_fake: 0.329 G: 1.203 NCE: 1.211 NCE_Y: 0.817 
(epoch: 26, iters: 3100, time: 0.054, data: 0.001) G_GAN: 0.419 D_real: 0.131 D_fake: 0.311 G: 1.406 NCE: 1.155 NCE_Y: 0.821 
(epoch: 26, iters: 3200, time: 0.053, data: 0.001) G_GAN: 0.338 D_real: 0.227 D_fake: 0.175 G: 1.363 NCE: 1.219 NCE_Y: 0.833 
(epoch: 26, iters: 3300, time: 0.053, data: 0.002) G_GAN: 1.141 D_real: 0.030 D_fake: 0.007 G: 2.113 NCE: 1.139 NCE_Y: 0.804 
(epoch: 26, iters: 3400, time: 0.053, data: 0.002) G_GAN: 1.227 D_real: 0.043 D_fake: 0.054 G: 2.158 NCE: 1.006 NCE_Y: 0.857 
(epoch: 26, iters: 3500, time: 0.053, data: 0.002) G_GAN: 0.477 D_real: 0.196 D_fake: 0.165 G: 1.431 NCE: 1.111 NCE_Y: 0.795 
(epoch: 26, iters: 3600, time: 0.053, data: 0.001) G_GAN: 0.348 D_real: 0.090 D_fake: 0.319 G: 1.397 NCE: 1.217 NCE_Y: 0.880 
(epoch: 26, iters: 3700, time: 0.053, data: 0.001) G_GAN: 0.225 D_real: 0.322 D_fake: 0.258 G: 1.207 NCE: 1.126 NCE_Y: 0.837 
(epoch: 26, iters: 3800, time: 0.054, data: 0.001) G_GAN: 0.213 D_real: 0.343 D_fake: 0.301 G: 1.209 NCE: 1.174 NCE_Y: 0.817 
(epoch: 26, iters: 3900, time: 0.053, data: 0.001) G_GAN: 0.265 D_real: 0.348 D_fake: 0.279 G: 1.239 NCE: 1.121 NCE_Y: 0.827 
(epoch: 26, iters: 4000, time: 0.053, data: 0.002) G_GAN: 0.317 D_real: 0.181 D_fake: 0.242 G: 1.260 NCE: 1.050 NCE_Y: 0.836 
saving the latest model (epoch 26, total_iters 205000)
doctr_SELFF_to_SD_fixed_nl2
(epoch: 26, iters: 4100, time: 0.053, data: 0.001) G_GAN: 0.508 D_real: 0.216 D_fake: 0.094 G: 1.444 NCE: 1.068 NCE_Y: 0.805 
(epoch: 26, iters: 4200, time: 0.053, data: 0.001) G_GAN: 0.378 D_real: 0.294 D_fake: 0.127 G: 1.322 NCE: 1.063 NCE_Y: 0.824 
(epoch: 26, iters: 4300, time: 0.053, data: 0.002) G_GAN: 0.334 D_real: 0.374 D_fake: 0.146 G: 1.269 NCE: 1.078 NCE_Y: 0.792 
(epoch: 26, iters: 4400, time: 0.054, data: 0.001) G_GAN: 0.337 D_real: 0.148 D_fake: 0.250 G: 1.327 NCE: 1.155 NCE_Y: 0.824 
(epoch: 26, iters: 4500, time: 0.053, data: 0.001) G_GAN: 0.341 D_real: 0.207 D_fake: 0.201 G: 1.263 NCE: 1.031 NCE_Y: 0.812 
(epoch: 26, iters: 4600, time: 0.053, data: 0.001) G_GAN: 0.244 D_real: 0.355 D_fake: 0.221 G: 1.248 NCE: 1.172 NCE_Y: 0.835 
(epoch: 26, iters: 4700, time: 0.053, data: 0.002) G_GAN: 0.363 D_real: 0.143 D_fake: 0.226 G: 1.391 NCE: 1.201 NCE_Y: 0.856 
(epoch: 26, iters: 4800, time: 0.053, data: 0.003) G_GAN: 0.325 D_real: 0.301 D_fake: 0.255 G: 1.344 NCE: 1.207 NCE_Y: 0.833 
(epoch: 26, iters: 4900, time: 0.054, data: 0.001) G_GAN: 0.311 D_real: 0.174 D_fake: 0.317 G: 1.241 NCE: 1.068 NCE_Y: 0.794 
(epoch: 26, iters: 5000, time: 0.054, data: 0.002) G_GAN: 0.258 D_real: 0.253 D_fake: 0.249 G: 1.280 NCE: 1.204 NCE_Y: 0.839 
(epoch: 26, iters: 5100, time: 0.053, data: 0.001) G_GAN: 0.283 D_real: 0.209 D_fake: 0.316 G: 1.263 NCE: 1.137 NCE_Y: 0.823 
(epoch: 26, iters: 5200, time: 0.053, data: 0.001) G_GAN: 0.261 D_real: 0.208 D_fake: 0.300 G: 1.226 NCE: 1.124 NCE_Y: 0.806 
(epoch: 26, iters: 5300, time: 0.053, data: 0.001) G_GAN: 0.392 D_real: 0.125 D_fake: 0.171 G: 1.351 NCE: 1.079 NCE_Y: 0.838 
(epoch: 26, iters: 5400, time: 0.053, data: 0.002) G_GAN: 0.250 D_real: 0.369 D_fake: 0.247 G: 1.202 NCE: 1.078 NCE_Y: 0.827 
(epoch: 26, iters: 5500, time: 0.053, data: 0.001) G_GAN: 0.317 D_real: 0.201 D_fake: 0.191 G: 1.321 NCE: 1.111 NCE_Y: 0.896 
(epoch: 26, iters: 5600, time: 0.053, data: 0.001) G_GAN: 0.255 D_real: 0.205 D_fake: 0.370 G: 1.206 NCE: 1.093 NCE_Y: 0.807 
(epoch: 26, iters: 5700, time: 0.052, data: 0.001) G_GAN: 0.207 D_real: 0.209 D_fake: 0.442 G: 1.209 NCE: 1.202 NCE_Y: 0.801 
(epoch: 26, iters: 5800, time: 0.052, data: 0.001) G_GAN: 0.302 D_real: 0.428 D_fake: 0.181 G: 1.287 NCE: 1.138 NCE_Y: 0.832 
(epoch: 26, iters: 5900, time: 0.052, data: 0.001) G_GAN: 0.181 D_real: 0.344 D_fake: 0.216 G: 1.184 NCE: 1.168 NCE_Y: 0.839 
(epoch: 26, iters: 6000, time: 0.052, data: 0.001) G_GAN: 0.401 D_real: 0.199 D_fake: 0.159 G: 1.312 NCE: 1.022 NCE_Y: 0.800 
(epoch: 26, iters: 6100, time: 0.053, data: 0.001) G_GAN: 0.299 D_real: 0.424 D_fake: 0.176 G: 1.267 NCE: 1.104 NCE_Y: 0.832 
(epoch: 26, iters: 6200, time: 0.053, data: 0.001) G_GAN: 0.274 D_real: 0.210 D_fake: 0.233 G: 1.230 NCE: 1.102 NCE_Y: 0.809 
(epoch: 26, iters: 6300, time: 0.053, data: 0.002) G_GAN: 0.312 D_real: 0.143 D_fake: 0.285 G: 1.286 NCE: 1.127 NCE_Y: 0.823 
(epoch: 26, iters: 6400, time: 0.053, data: 0.001) G_GAN: 0.239 D_real: 0.430 D_fake: 0.175 G: 1.211 NCE: 1.118 NCE_Y: 0.827 
(epoch: 26, iters: 6500, time: 0.054, data: 0.002) G_GAN: 0.830 D_real: 0.020 D_fake: 0.089 G: 1.831 NCE: 1.192 NCE_Y: 0.809 
(epoch: 26, iters: 6600, time: 0.054, data: 0.001) G_GAN: 0.733 D_real: 0.048 D_fake: 0.025 G: 1.716 NCE: 1.132 NCE_Y: 0.833 
(epoch: 26, iters: 6700, time: 0.054, data: 0.002) G_GAN: 0.412 D_real: 0.154 D_fake: 0.125 G: 1.350 NCE: 1.071 NCE_Y: 0.806 
(epoch: 26, iters: 6800, time: 0.054, data: 0.001) G_GAN: 0.283 D_real: 0.202 D_fake: 0.246 G: 1.216 NCE: 1.048 NCE_Y: 0.817 
(epoch: 26, iters: 6900, time: 0.054, data: 0.002) G_GAN: 0.296 D_real: 0.193 D_fake: 0.236 G: 1.226 NCE: 1.023 NCE_Y: 0.837 
(epoch: 26, iters: 7000, time: 0.054, data: 0.002) G_GAN: 0.386 D_real: 0.166 D_fake: 0.214 G: 1.309 NCE: 1.042 NCE_Y: 0.804 
(epoch: 26, iters: 7100, time: 0.054, data: 0.001) G_GAN: 0.295 D_real: 0.294 D_fake: 0.163 G: 1.293 NCE: 1.193 NCE_Y: 0.803 
(epoch: 26, iters: 7200, time: 0.054, data: 0.001) G_GAN: 0.328 D_real: 0.129 D_fake: 0.198 G: 1.268 NCE: 1.051 NCE_Y: 0.829 
(epoch: 26, iters: 7300, time: 0.054, data: 0.003) G_GAN: 0.325 D_real: 0.274 D_fake: 0.211 G: 1.364 NCE: 1.233 NCE_Y: 0.844 
(epoch: 26, iters: 7400, time: 0.054, data: 0.001) G_GAN: 0.338 D_real: 0.240 D_fake: 0.152 G: 1.306 NCE: 1.070 NCE_Y: 0.867 
(epoch: 26, iters: 7500, time: 0.053, data: 0.002) G_GAN: 0.394 D_real: 0.230 D_fake: 0.161 G: 1.365 NCE: 1.102 NCE_Y: 0.841 
(epoch: 26, iters: 7600, time: 0.054, data: 0.001) G_GAN: 0.368 D_real: 0.227 D_fake: 0.212 G: 1.350 NCE: 1.125 NCE_Y: 0.839 
(epoch: 26, iters: 7700, time: 0.054, data: 0.002) G_GAN: 0.288 D_real: 0.262 D_fake: 0.196 G: 1.294 NCE: 1.156 NCE_Y: 0.857 
(epoch: 26, iters: 7800, time: 0.054, data: 0.001) G_GAN: 0.299 D_real: 0.137 D_fake: 0.284 G: 1.271 NCE: 1.144 NCE_Y: 0.800 
(epoch: 26, iters: 7900, time: 0.055, data: 0.002) G_GAN: 0.275 D_real: 0.289 D_fake: 0.255 G: 1.224 NCE: 1.087 NCE_Y: 0.811 
(epoch: 26, iters: 8000, time: 0.055, data: 0.003) G_GAN: 0.309 D_real: 0.366 D_fake: 0.155 G: 1.257 NCE: 1.058 NCE_Y: 0.838 
End of epoch 26 / 60 	 Time Taken: 445 sec
learning rate = 0.0002000
(epoch: 27, iters: 60, time: 0.055, data: 0.001) G_GAN: 0.330 D_real: 0.394 D_fake: 0.101 G: 1.326 NCE: 1.170 NCE_Y: 0.824 
(epoch: 27, iters: 160, time: 0.056, data: 0.001) G_GAN: 0.371 D_real: 0.352 D_fake: 0.201 G: 1.378 NCE: 1.176 NCE_Y: 0.838 
(epoch: 27, iters: 260, time: 0.056, data: 0.001) G_GAN: 0.236 D_real: 0.328 D_fake: 0.237 G: 1.198 NCE: 1.104 NCE_Y: 0.820 
(epoch: 27, iters: 360, time: 0.056, data: 0.001) G_GAN: 0.934 D_real: 0.010 D_fake: 0.012 G: 2.096 NCE: 1.375 NCE_Y: 0.950 
(epoch: 27, iters: 460, time: 0.056, data: 0.002) G_GAN: 0.654 D_real: 0.199 D_fake: 0.027 G: 1.652 NCE: 1.083 NCE_Y: 0.913 
(epoch: 27, iters: 560, time: 0.057, data: 0.001) G_GAN: 1.071 D_real: 0.006 D_fake: 0.005 G: 2.069 NCE: 1.138 NCE_Y: 0.859 
(epoch: 27, iters: 660, time: 0.057, data: 0.001) G_GAN: 1.112 D_real: 0.013 D_fake: 0.034 G: 2.043 NCE: 0.996 NCE_Y: 0.864 
(epoch: 27, iters: 760, time: 0.057, data: 0.003) G_GAN: 1.049 D_real: 0.008 D_fake: 0.006 G: 2.012 NCE: 1.051 NCE_Y: 0.875 
(epoch: 27, iters: 860, time: 0.056, data: 0.002) G_GAN: 0.389 D_real: 0.205 D_fake: 0.159 G: 1.391 NCE: 1.097 NCE_Y: 0.907 
(epoch: 27, iters: 960, time: 0.056, data: 0.001) G_GAN: 0.373 D_real: 0.120 D_fake: 0.237 G: 1.333 NCE: 1.115 NCE_Y: 0.805 
saving the latest model (epoch 27, total_iters 210000)
doctr_SELFF_to_SD_fixed_nl2
(epoch: 27, iters: 1060, time: 0.056, data: 0.001) G_GAN: 0.304 D_real: 0.374 D_fake: 0.145 G: 1.253 NCE: 1.069 NCE_Y: 0.830 
(epoch: 27, iters: 1160, time: 0.057, data: 0.004) G_GAN: 0.346 D_real: 0.130 D_fake: 0.241 G: 1.261 NCE: 1.047 NCE_Y: 0.783 
(epoch: 27, iters: 1260, time: 0.056, data: 0.005) G_GAN: 0.301 D_real: 0.300 D_fake: 0.274 G: 1.330 NCE: 1.220 NCE_Y: 0.838 
(epoch: 27, iters: 1360, time: 0.055, data: 0.001) G_GAN: 0.366 D_real: 0.099 D_fake: 0.342 G: 1.376 NCE: 1.206 NCE_Y: 0.814 
(epoch: 27, iters: 1460, time: 0.055, data: 0.005) G_GAN: 0.374 D_real: 0.121 D_fake: 0.240 G: 1.299 NCE: 1.050 NCE_Y: 0.801 
(epoch: 27, iters: 1560, time: 0.054, data: 0.002) G_GAN: 0.223 D_real: 0.208 D_fake: 0.429 G: 1.217 NCE: 1.188 NCE_Y: 0.800 
(epoch: 27, iters: 1660, time: 0.054, data: 0.001) G_GAN: 0.301 D_real: 0.235 D_fake: 0.225 G: 1.248 NCE: 1.067 NCE_Y: 0.827 
(epoch: 27, iters: 1760, time: 0.054, data: 0.002) G_GAN: 0.269 D_real: 0.356 D_fake: 0.210 G: 1.229 NCE: 1.131 NCE_Y: 0.790 
(epoch: 27, iters: 1860, time: 0.055, data: 0.001) G_GAN: 0.284 D_real: 0.148 D_fake: 0.258 G: 1.290 NCE: 1.166 NCE_Y: 0.845 
(epoch: 27, iters: 1960, time: 0.055, data: 0.001) G_GAN: 0.306 D_real: 0.096 D_fake: 0.340 G: 1.280 NCE: 1.094 NCE_Y: 0.854 
(epoch: 27, iters: 2060, time: 0.055, data: 0.006) G_GAN: 0.274 D_real: 0.158 D_fake: 0.278 G: 1.234 NCE: 1.116 NCE_Y: 0.803 
(epoch: 27, iters: 2160, time: 0.055, data: 0.004) G_GAN: 0.300 D_real: 0.288 D_fake: 0.159 G: 1.244 NCE: 1.076 NCE_Y: 0.814 
(epoch: 27, iters: 2260, time: 0.055, data: 0.002) G_GAN: 0.346 D_real: 0.216 D_fake: 0.167 G: 1.294 NCE: 1.101 NCE_Y: 0.795 
(epoch: 27, iters: 2360, time: 0.056, data: 0.002) G_GAN: 0.306 D_real: 0.193 D_fake: 0.251 G: 1.199 NCE: 0.990 NCE_Y: 0.796 
(epoch: 27, iters: 2460, time: 0.056, data: 0.001) G_GAN: 0.195 D_real: 0.409 D_fake: 0.222 G: 1.132 NCE: 1.066 NCE_Y: 0.809 
(epoch: 27, iters: 2560, time: 0.056, data: 0.002) G_GAN: 0.217 D_real: 0.310 D_fake: 0.381 G: 1.230 NCE: 1.228 NCE_Y: 0.798 
(epoch: 27, iters: 2660, time: 0.055, data: 0.001) G_GAN: 0.366 D_real: 0.136 D_fake: 0.217 G: 1.281 NCE: 1.008 NCE_Y: 0.822 
(epoch: 27, iters: 2760, time: 0.056, data: 0.001) G_GAN: 0.200 D_real: 0.287 D_fake: 0.277 G: 1.146 NCE: 1.081 NCE_Y: 0.813 
(epoch: 27, iters: 2860, time: 0.056, data: 0.001) G_GAN: 0.290 D_real: 0.285 D_fake: 0.223 G: 1.261 NCE: 1.129 NCE_Y: 0.813 
(epoch: 27, iters: 2960, time: 0.056, data: 0.002) G_GAN: 0.544 D_real: 0.177 D_fake: 0.124 G: 1.480 NCE: 1.049 NCE_Y: 0.821 
(epoch: 27, iters: 3060, time: 0.056, data: 0.002) G_GAN: 0.213 D_real: 0.235 D_fake: 0.291 G: 1.200 NCE: 1.162 NCE_Y: 0.811 
(epoch: 27, iters: 3160, time: 0.056, data: 0.001) G_GAN: 0.330 D_real: 0.286 D_fake: 0.167 G: 1.306 NCE: 1.136 NCE_Y: 0.817 
(epoch: 27, iters: 3260, time: 0.055, data: 0.001) G_GAN: 0.290 D_real: 0.240 D_fake: 0.194 G: 1.246 NCE: 1.105 NCE_Y: 0.808 
(epoch: 27, iters: 3360, time: 0.056, data: 0.001) G_GAN: 0.257 D_real: 0.290 D_fake: 0.384 G: 1.225 NCE: 1.097 NCE_Y: 0.839 
(epoch: 27, iters: 3460, time: 0.056, data: 0.001) G_GAN: 0.281 D_real: 0.133 D_fake: 0.313 G: 1.225 NCE: 1.068 NCE_Y: 0.820 
(epoch: 27, iters: 3560, time: 0.056, data: 0.003) G_GAN: 0.317 D_real: 0.186 D_fake: 0.222 G: 1.310 NCE: 1.181 NCE_Y: 0.805 
(epoch: 27, iters: 3660, time: 0.056, data: 0.002) G_GAN: 0.322 D_real: 0.139 D_fake: 0.215 G: 1.273 NCE: 1.042 NCE_Y: 0.860 
(epoch: 27, iters: 3760, time: 0.056, data: 0.001) G_GAN: 0.287 D_real: 0.145 D_fake: 0.288 G: 1.223 NCE: 1.069 NCE_Y: 0.802 
(epoch: 27, iters: 3860, time: 0.056, data: 0.002) G_GAN: 0.192 D_real: 0.158 D_fake: 0.441 G: 1.204 NCE: 1.203 NCE_Y: 0.820 
(epoch: 27, iters: 3960, time: 0.056, data: 0.001) G_GAN: 0.321 D_real: 0.201 D_fake: 0.191 G: 1.291 NCE: 1.109 NCE_Y: 0.831 
(epoch: 27, iters: 4060, time: 0.057, data: 0.002) G_GAN: 0.247 D_real: 0.201 D_fake: 0.365 G: 1.187 NCE: 1.071 NCE_Y: 0.810 
(epoch: 27, iters: 4160, time: 0.056, data: 0.001) G_GAN: 0.365 D_real: 0.253 D_fake: 0.151 G: 1.331 NCE: 1.107 NCE_Y: 0.825 
(epoch: 27, iters: 4260, time: 0.056, data: 0.002) G_GAN: 0.430 D_real: 0.286 D_fake: 0.109 G: 1.332 NCE: 1.019 NCE_Y: 0.786 
(epoch: 27, iters: 4360, time: 0.056, data: 0.001) G_GAN: 0.261 D_real: 0.337 D_fake: 0.267 G: 1.275 NCE: 1.171 NCE_Y: 0.858 
(epoch: 27, iters: 4460, time: 0.056, data: 0.001) G_GAN: 0.410 D_real: 0.262 D_fake: 0.110 G: 1.325 NCE: 1.010 NCE_Y: 0.821 
(epoch: 27, iters: 4560, time: 0.056, data: 0.002) G_GAN: 0.358 D_real: 0.163 D_fake: 0.228 G: 1.311 NCE: 1.083 NCE_Y: 0.823 
(epoch: 27, iters: 4660, time: 0.056, data: 0.003) G_GAN: 0.282 D_real: 0.116 D_fake: 0.376 G: 1.249 NCE: 1.128 NCE_Y: 0.806 
(epoch: 27, iters: 4760, time: 0.056, data: 0.002) G_GAN: 0.292 D_real: 0.267 D_fake: 0.177 G: 1.225 NCE: 1.062 NCE_Y: 0.803 
(epoch: 27, iters: 4860, time: 0.056, data: 0.002) G_GAN: 0.377 D_real: 0.131 D_fake: 0.151 G: 1.327 NCE: 1.108 NCE_Y: 0.792 
(epoch: 27, iters: 4960, time: 0.056, data: 0.001) G_GAN: 0.250 D_real: 0.382 D_fake: 0.202 G: 1.292 NCE: 1.274 NCE_Y: 0.811 
(epoch: 27, iters: 5060, time: 0.056, data: 0.004) G_GAN: 0.283 D_real: 0.397 D_fake: 0.207 G: 1.213 NCE: 1.072 NCE_Y: 0.788 
(epoch: 27, iters: 5160, time: 0.056, data: 0.001) G_GAN: 0.248 D_real: 0.164 D_fake: 0.307 G: 1.187 NCE: 1.073 NCE_Y: 0.806 
(epoch: 27, iters: 5260, time: 0.056, data: 0.002) G_GAN: 0.254 D_real: 0.170 D_fake: 0.272 G: 1.197 NCE: 1.063 NCE_Y: 0.822 
(epoch: 27, iters: 5360, time: 0.056, data: 0.004) G_GAN: 0.454 D_real: 0.116 D_fake: 0.120 G: 1.374 NCE: 1.053 NCE_Y: 0.787 
(epoch: 27, iters: 5460, time: 0.056, data: 0.003) G_GAN: 0.413 D_real: 0.285 D_fake: 0.161 G: 1.346 NCE: 1.056 NCE_Y: 0.809 
(epoch: 27, iters: 5560, time: 0.056, data: 0.003) G_GAN: 0.916 D_real: 0.303 D_fake: 0.056 G: 1.992 NCE: 1.301 NCE_Y: 0.850 
(epoch: 27, iters: 5660, time: 0.056, data: 0.001) G_GAN: 0.392 D_real: 0.301 D_fake: 0.164 G: 1.309 NCE: 0.998 NCE_Y: 0.837 
(epoch: 27, iters: 5760, time: 0.055, data: 0.001) G_GAN: 0.173 D_real: 0.467 D_fake: 0.264 G: 1.156 NCE: 1.144 NCE_Y: 0.822 
(epoch: 27, iters: 5860, time: 0.054, data: 0.001) G_GAN: 0.270 D_real: 0.299 D_fake: 0.189 G: 1.203 NCE: 1.075 NCE_Y: 0.791 
(epoch: 27, iters: 5960, time: 0.054, data: 0.001) G_GAN: 0.809 D_real: 0.055 D_fake: 0.028 G: 1.859 NCE: 1.263 NCE_Y: 0.836 
saving the latest model (epoch 27, total_iters 215000)
doctr_SELFF_to_SD_fixed_nl2
(epoch: 27, iters: 6060, time: 0.054, data: 0.003) G_GAN: 0.230 D_real: 0.239 D_fake: 0.254 G: 1.201 NCE: 1.106 NCE_Y: 0.837 
(epoch: 27, iters: 6160, time: 0.054, data: 0.002) G_GAN: 0.363 D_real: 0.393 D_fake: 0.119 G: 1.339 NCE: 1.125 NCE_Y: 0.828 
(epoch: 27, iters: 6260, time: 0.055, data: 0.002) G_GAN: 0.523 D_real: 0.018 D_fake: 0.271 G: 1.467 NCE: 1.065 NCE_Y: 0.824 
(epoch: 27, iters: 6360, time: 0.054, data: 0.003) G_GAN: 0.359 D_real: 0.256 D_fake: 0.173 G: 1.361 NCE: 1.105 NCE_Y: 0.900 
(epoch: 27, iters: 6460, time: 0.054, data: 0.001) G_GAN: 0.256 D_real: 0.247 D_fake: 0.319 G: 1.233 NCE: 1.121 NCE_Y: 0.832 
(epoch: 27, iters: 6560, time: 0.054, data: 0.001) G_GAN: 0.256 D_real: 0.259 D_fake: 0.270 G: 1.239 NCE: 1.174 NCE_Y: 0.793 
(epoch: 27, iters: 6660, time: 0.055, data: 0.001) G_GAN: 0.336 D_real: 0.190 D_fake: 0.200 G: 1.262 NCE: 1.057 NCE_Y: 0.795 
(epoch: 27, iters: 6760, time: 0.054, data: 0.002) G_GAN: 0.381 D_real: 0.089 D_fake: 0.275 G: 1.349 NCE: 1.137 NCE_Y: 0.800 
(epoch: 27, iters: 6860, time: 0.054, data: 0.001) G_GAN: 0.328 D_real: 0.326 D_fake: 0.146 G: 1.404 NCE: 1.364 NCE_Y: 0.789 
(epoch: 27, iters: 6960, time: 0.055, data: 0.001) G_GAN: 0.248 D_real: 0.216 D_fake: 0.271 G: 1.247 NCE: 1.168 NCE_Y: 0.830 
(epoch: 27, iters: 7060, time: 0.055, data: 0.001) G_GAN: 0.842 D_real: 0.013 D_fake: 0.098 G: 1.799 NCE: 1.096 NCE_Y: 0.818 
(epoch: 27, iters: 7160, time: 0.054, data: 0.001) G_GAN: 0.979 D_real: 0.004 D_fake: 0.005 G: 2.172 NCE: 1.476 NCE_Y: 0.910 
(epoch: 27, iters: 7260, time: 0.054, data: 0.001) G_GAN: 0.947 D_real: 0.012 D_fake: 0.002 G: 2.094 NCE: 1.386 NCE_Y: 0.909 
(epoch: 27, iters: 7360, time: 0.054, data: 0.001) G_GAN: 1.087 D_real: 0.003 D_fake: 0.017 G: 2.277 NCE: 1.461 NCE_Y: 0.919 
(epoch: 27, iters: 7460, time: 0.054, data: 0.002) G_GAN: 0.965 D_real: 0.003 D_fake: 0.012 G: 2.102 NCE: 1.339 NCE_Y: 0.936 
(epoch: 27, iters: 7560, time: 0.055, data: 0.004) G_GAN: 1.041 D_real: 0.003 D_fake: 0.009 G: 2.120 NCE: 1.245 NCE_Y: 0.913 
(epoch: 27, iters: 7660, time: 0.055, data: 0.001) G_GAN: 1.062 D_real: 0.004 D_fake: 0.006 G: 2.125 NCE: 1.220 NCE_Y: 0.906 
(epoch: 27, iters: 7760, time: 0.055, data: 0.001) G_GAN: 1.020 D_real: 0.003 D_fake: 0.011 G: 2.117 NCE: 1.290 NCE_Y: 0.904 
(epoch: 27, iters: 7860, time: 0.054, data: 0.002) G_GAN: 0.982 D_real: 0.002 D_fake: 0.013 G: 2.065 NCE: 1.243 NCE_Y: 0.923 
(epoch: 27, iters: 7960, time: 0.054, data: 0.001) G_GAN: 1.012 D_real: 0.008 D_fake: 0.008 G: 2.111 NCE: 1.252 NCE_Y: 0.946 
End of epoch 27 / 60 	 Time Taken: 465 sec
learning rate = 0.0002000
(epoch: 28, iters: 20, time: 0.054, data: 0.001) G_GAN: 0.975 D_real: 0.008 D_fake: 0.003 G: 2.049 NCE: 1.243 NCE_Y: 0.906 
(epoch: 28, iters: 120, time: 0.055, data: 0.002) G_GAN: 0.965 D_real: 0.005 D_fake: 0.009 G: 2.057 NCE: 1.274 NCE_Y: 0.910 
(epoch: 28, iters: 220, time: 0.055, data: 0.004) G_GAN: 1.006 D_real: 0.003 D_fake: 0.009 G: 2.063 NCE: 1.248 NCE_Y: 0.867 
(epoch: 28, iters: 320, time: 0.055, data: 0.001) G_GAN: 0.918 D_real: 0.002 D_fake: 0.015 G: 1.983 NCE: 1.271 NCE_Y: 0.860 
(epoch: 28, iters: 420, time: 0.055, data: 0.003) G_GAN: 0.396 D_real: 0.395 D_fake: 0.249 G: 1.388 NCE: 1.096 NCE_Y: 0.889 
(epoch: 28, iters: 520, time: 0.055, data: 0.001) G_GAN: 0.339 D_real: 0.241 D_fake: 0.160 G: 1.323 NCE: 1.073 NCE_Y: 0.897 
(epoch: 28, iters: 620, time: 0.055, data: 0.004) G_GAN: 0.266 D_real: 0.284 D_fake: 0.242 G: 1.215 NCE: 1.073 NCE_Y: 0.826 
(epoch: 28, iters: 720, time: 0.055, data: 0.002) G_GAN: 0.372 D_real: 0.297 D_fake: 0.111 G: 1.374 NCE: 1.146 NCE_Y: 0.858 
(epoch: 28, iters: 820, time: 0.054, data: 0.001) G_GAN: 0.222 D_real: 0.340 D_fake: 0.327 G: 1.166 NCE: 1.042 NCE_Y: 0.847 
(epoch: 28, iters: 920, time: 0.055, data: 0.002) G_GAN: 0.271 D_real: 0.256 D_fake: 0.143 G: 1.235 NCE: 1.062 NCE_Y: 0.867 
(epoch: 28, iters: 1020, time: 0.055, data: 0.001) G_GAN: 0.325 D_real: 0.243 D_fake: 0.155 G: 1.269 NCE: 1.062 NCE_Y: 0.825 
(epoch: 28, iters: 1120, time: 0.056, data: 0.002) G_GAN: 0.255 D_real: 0.130 D_fake: 0.415 G: 1.224 NCE: 1.078 NCE_Y: 0.859 
(epoch: 28, iters: 1220, time: 0.056, data: 0.002) G_GAN: 0.255 D_real: 0.277 D_fake: 0.220 G: 1.198 NCE: 1.045 NCE_Y: 0.842 
(epoch: 28, iters: 1320, time: 0.055, data: 0.001) G_GAN: 0.237 D_real: 0.316 D_fake: 0.283 G: 1.223 NCE: 1.105 NCE_Y: 0.867 
(epoch: 28, iters: 1420, time: 0.056, data: 0.001) G_GAN: 0.286 D_real: 0.267 D_fake: 0.207 G: 1.227 NCE: 1.051 NCE_Y: 0.831 
(epoch: 28, iters: 1520, time: 0.056, data: 0.001) G_GAN: 0.233 D_real: 0.205 D_fake: 0.291 G: 1.200 NCE: 1.121 NCE_Y: 0.812 
(epoch: 28, iters: 1620, time: 0.057, data: 0.005) G_GAN: 0.285 D_real: 0.337 D_fake: 0.155 G: 1.260 NCE: 1.111 NCE_Y: 0.838 
(epoch: 28, iters: 1720, time: 0.056, data: 0.002) G_GAN: 0.293 D_real: 0.341 D_fake: 0.174 G: 1.253 NCE: 1.060 NCE_Y: 0.859 
(epoch: 28, iters: 1820, time: 0.055, data: 0.001) G_GAN: 0.296 D_real: 0.167 D_fake: 0.289 G: 1.284 NCE: 1.144 NCE_Y: 0.831 
(epoch: 28, iters: 1920, time: 0.056, data: 0.002) G_GAN: 0.271 D_real: 0.346 D_fake: 0.231 G: 1.234 NCE: 1.079 NCE_Y: 0.846 
(epoch: 28, iters: 2020, time: 0.057, data: 0.002) G_GAN: 0.335 D_real: 0.155 D_fake: 0.373 G: 1.313 NCE: 1.100 NCE_Y: 0.855 
(epoch: 28, iters: 2120, time: 0.057, data: 0.002) G_GAN: 0.298 D_real: 0.202 D_fake: 0.291 G: 1.265 NCE: 1.095 NCE_Y: 0.840 
(epoch: 28, iters: 2220, time: 0.058, data: 0.001) G_GAN: 0.291 D_real: 0.332 D_fake: 0.166 G: 1.270 NCE: 1.076 NCE_Y: 0.880 
(epoch: 28, iters: 2320, time: 0.057, data: 0.001) G_GAN: 0.278 D_real: 0.298 D_fake: 0.218 G: 1.267 NCE: 1.114 NCE_Y: 0.864 
(epoch: 28, iters: 2420, time: 0.057, data: 0.001) G_GAN: 0.354 D_real: 0.274 D_fake: 0.234 G: 1.320 NCE: 1.099 NCE_Y: 0.834 
(epoch: 28, iters: 2520, time: 0.058, data: 0.010) G_GAN: 0.262 D_real: 0.308 D_fake: 0.222 G: 1.206 NCE: 1.049 NCE_Y: 0.837 
(epoch: 28, iters: 2620, time: 0.058, data: 0.002) G_GAN: 0.272 D_real: 0.270 D_fake: 0.266 G: 1.267 NCE: 1.160 NCE_Y: 0.829 
(epoch: 28, iters: 2720, time: 0.058, data: 0.001) G_GAN: 0.224 D_real: 0.164 D_fake: 0.397 G: 1.197 NCE: 1.117 NCE_Y: 0.828 
(epoch: 28, iters: 2820, time: 0.058, data: 0.002) G_GAN: 0.265 D_real: 0.174 D_fake: 0.295 G: 1.211 NCE: 1.084 NCE_Y: 0.808 
(epoch: 28, iters: 2920, time: 0.057, data: 0.005) G_GAN: 0.246 D_real: 0.413 D_fake: 0.207 G: 1.245 NCE: 1.140 NCE_Y: 0.857 
saving the latest model (epoch 28, total_iters 220000)
doctr_SELFF_to_SD_fixed_nl2
(epoch: 28, iters: 3020, time: 0.056, data: 0.001) G_GAN: 0.302 D_real: 0.193 D_fake: 0.260 G: 1.273 NCE: 1.135 NCE_Y: 0.808 
(epoch: 28, iters: 3120, time: 0.056, data: 0.001) G_GAN: 0.343 D_real: 0.369 D_fake: 0.178 G: 1.386 NCE: 1.225 NCE_Y: 0.860 
(epoch: 28, iters: 3220, time: 0.056, data: 0.002) G_GAN: 0.374 D_real: 0.187 D_fake: 0.176 G: 1.343 NCE: 1.136 NCE_Y: 0.804 
(epoch: 28, iters: 3320, time: 0.055, data: 0.002) G_GAN: 0.260 D_real: 0.384 D_fake: 0.211 G: 1.245 NCE: 1.137 NCE_Y: 0.833 
(epoch: 28, iters: 3420, time: 0.054, data: 0.001) G_GAN: 0.288 D_real: 0.225 D_fake: 0.273 G: 1.273 NCE: 1.109 NCE_Y: 0.861 
(epoch: 28, iters: 3520, time: 0.054, data: 0.002) G_GAN: 0.295 D_real: 0.325 D_fake: 0.234 G: 1.354 NCE: 1.261 NCE_Y: 0.856 
(epoch: 28, iters: 3620, time: 0.053, data: 0.001) G_GAN: 0.353 D_real: 0.184 D_fake: 0.168 G: 1.335 NCE: 1.168 NCE_Y: 0.796 
(epoch: 28, iters: 3720, time: 0.053, data: 0.001) G_GAN: 0.306 D_real: 0.262 D_fake: 0.194 G: 1.238 NCE: 1.077 NCE_Y: 0.787 
(epoch: 28, iters: 3820, time: 0.053, data: 0.001) G_GAN: 0.252 D_real: 0.219 D_fake: 0.270 G: 1.232 NCE: 1.107 NCE_Y: 0.855 
(epoch: 28, iters: 3920, time: 0.053, data: 0.001) G_GAN: 0.289 D_real: 0.230 D_fake: 0.241 G: 1.268 NCE: 1.141 NCE_Y: 0.817 
(epoch: 28, iters: 4020, time: 0.052, data: 0.004) G_GAN: 0.288 D_real: 0.307 D_fake: 0.167 G: 1.296 NCE: 1.186 NCE_Y: 0.830 
(epoch: 28, iters: 4120, time: 0.052, data: 0.001) G_GAN: 0.294 D_real: 0.193 D_fake: 0.286 G: 1.202 NCE: 1.012 NCE_Y: 0.803 
(epoch: 28, iters: 4220, time: 0.052, data: 0.002) G_GAN: 0.308 D_real: 0.164 D_fake: 0.337 G: 1.250 NCE: 1.085 NCE_Y: 0.799 
(epoch: 28, iters: 4320, time: 0.052, data: 0.001) G_GAN: 0.345 D_real: 0.133 D_fake: 0.336 G: 1.358 NCE: 1.234 NCE_Y: 0.791 
(epoch: 28, iters: 4420, time: 0.053, data: 0.002) G_GAN: 0.368 D_real: 0.229 D_fake: 0.146 G: 1.352 NCE: 1.100 NCE_Y: 0.867 
(epoch: 28, iters: 4520, time: 0.053, data: 0.001) G_GAN: 0.380 D_real: 0.218 D_fake: 0.316 G: 1.443 NCE: 1.261 NCE_Y: 0.865 
(epoch: 28, iters: 4620, time: 0.053, data: 0.001) G_GAN: 0.499 D_real: 0.169 D_fake: 0.138 G: 1.509 NCE: 1.175 NCE_Y: 0.845 
(epoch: 28, iters: 4720, time: 0.053, data: 0.002) G_GAN: 0.347 D_real: 0.246 D_fake: 0.182 G: 1.389 NCE: 1.244 NCE_Y: 0.840 
(epoch: 28, iters: 4820, time: 0.053, data: 0.001) G_GAN: 0.437 D_real: 0.160 D_fake: 0.177 G: 1.403 NCE: 1.084 NCE_Y: 0.850 
(epoch: 28, iters: 4920, time: 0.053, data: 0.001) G_GAN: 0.280 D_real: 0.177 D_fake: 0.326 G: 1.242 NCE: 1.121 NCE_Y: 0.804 
(epoch: 28, iters: 5020, time: 0.052, data: 0.001) G_GAN: 0.301 D_real: 0.258 D_fake: 0.207 G: 1.298 NCE: 1.161 NCE_Y: 0.833 
(epoch: 28, iters: 5120, time: 0.052, data: 0.001) G_GAN: 0.249 D_real: 0.377 D_fake: 0.146 G: 1.195 NCE: 1.078 NCE_Y: 0.814 
(epoch: 28, iters: 5220, time: 0.052, data: 0.001) G_GAN: 0.523 D_real: 0.087 D_fake: 0.150 G: 1.484 NCE: 1.137 NCE_Y: 0.784 
(epoch: 28, iters: 5320, time: 0.052, data: 0.001) G_GAN: 0.245 D_real: 0.190 D_fake: 0.220 G: 1.198 NCE: 1.101 NCE_Y: 0.805 
(epoch: 28, iters: 5420, time: 0.052, data: 0.001) G_GAN: 0.931 D_real: 0.006 D_fake: 0.009 G: 2.244 NCE: 1.733 NCE_Y: 0.894 
(epoch: 28, iters: 5520, time: 0.053, data: 0.002) G_GAN: 0.988 D_real: 0.008 D_fake: 0.006 G: 2.213 NCE: 1.421 NCE_Y: 1.028 
(epoch: 28, iters: 5620, time: 0.053, data: 0.001) G_GAN: 1.029 D_real: 0.004 D_fake: 0.002 G: 2.365 NCE: 1.669 NCE_Y: 1.002 
(epoch: 28, iters: 5720, time: 0.053, data: 0.002) G_GAN: 1.007 D_real: 0.009 D_fake: 0.003 G: 2.188 NCE: 1.385 NCE_Y: 0.976 
(epoch: 28, iters: 5820, time: 0.053, data: 0.001) G_GAN: 1.006 D_real: 0.001 D_fake: 0.001 G: 2.180 NCE: 1.351 NCE_Y: 0.996 
(epoch: 28, iters: 5920, time: 0.053, data: 0.001) G_GAN: 1.075 D_real: 0.042 D_fake: 0.040 G: 2.166 NCE: 1.188 NCE_Y: 0.993 
(epoch: 28, iters: 6020, time: 0.053, data: 0.002) G_GAN: 0.304 D_real: 0.255 D_fake: 0.237 G: 1.300 NCE: 1.156 NCE_Y: 0.835 
(epoch: 28, iters: 6120, time: 0.053, data: 0.002) G_GAN: 0.503 D_real: 0.115 D_fake: 0.167 G: 1.447 NCE: 1.022 NCE_Y: 0.866 
(epoch: 28, iters: 6220, time: 0.052, data: 0.001) G_GAN: 0.324 D_real: 0.424 D_fake: 0.106 G: 1.283 NCE: 1.069 NCE_Y: 0.848 
(epoch: 28, iters: 6320, time: 0.052, data: 0.001) G_GAN: 0.455 D_real: 0.154 D_fake: 0.135 G: 1.410 NCE: 1.092 NCE_Y: 0.817 
(epoch: 28, iters: 6420, time: 0.052, data: 0.001) G_GAN: 0.346 D_real: 0.210 D_fake: 0.191 G: 1.333 NCE: 1.158 NCE_Y: 0.816 
(epoch: 28, iters: 6520, time: 0.053, data: 0.001) G_GAN: 0.289 D_real: 0.097 D_fake: 0.245 G: 1.246 NCE: 1.103 NCE_Y: 0.812 
(epoch: 28, iters: 6620, time: 0.053, data: 0.001) G_GAN: 0.277 D_real: 0.267 D_fake: 0.245 G: 1.295 NCE: 1.207 NCE_Y: 0.829 
(epoch: 28, iters: 6720, time: 0.053, data: 0.001) G_GAN: 0.310 D_real: 0.255 D_fake: 0.249 G: 1.315 NCE: 1.219 NCE_Y: 0.791 
(epoch: 28, iters: 6820, time: 0.053, data: 0.002) G_GAN: 0.279 D_real: 0.239 D_fake: 0.255 G: 1.311 NCE: 1.237 NCE_Y: 0.827 
(epoch: 28, iters: 6920, time: 0.053, data: 0.002) G_GAN: 0.255 D_real: 0.300 D_fake: 0.230 G: 1.261 NCE: 1.189 NCE_Y: 0.822 
(epoch: 28, iters: 7020, time: 0.052, data: 0.002) G_GAN: 0.219 D_real: 0.304 D_fake: 0.284 G: 1.148 NCE: 1.047 NCE_Y: 0.811 
(epoch: 28, iters: 7120, time: 0.052, data: 0.001) G_GAN: 0.345 D_real: 0.197 D_fake: 0.190 G: 1.307 NCE: 1.048 NCE_Y: 0.875 
(epoch: 28, iters: 7220, time: 0.052, data: 0.001) G_GAN: 0.424 D_real: 0.079 D_fake: 0.254 G: 1.451 NCE: 1.270 NCE_Y: 0.784 
(epoch: 28, iters: 7320, time: 0.052, data: 0.001) G_GAN: 0.380 D_real: 0.247 D_fake: 0.152 G: 1.408 NCE: 1.255 NCE_Y: 0.802 
(epoch: 28, iters: 7420, time: 0.053, data: 0.003) G_GAN: 0.357 D_real: 0.155 D_fake: 0.347 G: 1.363 NCE: 1.222 NCE_Y: 0.790 
(epoch: 28, iters: 7520, time: 0.053, data: 0.002) G_GAN: 0.477 D_real: 0.052 D_fake: 0.237 G: 1.510 NCE: 1.248 NCE_Y: 0.817 
(epoch: 28, iters: 7620, time: 0.054, data: 0.001) G_GAN: 0.894 D_real: 0.014 D_fake: 0.091 G: 1.997 NCE: 1.348 NCE_Y: 0.858 
(epoch: 28, iters: 7720, time: 0.054, data: 0.001) G_GAN: 0.719 D_real: 0.072 D_fake: 0.078 G: 1.690 NCE: 1.119 NCE_Y: 0.822 
(epoch: 28, iters: 7820, time: 0.054, data: 0.002) G_GAN: 0.260 D_real: 0.095 D_fake: 0.395 G: 1.288 NCE: 1.233 NCE_Y: 0.823 
(epoch: 28, iters: 7920, time: 0.053, data: 0.001) G_GAN: 0.371 D_real: 0.262 D_fake: 0.182 G: 1.320 NCE: 1.079 NCE_Y: 0.819 
saving the latest model (epoch 28, total_iters 225000)
doctr_SELFF_to_SD_fixed_nl2
(epoch: 28, iters: 8020, time: 0.053, data: 0.002) G_GAN: 0.354 D_real: 0.104 D_fake: 0.256 G: 1.307 NCE: 1.074 NCE_Y: 0.830 
End of epoch 28 / 60 	 Time Taken: 453 sec
learning rate = 0.0002000
(epoch: 29, iters: 80, time: 0.053, data: 0.001) G_GAN: 0.266 D_real: 0.193 D_fake: 0.246 G: 1.225 NCE: 1.129 NCE_Y: 0.790 
(epoch: 29, iters: 180, time: 0.052, data: 0.002) G_GAN: 0.885 D_real: 0.008 D_fake: 0.029 G: 1.860 NCE: 1.127 NCE_Y: 0.823 
(epoch: 29, iters: 280, time: 0.052, data: 0.001) G_GAN: 0.976 D_real: 0.006 D_fake: 0.026 G: 2.129 NCE: 1.420 NCE_Y: 0.886 
(epoch: 29, iters: 380, time: 0.052, data: 0.001) G_GAN: 0.239 D_real: 0.276 D_fake: 0.221 G: 1.194 NCE: 1.092 NCE_Y: 0.819 
(epoch: 29, iters: 480, time: 0.053, data: 0.001) G_GAN: 0.212 D_real: 0.409 D_fake: 0.188 G: 1.193 NCE: 1.155 NCE_Y: 0.807 
(epoch: 29, iters: 580, time: 0.052, data: 0.003) G_GAN: 0.268 D_real: 0.370 D_fake: 0.133 G: 1.273 NCE: 1.221 NCE_Y: 0.790 
(epoch: 29, iters: 680, time: 0.053, data: 0.001) G_GAN: 0.355 D_real: 0.369 D_fake: 0.130 G: 1.338 NCE: 1.132 NCE_Y: 0.835 
(epoch: 29, iters: 780, time: 0.053, data: 0.001) G_GAN: 0.335 D_real: 0.342 D_fake: 0.161 G: 1.303 NCE: 1.114 NCE_Y: 0.820 
(epoch: 29, iters: 880, time: 0.053, data: 0.001) G_GAN: 0.365 D_real: 0.211 D_fake: 0.152 G: 1.343 NCE: 1.162 NCE_Y: 0.795 
(epoch: 29, iters: 980, time: 0.053, data: 0.001) G_GAN: 0.245 D_real: 0.412 D_fake: 0.125 G: 1.179 NCE: 1.064 NCE_Y: 0.805 
(epoch: 29, iters: 1080, time: 0.053, data: 0.002) G_GAN: 0.228 D_real: 0.222 D_fake: 0.307 G: 1.282 NCE: 1.311 NCE_Y: 0.796 
(epoch: 29, iters: 1180, time: 0.053, data: 0.002) G_GAN: 0.356 D_real: 0.212 D_fake: 0.204 G: 1.334 NCE: 1.104 NCE_Y: 0.853 
(epoch: 29, iters: 1280, time: 0.053, data: 0.002) G_GAN: 0.230 D_real: 0.282 D_fake: 0.283 G: 1.229 NCE: 1.157 NCE_Y: 0.842 
(epoch: 29, iters: 1380, time: 0.052, data: 0.002) G_GAN: 0.427 D_real: 0.369 D_fake: 0.081 G: 1.342 NCE: 1.044 NCE_Y: 0.786 
(epoch: 29, iters: 1480, time: 0.052, data: 0.001) G_GAN: 0.377 D_real: 0.333 D_fake: 0.183 G: 1.377 NCE: 1.192 NCE_Y: 0.809 
(epoch: 29, iters: 1580, time: 0.052, data: 0.001) G_GAN: 0.211 D_real: 0.258 D_fake: 0.277 G: 1.261 NCE: 1.290 NCE_Y: 0.811 
(epoch: 29, iters: 1680, time: 0.052, data: 0.001) G_GAN: 0.256 D_real: 0.415 D_fake: 0.210 G: 1.218 NCE: 1.107 NCE_Y: 0.817 
(epoch: 29, iters: 1780, time: 0.053, data: 0.001) G_GAN: 0.389 D_real: 0.563 D_fake: 0.119 G: 1.349 NCE: 1.129 NCE_Y: 0.790 
(epoch: 29, iters: 1880, time: 0.053, data: 0.001) G_GAN: 0.287 D_real: 0.168 D_fake: 0.259 G: 1.353 NCE: 1.313 NCE_Y: 0.819 
(epoch: 29, iters: 1980, time: 0.053, data: 0.001) G_GAN: 0.447 D_real: 0.336 D_fake: 0.128 G: 1.411 NCE: 1.106 NCE_Y: 0.821 
(epoch: 29, iters: 2080, time: 0.053, data: 0.002) G_GAN: 0.299 D_real: 0.223 D_fake: 0.233 G: 1.255 NCE: 1.106 NCE_Y: 0.805 
(epoch: 29, iters: 2180, time: 0.053, data: 0.001) G_GAN: 0.336 D_real: 0.305 D_fake: 0.138 G: 1.320 NCE: 1.179 NCE_Y: 0.790 
(epoch: 29, iters: 2280, time: 0.053, data: 0.001) G_GAN: 0.290 D_real: 0.204 D_fake: 0.270 G: 1.232 NCE: 1.090 NCE_Y: 0.794 
(epoch: 29, iters: 2380, time: 0.053, data: 0.001) G_GAN: 0.276 D_real: 0.224 D_fake: 0.250 G: 1.241 NCE: 1.111 NCE_Y: 0.819 
(epoch: 29, iters: 2480, time: 0.053, data: 0.001) G_GAN: 0.316 D_real: 0.314 D_fake: 0.192 G: 1.278 NCE: 1.111 NCE_Y: 0.812 
(epoch: 29, iters: 2580, time: 0.053, data: 0.001) G_GAN: 0.310 D_real: 0.167 D_fake: 0.339 G: 1.308 NCE: 1.201 NCE_Y: 0.795 
(epoch: 29, iters: 2680, time: 0.054, data: 0.001) G_GAN: 0.272 D_real: 0.238 D_fake: 0.296 G: 1.229 NCE: 1.097 NCE_Y: 0.818 
(epoch: 29, iters: 2780, time: 0.054, data: 0.002) G_GAN: 0.279 D_real: 0.276 D_fake: 0.278 G: 1.243 NCE: 1.047 NCE_Y: 0.880 
(epoch: 29, iters: 2880, time: 0.053, data: 0.001) G_GAN: 0.279 D_real: 0.206 D_fake: 0.313 G: 1.224 NCE: 1.099 NCE_Y: 0.789 
(epoch: 29, iters: 2980, time: 0.053, data: 0.002) G_GAN: 0.330 D_real: 0.171 D_fake: 0.248 G: 1.346 NCE: 1.214 NCE_Y: 0.817 
(epoch: 29, iters: 3080, time: 0.053, data: 0.001) G_GAN: 0.415 D_real: 0.170 D_fake: 0.176 G: 1.361 NCE: 1.090 NCE_Y: 0.803 
(epoch: 29, iters: 3180, time: 0.053, data: 0.001) G_GAN: 0.270 D_real: 0.297 D_fake: 0.247 G: 1.205 NCE: 1.061 NCE_Y: 0.810 
(epoch: 29, iters: 3280, time: 0.053, data: 0.001) G_GAN: 0.232 D_real: 0.394 D_fake: 0.256 G: 1.292 NCE: 1.283 NCE_Y: 0.837 
(epoch: 29, iters: 3380, time: 0.053, data: 0.002) G_GAN: 0.378 D_real: 0.230 D_fake: 0.214 G: 1.343 NCE: 1.145 NCE_Y: 0.785 
(epoch: 29, iters: 3480, time: 0.052, data: 0.001) G_GAN: 0.253 D_real: 0.140 D_fake: 0.329 G: 1.332 NCE: 1.298 NCE_Y: 0.859 
(epoch: 29, iters: 3580, time: 0.053, data: 0.001) G_GAN: 0.503 D_real: 0.154 D_fake: 0.140 G: 1.538 NCE: 1.190 NCE_Y: 0.881 
(epoch: 29, iters: 3680, time: 0.053, data: 0.001) G_GAN: 0.262 D_real: 0.261 D_fake: 0.281 G: 1.241 NCE: 1.143 NCE_Y: 0.814 
(epoch: 29, iters: 3780, time: 0.053, data: 0.002) G_GAN: 0.341 D_real: 0.244 D_fake: 0.177 G: 1.310 NCE: 1.140 NCE_Y: 0.799 
(epoch: 29, iters: 3880, time: 0.053, data: 0.001) G_GAN: 0.282 D_real: 0.160 D_fake: 0.269 G: 1.239 NCE: 1.102 NCE_Y: 0.813 
(epoch: 29, iters: 3980, time: 0.053, data: 0.001) G_GAN: 0.206 D_real: 0.321 D_fake: 0.265 G: 1.157 NCE: 1.074 NCE_Y: 0.827 
(epoch: 29, iters: 4080, time: 0.053, data: 0.001) G_GAN: 0.983 D_real: 0.023 D_fake: 0.013 G: 1.941 NCE: 1.100 NCE_Y: 0.817 
(epoch: 29, iters: 4180, time: 0.052, data: 0.001) G_GAN: 0.340 D_real: 0.181 D_fake: 0.260 G: 1.319 NCE: 1.121 NCE_Y: 0.838 
(epoch: 29, iters: 4280, time: 0.052, data: 0.001) G_GAN: 1.048 D_real: 0.059 D_fake: 0.048 G: 2.091 NCE: 1.245 NCE_Y: 0.840 
(epoch: 29, iters: 4380, time: 0.052, data: 0.002) G_GAN: 0.978 D_real: 0.002 D_fake: 0.003 G: 2.036 NCE: 1.271 NCE_Y: 0.845 
(epoch: 29, iters: 4480, time: 0.052, data: 0.002) G_GAN: 1.048 D_real: 0.003 D_fake: 0.003 G: 2.159 NCE: 1.348 NCE_Y: 0.874 
(epoch: 29, iters: 4580, time: 0.053, data: 0.002) G_GAN: 0.994 D_real: 0.005 D_fake: 0.015 G: 2.187 NCE: 1.445 NCE_Y: 0.941 
(epoch: 29, iters: 4680, time: 0.053, data: 0.001) G_GAN: 0.962 D_real: 0.014 D_fake: 0.005 G: 2.080 NCE: 1.249 NCE_Y: 0.987 
(epoch: 29, iters: 4780, time: 0.053, data: 0.002) G_GAN: 1.007 D_real: 0.001 D_fake: 0.004 G: 2.142 NCE: 1.289 NCE_Y: 0.981 
(epoch: 29, iters: 4880, time: 0.053, data: 0.001) G_GAN: 1.006 D_real: 0.002 D_fake: 0.011 G: 2.148 NCE: 1.315 NCE_Y: 0.970 
saving the latest model (epoch 29, total_iters 230000)
doctr_SELFF_to_SD_fixed_nl2
(epoch: 29, iters: 4980, time: 0.053, data: 0.001) G_GAN: 0.995 D_real: 0.001 D_fake: 0.005 G: 2.149 NCE: 1.357 NCE_Y: 0.951 
(epoch: 29, iters: 5080, time: 0.053, data: 0.002) G_GAN: 0.983 D_real: 0.002 D_fake: 0.004 G: 2.099 NCE: 1.323 NCE_Y: 0.908 
(epoch: 29, iters: 5180, time: 0.053, data: 0.001) G_GAN: 0.965 D_real: 0.002 D_fake: 0.014 G: 2.083 NCE: 1.321 NCE_Y: 0.916 
(epoch: 29, iters: 5280, time: 0.053, data: 0.001) G_GAN: 1.041 D_real: 0.007 D_fake: 0.007 G: 2.120 NCE: 1.279 NCE_Y: 0.879 
(epoch: 29, iters: 5380, time: 0.054, data: 0.002) G_GAN: 1.036 D_real: 0.008 D_fake: 0.013 G: 2.130 NCE: 1.306 NCE_Y: 0.882 
(epoch: 29, iters: 5480, time: 0.054, data: 0.002) G_GAN: 1.021 D_real: 0.008 D_fake: 0.019 G: 2.159 NCE: 1.377 NCE_Y: 0.898 
(epoch: 29, iters: 5580, time: 0.054, data: 0.001) G_GAN: 1.013 D_real: 0.007 D_fake: 0.015 G: 2.152 NCE: 1.359 NCE_Y: 0.919 
(epoch: 29, iters: 5680, time: 0.053, data: 0.001) G_GAN: 0.974 D_real: 0.007 D_fake: 0.010 G: 2.092 NCE: 1.356 NCE_Y: 0.880 
(epoch: 29, iters: 5780, time: 0.053, data: 0.001) G_GAN: 0.779 D_real: 0.065 D_fake: 0.075 G: 1.880 NCE: 1.292 NCE_Y: 0.910 
(epoch: 29, iters: 5880, time: 0.053, data: 0.001) G_GAN: 0.525 D_real: 0.139 D_fake: 0.109 G: 1.489 NCE: 1.046 NCE_Y: 0.882 
(epoch: 29, iters: 5980, time: 0.053, data: 0.001) G_GAN: 0.696 D_real: 0.101 D_fake: 0.022 G: 1.683 NCE: 1.085 NCE_Y: 0.889 
(epoch: 29, iters: 6080, time: 0.052, data: 0.001) G_GAN: 0.341 D_real: 0.307 D_fake: 0.158 G: 1.354 NCE: 1.109 NCE_Y: 0.916 
(epoch: 29, iters: 6180, time: 0.053, data: 0.001) G_GAN: 0.347 D_real: 0.148 D_fake: 0.256 G: 1.306 NCE: 1.074 NCE_Y: 0.845 
(epoch: 29, iters: 6280, time: 0.053, data: 0.001) G_GAN: 0.336 D_real: 0.174 D_fake: 0.289 G: 1.357 NCE: 1.158 NCE_Y: 0.885 
(epoch: 29, iters: 6380, time: 0.053, data: 0.001) G_GAN: 0.508 D_real: 0.295 D_fake: 0.064 G: 1.430 NCE: 0.995 NCE_Y: 0.849 
(epoch: 29, iters: 6480, time: 0.053, data: 0.003) G_GAN: 0.977 D_real: 0.446 D_fake: 0.127 G: 1.941 NCE: 1.075 NCE_Y: 0.854 
(epoch: 29, iters: 6580, time: 0.053, data: 0.001) G_GAN: 0.791 D_real: 0.010 D_fake: 0.169 G: 1.734 NCE: 1.063 NCE_Y: 0.823 
(epoch: 29, iters: 6680, time: 0.053, data: 0.001) G_GAN: 0.847 D_real: 0.033 D_fake: 0.012 G: 1.782 NCE: 1.044 NCE_Y: 0.826 
(epoch: 29, iters: 6780, time: 0.052, data: 0.001) G_GAN: 0.935 D_real: 0.020 D_fake: 0.030 G: 1.975 NCE: 1.214 NCE_Y: 0.867 
(epoch: 29, iters: 6880, time: 0.053, data: 0.001) G_GAN: 0.247 D_real: 0.183 D_fake: 0.244 G: 1.219 NCE: 1.110 NCE_Y: 0.835 
(epoch: 29, iters: 6980, time: 0.053, data: 0.002) G_GAN: 0.272 D_real: 0.297 D_fake: 0.222 G: 1.296 NCE: 1.198 NCE_Y: 0.848 
(epoch: 29, iters: 7080, time: 0.053, data: 0.001) G_GAN: 0.291 D_real: 0.248 D_fake: 0.161 G: 1.260 NCE: 1.110 NCE_Y: 0.829 
(epoch: 29, iters: 7180, time: 0.053, data: 0.001) G_GAN: 0.282 D_real: 0.215 D_fake: 0.246 G: 1.258 NCE: 1.101 NCE_Y: 0.851 
(epoch: 29, iters: 7280, time: 0.052, data: 0.001) G_GAN: 0.330 D_real: 0.116 D_fake: 0.292 G: 1.361 NCE: 1.207 NCE_Y: 0.854 
(epoch: 29, iters: 7380, time: 0.053, data: 0.001) G_GAN: 0.341 D_real: 0.147 D_fake: 0.217 G: 1.311 NCE: 1.070 NCE_Y: 0.869 
(epoch: 29, iters: 7480, time: 0.053, data: 0.001) G_GAN: 0.304 D_real: 0.339 D_fake: 0.184 G: 1.352 NCE: 1.216 NCE_Y: 0.880 
(epoch: 29, iters: 7580, time: 0.053, data: 0.003) G_GAN: 0.381 D_real: 0.197 D_fake: 0.181 G: 1.356 NCE: 1.104 NCE_Y: 0.844 
(epoch: 29, iters: 7680, time: 0.053, data: 0.001) G_GAN: 0.217 D_real: 0.298 D_fake: 0.313 G: 1.198 NCE: 1.123 NCE_Y: 0.838 
(epoch: 29, iters: 7780, time: 0.052, data: 0.001) G_GAN: 0.289 D_real: 0.202 D_fake: 0.244 G: 1.238 NCE: 1.069 NCE_Y: 0.828 
(epoch: 29, iters: 7880, time: 0.052, data: 0.001) G_GAN: 0.323 D_real: 0.177 D_fake: 0.217 G: 1.284 NCE: 1.105 NCE_Y: 0.817 
(epoch: 29, iters: 7980, time: 0.052, data: 0.001) G_GAN: 0.356 D_real: 0.185 D_fake: 0.195 G: 1.354 NCE: 1.133 NCE_Y: 0.863 
End of epoch 29 / 60 	 Time Taken: 439 sec
learning rate = 0.0002000
(epoch: 30, iters: 40, time: 0.053, data: 0.001) G_GAN: 0.315 D_real: 0.211 D_fake: 0.266 G: 1.300 NCE: 1.133 NCE_Y: 0.838 
(epoch: 30, iters: 140, time: 0.053, data: 0.001) G_GAN: 0.318 D_real: 0.270 D_fake: 0.245 G: 1.282 NCE: 1.072 NCE_Y: 0.856 
(epoch: 30, iters: 240, time: 0.052, data: 0.001) G_GAN: 0.258 D_real: 0.332 D_fake: 0.219 G: 1.235 NCE: 1.076 NCE_Y: 0.877 
(epoch: 30, iters: 340, time: 0.053, data: 0.001) G_GAN: 0.240 D_real: 0.313 D_fake: 0.281 G: 1.244 NCE: 1.156 NCE_Y: 0.851 
(epoch: 30, iters: 440, time: 0.053, data: 0.001) G_GAN: 0.338 D_real: 0.401 D_fake: 0.173 G: 1.266 NCE: 1.023 NCE_Y: 0.832 
(epoch: 30, iters: 540, time: 0.053, data: 0.002) G_GAN: 0.244 D_real: 0.221 D_fake: 0.319 G: 1.225 NCE: 1.136 NCE_Y: 0.825 
(epoch: 30, iters: 640, time: 0.053, data: 0.001) G_GAN: 0.387 D_real: 0.172 D_fake: 0.257 G: 1.325 NCE: 1.029 NCE_Y: 0.846 
(epoch: 30, iters: 740, time: 0.053, data: 0.001) G_GAN: 0.185 D_real: 0.360 D_fake: 0.201 G: 1.136 NCE: 1.057 NCE_Y: 0.845 
(epoch: 30, iters: 840, time: 0.053, data: 0.001) G_GAN: 0.298 D_real: 0.253 D_fake: 0.367 G: 1.248 NCE: 1.056 NCE_Y: 0.845 
(epoch: 30, iters: 940, time: 0.053, data: 0.001) G_GAN: 0.300 D_real: 0.203 D_fake: 0.269 G: 1.244 NCE: 1.065 NCE_Y: 0.824 
(epoch: 30, iters: 1040, time: 0.052, data: 0.001) G_GAN: 0.227 D_real: 0.175 D_fake: 0.360 G: 1.186 NCE: 1.099 NCE_Y: 0.819 
(epoch: 30, iters: 1140, time: 0.053, data: 0.001) G_GAN: 0.364 D_real: 0.193 D_fake: 0.174 G: 1.314 NCE: 1.107 NCE_Y: 0.794 
(epoch: 30, iters: 1240, time: 0.053, data: 0.001) G_GAN: 0.302 D_real: 0.167 D_fake: 0.297 G: 1.262 NCE: 1.078 NCE_Y: 0.843 
(epoch: 30, iters: 1340, time: 0.053, data: 0.001) G_GAN: 0.282 D_real: 0.237 D_fake: 0.227 G: 1.273 NCE: 1.148 NCE_Y: 0.834 
(epoch: 30, iters: 1440, time: 0.052, data: 0.001) G_GAN: 0.362 D_real: 0.201 D_fake: 0.235 G: 1.311 NCE: 1.084 NCE_Y: 0.815 
(epoch: 30, iters: 1540, time: 0.052, data: 0.001) G_GAN: 0.324 D_real: 0.260 D_fake: 0.186 G: 1.254 NCE: 1.040 NCE_Y: 0.820 
(epoch: 30, iters: 1640, time: 0.053, data: 0.001) G_GAN: 0.334 D_real: 0.164 D_fake: 0.318 G: 1.279 NCE: 1.034 NCE_Y: 0.855 
(epoch: 30, iters: 1740, time: 0.053, data: 0.001) G_GAN: 0.376 D_real: 0.144 D_fake: 0.218 G: 1.373 NCE: 1.132 NCE_Y: 0.863 
(epoch: 30, iters: 1840, time: 0.053, data: 0.001) G_GAN: 0.331 D_real: 0.219 D_fake: 0.203 G: 1.324 NCE: 1.146 NCE_Y: 0.840 
saving the latest model (epoch 30, total_iters 235000)
doctr_SELFF_to_SD_fixed_nl2
(epoch: 30, iters: 1940, time: 0.053, data: 0.001) G_GAN: 0.270 D_real: 0.391 D_fake: 0.215 G: 1.244 NCE: 1.121 NCE_Y: 0.828 
(epoch: 30, iters: 2040, time: 0.052, data: 0.001) G_GAN: 1.007 D_real: 0.005 D_fake: 0.010 G: 2.150 NCE: 1.408 NCE_Y: 0.878 
(epoch: 30, iters: 2140, time: 0.053, data: 0.002) G_GAN: 1.007 D_real: 0.003 D_fake: 0.002 G: 2.056 NCE: 1.170 NCE_Y: 0.927 
(epoch: 30, iters: 2240, time: 0.053, data: 0.001) G_GAN: 0.348 D_real: 0.251 D_fake: 0.166 G: 1.295 NCE: 1.040 NCE_Y: 0.852 
(epoch: 30, iters: 2340, time: 0.053, data: 0.001) G_GAN: 0.305 D_real: 0.175 D_fake: 0.221 G: 1.233 NCE: 1.025 NCE_Y: 0.831 
(epoch: 30, iters: 2440, time: 0.053, data: 0.001) G_GAN: 0.345 D_real: 0.180 D_fake: 0.190 G: 1.331 NCE: 1.129 NCE_Y: 0.842 
(epoch: 30, iters: 2540, time: 0.053, data: 0.001) G_GAN: 0.296 D_real: 0.191 D_fake: 0.270 G: 1.247 NCE: 1.050 NCE_Y: 0.852 
(epoch: 30, iters: 2640, time: 0.053, data: 0.001) G_GAN: 0.299 D_real: 0.350 D_fake: 0.205 G: 1.284 NCE: 1.139 NCE_Y: 0.831 
(epoch: 30, iters: 2740, time: 0.053, data: 0.001) G_GAN: 0.288 D_real: 0.215 D_fake: 0.241 G: 1.221 NCE: 1.051 NCE_Y: 0.816 
(epoch: 30, iters: 2840, time: 0.053, data: 0.001) G_GAN: 0.176 D_real: 0.251 D_fake: 0.411 G: 1.144 NCE: 1.130 NCE_Y: 0.805 
(epoch: 30, iters: 2940, time: 0.053, data: 0.001) G_GAN: 0.310 D_real: 0.215 D_fake: 0.204 G: 1.231 NCE: 1.013 NCE_Y: 0.829 
(epoch: 30, iters: 3040, time: 0.053, data: 0.001) G_GAN: 0.224 D_real: 0.273 D_fake: 0.272 G: 1.144 NCE: 1.030 NCE_Y: 0.811 
(epoch: 30, iters: 3140, time: 0.053, data: 0.001) G_GAN: 0.284 D_real: 0.192 D_fake: 0.255 G: 1.217 NCE: 1.043 NCE_Y: 0.823 
(epoch: 30, iters: 3240, time: 0.053, data: 0.001) G_GAN: 0.245 D_real: 0.262 D_fake: 0.270 G: 1.152 NCE: 1.005 NCE_Y: 0.808 
(epoch: 30, iters: 3340, time: 0.052, data: 0.002) G_GAN: 0.184 D_real: 0.303 D_fake: 0.340 G: 1.166 NCE: 1.132 NCE_Y: 0.830 
(epoch: 30, iters: 3440, time: 0.053, data: 0.001) G_GAN: 0.380 D_real: 0.147 D_fake: 0.172 G: 1.298 NCE: 1.056 NCE_Y: 0.782 
(epoch: 30, iters: 3540, time: 0.053, data: 0.001) G_GAN: 0.242 D_real: 0.374 D_fake: 0.217 G: 1.184 NCE: 1.065 NCE_Y: 0.819 
(epoch: 30, iters: 3640, time: 0.052, data: 0.001) G_GAN: 0.295 D_real: 0.207 D_fake: 0.316 G: 1.276 NCE: 1.082 NCE_Y: 0.879 
(epoch: 30, iters: 3740, time: 0.052, data: 0.001) G_GAN: 0.316 D_real: 0.186 D_fake: 0.249 G: 1.291 NCE: 1.083 NCE_Y: 0.867 
(epoch: 30, iters: 3840, time: 0.053, data: 0.001) G_GAN: 0.225 D_real: 0.287 D_fake: 0.263 G: 1.190 NCE: 1.090 NCE_Y: 0.841 
(epoch: 30, iters: 3940, time: 0.053, data: 0.001) G_GAN: 0.244 D_real: 0.243 D_fake: 0.360 G: 1.198 NCE: 1.090 NCE_Y: 0.817 
(epoch: 30, iters: 4040, time: 0.053, data: 0.001) G_GAN: 0.315 D_real: 0.212 D_fake: 0.192 G: 1.249 NCE: 1.083 NCE_Y: 0.785 
(epoch: 30, iters: 4140, time: 0.053, data: 0.001) G_GAN: 0.311 D_real: 0.150 D_fake: 0.294 G: 1.261 NCE: 1.073 NCE_Y: 0.827 
(epoch: 30, iters: 4240, time: 0.053, data: 0.001) G_GAN: 0.266 D_real: 0.276 D_fake: 0.219 G: 1.210 NCE: 1.080 NCE_Y: 0.810 
(epoch: 30, iters: 4340, time: 0.053, data: 0.001) G_GAN: 0.323 D_real: 0.165 D_fake: 0.223 G: 1.243 NCE: 1.057 NCE_Y: 0.782 
(epoch: 30, iters: 4440, time: 0.053, data: 0.001) G_GAN: 0.401 D_real: 0.105 D_fake: 0.212 G: 1.360 NCE: 1.116 NCE_Y: 0.802 
(epoch: 30, iters: 4540, time: 0.053, data: 0.001) G_GAN: 0.392 D_real: 0.261 D_fake: 0.126 G: 1.306 NCE: 1.061 NCE_Y: 0.768 
(epoch: 30, iters: 4640, time: 0.053, data: 0.001) G_GAN: 0.376 D_real: 0.187 D_fake: 0.189 G: 1.329 NCE: 1.067 NCE_Y: 0.839 
(epoch: 30, iters: 4740, time: 0.053, data: 0.001) G_GAN: 0.245 D_real: 0.207 D_fake: 0.328 G: 1.156 NCE: 1.018 NCE_Y: 0.804 
(epoch: 30, iters: 4840, time: 0.053, data: 0.001) G_GAN: 0.256 D_real: 0.270 D_fake: 0.309 G: 1.283 NCE: 1.195 NCE_Y: 0.858 
(epoch: 30, iters: 4940, time: 0.053, data: 0.001) G_GAN: 0.311 D_real: 0.110 D_fake: 0.293 G: 1.226 NCE: 1.052 NCE_Y: 0.776 
(epoch: 30, iters: 5040, time: 0.053, data: 0.001) G_GAN: 0.237 D_real: 0.280 D_fake: 0.259 G: 1.233 NCE: 1.168 NCE_Y: 0.825 
(epoch: 30, iters: 5140, time: 0.053, data: 0.001) G_GAN: 0.267 D_real: 0.195 D_fake: 0.210 G: 1.194 NCE: 1.083 NCE_Y: 0.769 
(epoch: 30, iters: 5240, time: 0.053, data: 0.002) G_GAN: 0.315 D_real: 0.230 D_fake: 0.214 G: 1.254 NCE: 1.101 NCE_Y: 0.776 
(epoch: 30, iters: 5340, time: 0.054, data: 0.001) G_GAN: 0.337 D_real: 0.160 D_fake: 0.285 G: 1.276 NCE: 1.040 NCE_Y: 0.838 
(epoch: 30, iters: 5440, time: 0.054, data: 0.001) G_GAN: 0.264 D_real: 0.223 D_fake: 0.304 G: 1.226 NCE: 1.117 NCE_Y: 0.806 
(epoch: 30, iters: 5540, time: 0.054, data: 0.001) G_GAN: 0.453 D_real: 0.317 D_fake: 0.165 G: 1.376 NCE: 1.030 NCE_Y: 0.816 
(epoch: 30, iters: 5640, time: 0.053, data: 0.001) G_GAN: 0.485 D_real: 0.088 D_fake: 0.224 G: 1.571 NCE: 1.291 NCE_Y: 0.881 
(epoch: 30, iters: 5740, time: 0.054, data: 0.002) G_GAN: 0.380 D_real: 0.243 D_fake: 0.150 G: 1.301 NCE: 1.002 NCE_Y: 0.841 
(epoch: 30, iters: 5840, time: 0.054, data: 0.001) G_GAN: 0.365 D_real: 0.156 D_fake: 0.232 G: 1.380 NCE: 1.178 NCE_Y: 0.852 
(epoch: 30, iters: 5940, time: 0.053, data: 0.001) G_GAN: 0.404 D_real: 0.246 D_fake: 0.129 G: 1.329 NCE: 1.067 NCE_Y: 0.783 
(epoch: 30, iters: 6040, time: 0.054, data: 0.001) G_GAN: 0.322 D_real: 0.198 D_fake: 0.216 G: 1.249 NCE: 1.029 NCE_Y: 0.825 
(epoch: 30, iters: 6140, time: 0.054, data: 0.001) G_GAN: 0.340 D_real: 0.284 D_fake: 0.125 G: 1.303 NCE: 1.099 NCE_Y: 0.828 
(epoch: 30, iters: 6240, time: 0.054, data: 0.001) G_GAN: 0.455 D_real: 0.206 D_fake: 0.118 G: 1.429 NCE: 1.126 NCE_Y: 0.823 
(epoch: 30, iters: 6340, time: 0.054, data: 0.002) G_GAN: 0.259 D_real: 0.360 D_fake: 0.167 G: 1.216 NCE: 1.084 NCE_Y: 0.829 
(epoch: 30, iters: 6440, time: 0.053, data: 0.001) G_GAN: 0.352 D_real: 0.142 D_fake: 0.233 G: 1.323 NCE: 1.151 NCE_Y: 0.790 
(epoch: 30, iters: 6540, time: 0.054, data: 0.001) G_GAN: 0.244 D_real: 0.237 D_fake: 0.276 G: 1.189 NCE: 1.074 NCE_Y: 0.815 
(epoch: 30, iters: 6640, time: 0.053, data: 0.001) G_GAN: 0.295 D_real: 0.183 D_fake: 0.228 G: 1.228 NCE: 1.095 NCE_Y: 0.770 
(epoch: 30, iters: 6740, time: 0.053, data: 0.001) G_GAN: 0.411 D_real: 0.259 D_fake: 0.156 G: 1.353 NCE: 1.069 NCE_Y: 0.815 
(epoch: 30, iters: 6840, time: 0.053, data: 0.002) G_GAN: 0.277 D_real: 0.181 D_fake: 0.281 G: 1.207 NCE: 1.064 NCE_Y: 0.797 
saving the latest model (epoch 30, total_iters 240000)
doctr_SELFF_to_SD_fixed_nl2
(epoch: 30, iters: 6940, time: 0.053, data: 0.002) G_GAN: 0.357 D_real: 0.420 D_fake: 0.078 G: 1.284 NCE: 1.047 NCE_Y: 0.808 
(epoch: 30, iters: 7040, time: 0.053, data: 0.001) G_GAN: 0.463 D_real: 0.205 D_fake: 0.161 G: 1.428 NCE: 1.106 NCE_Y: 0.824 
(epoch: 30, iters: 7140, time: 0.053, data: 0.001) G_GAN: 0.332 D_real: 0.366 D_fake: 0.094 G: 1.354 NCE: 1.217 NCE_Y: 0.827 
(epoch: 30, iters: 7240, time: 0.052, data: 0.001) G_GAN: 0.280 D_real: 0.225 D_fake: 0.226 G: 1.320 NCE: 1.183 NCE_Y: 0.896 
(epoch: 30, iters: 7340, time: 0.053, data: 0.003) G_GAN: 0.861 D_real: 0.123 D_fake: 0.191 G: 1.795 NCE: 1.020 NCE_Y: 0.847 
(epoch: 30, iters: 7440, time: 0.053, data: 0.001) G_GAN: 0.692 D_real: 0.047 D_fake: 0.068 G: 1.634 NCE: 1.074 NCE_Y: 0.810 
(epoch: 30, iters: 7540, time: 0.053, data: 0.001) G_GAN: 0.287 D_real: 0.153 D_fake: 0.279 G: 1.276 NCE: 1.140 NCE_Y: 0.840 
(epoch: 30, iters: 7640, time: 0.053, data: 0.001) G_GAN: 0.195 D_real: 0.404 D_fake: 0.277 G: 1.206 NCE: 1.202 NCE_Y: 0.820 
(epoch: 30, iters: 7740, time: 0.053, data: 0.001) G_GAN: 0.332 D_real: 0.186 D_fake: 0.198 G: 1.296 NCE: 1.108 NCE_Y: 0.821 
(epoch: 30, iters: 7840, time: 0.053, data: 0.001) G_GAN: 0.363 D_real: 0.450 D_fake: 0.071 G: 1.393 NCE: 1.235 NCE_Y: 0.824 
(epoch: 30, iters: 7940, time: 0.053, data: 0.001) G_GAN: 0.394 D_real: 0.087 D_fake: 0.268 G: 1.362 NCE: 1.101 NCE_Y: 0.835 
(epoch: 30, iters: 8040, time: 0.053, data: 0.001) G_GAN: 0.309 D_real: 0.197 D_fake: 0.250 G: 1.264 NCE: 1.111 NCE_Y: 0.798 
saving the model at the end of epoch 30, iters 241200
End of epoch 30 / 60 	 Time Taken: 441 sec
learning rate = 0.0001935
(epoch: 31, iters: 100, time: 0.054, data: 0.156) G_GAN: 0.450 D_real: 0.143 D_fake: 0.176 G: 1.406 NCE: 1.134 NCE_Y: 0.778 
(epoch: 31, iters: 200, time: 0.054, data: 0.001) G_GAN: 0.305 D_real: 0.252 D_fake: 0.206 G: 1.268 NCE: 1.098 NCE_Y: 0.827 
(epoch: 31, iters: 300, time: 0.054, data: 0.001) G_GAN: 0.201 D_real: 0.235 D_fake: 0.423 G: 1.211 NCE: 1.201 NCE_Y: 0.820 
(epoch: 31, iters: 400, time: 0.053, data: 0.001) G_GAN: 0.311 D_real: 0.272 D_fake: 0.208 G: 1.276 NCE: 1.106 NCE_Y: 0.824 
(epoch: 31, iters: 500, time: 0.053, data: 0.001) G_GAN: 0.221 D_real: 0.230 D_fake: 0.351 G: 1.144 NCE: 1.048 NCE_Y: 0.798 
(epoch: 31, iters: 600, time: 0.053, data: 0.001) G_GAN: 0.279 D_real: 0.273 D_fake: 0.180 G: 1.254 NCE: 1.118 NCE_Y: 0.832 
(epoch: 31, iters: 700, time: 0.053, data: 0.001) G_GAN: 0.281 D_real: 0.311 D_fake: 0.187 G: 1.204 NCE: 1.045 NCE_Y: 0.801 
(epoch: 31, iters: 800, time: 0.053, data: 0.001) G_GAN: 0.293 D_real: 0.296 D_fake: 0.191 G: 1.297 NCE: 1.161 NCE_Y: 0.848 
(epoch: 31, iters: 900, time: 0.053, data: 0.006) G_GAN: 0.298 D_real: 0.329 D_fake: 0.248 G: 1.285 NCE: 1.170 NCE_Y: 0.804 
(epoch: 31, iters: 1000, time: 0.052, data: 0.001) G_GAN: 0.240 D_real: 0.344 D_fake: 0.228 G: 1.168 NCE: 1.056 NCE_Y: 0.800 
(epoch: 31, iters: 1100, time: 0.052, data: 0.002) G_GAN: 0.308 D_real: 0.131 D_fake: 0.259 G: 1.295 NCE: 1.113 NCE_Y: 0.861 
(epoch: 31, iters: 1200, time: 0.052, data: 0.001) G_GAN: 0.301 D_real: 0.379 D_fake: 0.220 G: 1.280 NCE: 1.141 NCE_Y: 0.818 
(epoch: 31, iters: 1300, time: 0.052, data: 0.001) G_GAN: 0.325 D_real: 0.177 D_fake: 0.162 G: 1.251 NCE: 1.077 NCE_Y: 0.774 
(epoch: 31, iters: 1400, time: 0.053, data: 0.001) G_GAN: 0.252 D_real: 0.217 D_fake: 0.286 G: 1.245 NCE: 1.142 NCE_Y: 0.842 
(epoch: 31, iters: 1500, time: 0.053, data: 0.001) G_GAN: 0.255 D_real: 0.218 D_fake: 0.293 G: 1.228 NCE: 1.131 NCE_Y: 0.815 
(epoch: 31, iters: 1600, time: 0.053, data: 0.001) G_GAN: 0.245 D_real: 0.320 D_fake: 0.289 G: 1.205 NCE: 1.122 NCE_Y: 0.798 
(epoch: 31, iters: 1700, time: 0.054, data: 0.002) G_GAN: 0.303 D_real: 0.166 D_fake: 0.267 G: 1.265 NCE: 1.082 NCE_Y: 0.842 
(epoch: 31, iters: 1800, time: 0.054, data: 0.001) G_GAN: 0.246 D_real: 0.370 D_fake: 0.208 G: 1.229 NCE: 1.164 NCE_Y: 0.802 
(epoch: 31, iters: 1900, time: 0.053, data: 0.002) G_GAN: 0.345 D_real: 0.218 D_fake: 0.189 G: 1.330 NCE: 1.188 NCE_Y: 0.783 
(epoch: 31, iters: 2000, time: 0.053, data: 0.001) G_GAN: 0.328 D_real: 0.189 D_fake: 0.202 G: 1.267 NCE: 1.087 NCE_Y: 0.792 
(epoch: 31, iters: 2100, time: 0.054, data: 0.001) G_GAN: 0.382 D_real: 0.127 D_fake: 0.211 G: 1.300 NCE: 1.040 NCE_Y: 0.796 
(epoch: 31, iters: 2200, time: 0.054, data: 0.001) G_GAN: 0.311 D_real: 0.155 D_fake: 0.195 G: 1.302 NCE: 1.174 NCE_Y: 0.808 
(epoch: 31, iters: 2300, time: 0.053, data: 0.001) G_GAN: 0.353 D_real: 0.318 D_fake: 0.143 G: 1.327 NCE: 1.088 NCE_Y: 0.859 
(epoch: 31, iters: 2400, time: 0.054, data: 0.001) G_GAN: 0.334 D_real: 0.237 D_fake: 0.192 G: 1.346 NCE: 1.200 NCE_Y: 0.824 
(epoch: 31, iters: 2500, time: 0.053, data: 0.001) G_GAN: 0.285 D_real: 0.157 D_fake: 0.249 G: 1.246 NCE: 1.113 NCE_Y: 0.809 
(epoch: 31, iters: 2600, time: 0.053, data: 0.001) G_GAN: 0.205 D_real: 0.317 D_fake: 0.357 G: 1.207 NCE: 1.188 NCE_Y: 0.815 
(epoch: 31, iters: 2700, time: 0.054, data: 0.001) G_GAN: 0.941 D_real: 0.007 D_fake: 0.004 G: 2.014 NCE: 1.250 NCE_Y: 0.896 
(epoch: 31, iters: 2800, time: 0.053, data: 0.002) G_GAN: 0.969 D_real: 0.005 D_fake: 0.004 G: 2.079 NCE: 1.328 NCE_Y: 0.892 
(epoch: 31, iters: 2900, time: 0.053, data: 0.001) G_GAN: 0.795 D_real: 0.025 D_fake: 0.063 G: 1.843 NCE: 1.224 NCE_Y: 0.873 
(epoch: 31, iters: 3000, time: 0.053, data: 0.002) G_GAN: 0.198 D_real: 0.233 D_fake: 0.343 G: 1.143 NCE: 1.067 NCE_Y: 0.822 
(epoch: 31, iters: 3100, time: 0.053, data: 0.001) G_GAN: 0.353 D_real: 0.084 D_fake: 0.369 G: 1.341 NCE: 1.180 NCE_Y: 0.795 
(epoch: 31, iters: 3200, time: 0.053, data: 0.001) G_GAN: 0.303 D_real: 0.264 D_fake: 0.204 G: 1.231 NCE: 1.052 NCE_Y: 0.803 
(epoch: 31, iters: 3300, time: 0.053, data: 0.001) G_GAN: 0.289 D_real: 0.237 D_fake: 0.284 G: 1.218 NCE: 1.046 NCE_Y: 0.811 
(epoch: 31, iters: 3400, time: 0.053, data: 0.001) G_GAN: 0.259 D_real: 0.226 D_fake: 0.335 G: 1.175 NCE: 1.056 NCE_Y: 0.777 
(epoch: 31, iters: 3500, time: 0.054, data: 0.001) G_GAN: 0.368 D_real: 0.170 D_fake: 0.187 G: 1.329 NCE: 1.127 NCE_Y: 0.795 
(epoch: 31, iters: 3600, time: 0.053, data: 0.002) G_GAN: 0.349 D_real: 0.193 D_fake: 0.210 G: 1.328 NCE: 1.138 NCE_Y: 0.820 
(epoch: 31, iters: 3700, time: 0.054, data: 0.002) G_GAN: 0.328 D_real: 0.368 D_fake: 0.125 G: 1.277 NCE: 1.057 NCE_Y: 0.840 
(epoch: 31, iters: 3800, time: 0.053, data: 0.001) G_GAN: 0.364 D_real: 0.213 D_fake: 0.156 G: 1.285 NCE: 1.060 NCE_Y: 0.783 
saving the latest model (epoch 31, total_iters 245000)
doctr_SELFF_to_SD_fixed_nl2
(epoch: 31, iters: 3900, time: 0.053, data: 0.001) G_GAN: 0.836 D_real: 0.004 D_fake: 0.034 G: 1.976 NCE: 1.436 NCE_Y: 0.843 
(epoch: 31, iters: 4000, time: 0.053, data: 0.001) G_GAN: 0.520 D_real: 0.066 D_fake: 0.137 G: 1.470 NCE: 1.047 NCE_Y: 0.854 
(epoch: 31, iters: 4100, time: 0.053, data: 0.001) G_GAN: 0.244 D_real: 0.370 D_fake: 0.203 G: 1.220 NCE: 1.111 NCE_Y: 0.841 
(epoch: 31, iters: 4200, time: 0.053, data: 0.001) G_GAN: 0.380 D_real: 0.204 D_fake: 0.167 G: 1.292 NCE: 1.033 NCE_Y: 0.790 
(epoch: 31, iters: 4300, time: 0.053, data: 0.001) G_GAN: 0.217 D_real: 0.525 D_fake: 0.113 G: 1.149 NCE: 1.073 NCE_Y: 0.792 
(epoch: 31, iters: 4400, time: 0.053, data: 0.001) G_GAN: 0.445 D_real: 0.032 D_fake: 0.455 G: 1.385 NCE: 1.114 NCE_Y: 0.768 
(epoch: 31, iters: 4500, time: 0.053, data: 0.001) G_GAN: 0.906 D_real: 0.063 D_fake: 0.052 G: 1.858 NCE: 1.078 NCE_Y: 0.826 
(epoch: 31, iters: 4600, time: 0.053, data: 0.001) G_GAN: 0.318 D_real: 0.098 D_fake: 0.276 G: 1.306 NCE: 1.174 NCE_Y: 0.804 
(epoch: 31, iters: 4700, time: 0.052, data: 0.001) G_GAN: 0.411 D_real: 0.295 D_fake: 0.119 G: 1.386 NCE: 1.164 NCE_Y: 0.787 
(epoch: 31, iters: 4800, time: 0.052, data: 0.001) G_GAN: 0.351 D_real: 0.292 D_fake: 0.202 G: 1.324 NCE: 1.121 NCE_Y: 0.823 
(epoch: 31, iters: 4900, time: 0.052, data: 0.002) G_GAN: 0.212 D_real: 0.211 D_fake: 0.319 G: 1.166 NCE: 1.094 NCE_Y: 0.815 
(epoch: 31, iters: 5000, time: 0.053, data: 0.002) G_GAN: 0.258 D_real: 0.471 D_fake: 0.317 G: 1.214 NCE: 1.079 NCE_Y: 0.832 
(epoch: 31, iters: 5100, time: 0.053, data: 0.002) G_GAN: 0.340 D_real: 0.247 D_fake: 0.254 G: 1.287 NCE: 1.099 NCE_Y: 0.795 
(epoch: 31, iters: 5200, time: 0.053, data: 0.001) G_GAN: 0.253 D_real: 0.190 D_fake: 0.344 G: 1.248 NCE: 1.217 NCE_Y: 0.774 
(epoch: 31, iters: 5300, time: 0.053, data: 0.001) G_GAN: 0.305 D_real: 0.110 D_fake: 0.279 G: 1.288 NCE: 1.173 NCE_Y: 0.791 
(epoch: 31, iters: 5400, time: 0.053, data: 0.001) G_GAN: 0.428 D_real: 0.141 D_fake: 0.137 G: 1.412 NCE: 1.174 NCE_Y: 0.794 
(epoch: 31, iters: 5500, time: 0.053, data: 0.001) G_GAN: 0.326 D_real: 0.347 D_fake: 0.184 G: 1.275 NCE: 1.107 NCE_Y: 0.791 
(epoch: 31, iters: 5600, time: 0.053, data: 0.001) G_GAN: 0.305 D_real: 0.378 D_fake: 0.116 G: 1.237 NCE: 1.050 NCE_Y: 0.815 
(epoch: 31, iters: 5700, time: 0.053, data: 0.002) G_GAN: 0.246 D_real: 0.315 D_fake: 0.220 G: 1.215 NCE: 1.116 NCE_Y: 0.822 
(epoch: 31, iters: 5800, time: 0.053, data: 0.001) G_GAN: 0.265 D_real: 0.271 D_fake: 0.223 G: 1.213 NCE: 1.110 NCE_Y: 0.786 
(epoch: 31, iters: 5900, time: 0.053, data: 0.001) G_GAN: 0.330 D_real: 0.182 D_fake: 0.201 G: 1.247 NCE: 1.058 NCE_Y: 0.777 
(epoch: 31, iters: 6000, time: 0.053, data: 0.001) G_GAN: 0.285 D_real: 0.137 D_fake: 0.327 G: 1.260 NCE: 1.148 NCE_Y: 0.803 
(epoch: 31, iters: 6100, time: 0.053, data: 0.001) G_GAN: 0.270 D_real: 0.204 D_fake: 0.278 G: 1.237 NCE: 1.154 NCE_Y: 0.780 
(epoch: 31, iters: 6200, time: 0.053, data: 0.001) G_GAN: 0.318 D_real: 0.248 D_fake: 0.237 G: 1.287 NCE: 1.146 NCE_Y: 0.792 
(epoch: 31, iters: 6300, time: 0.052, data: 0.001) G_GAN: 0.312 D_real: 0.319 D_fake: 0.121 G: 1.275 NCE: 1.125 NCE_Y: 0.801 
(epoch: 31, iters: 6400, time: 0.052, data: 0.002) G_GAN: 0.332 D_real: 0.381 D_fake: 0.150 G: 1.307 NCE: 1.154 NCE_Y: 0.796 
(epoch: 31, iters: 6500, time: 0.053, data: 0.001) G_GAN: 0.289 D_real: 0.190 D_fake: 0.246 G: 1.217 NCE: 1.067 NCE_Y: 0.788 
(epoch: 31, iters: 6600, time: 0.053, data: 0.001) G_GAN: 0.310 D_real: 0.139 D_fake: 0.245 G: 1.292 NCE: 1.168 NCE_Y: 0.796 
(epoch: 31, iters: 6700, time: 0.053, data: 0.002) G_GAN: 0.238 D_real: 0.199 D_fake: 0.316 G: 1.232 NCE: 1.131 NCE_Y: 0.857 
(epoch: 31, iters: 6800, time: 0.053, data: 0.001) G_GAN: 0.933 D_real: 0.019 D_fake: 0.011 G: 2.025 NCE: 1.333 NCE_Y: 0.851 
(epoch: 31, iters: 6900, time: 0.053, data: 0.001) G_GAN: 0.334 D_real: 0.366 D_fake: 0.123 G: 1.295 NCE: 1.063 NCE_Y: 0.859 
(epoch: 31, iters: 7000, time: 0.054, data: 0.002) G_GAN: 0.302 D_real: 0.303 D_fake: 0.214 G: 1.345 NCE: 1.207 NCE_Y: 0.879 
(epoch: 31, iters: 7100, time: 0.053, data: 0.001) G_GAN: 0.284 D_real: 0.257 D_fake: 0.244 G: 1.194 NCE: 1.022 NCE_Y: 0.799 
(epoch: 31, iters: 7200, time: 0.053, data: 0.002) G_GAN: 0.377 D_real: 0.258 D_fake: 0.150 G: 1.356 NCE: 1.146 NCE_Y: 0.811 
(epoch: 31, iters: 7300, time: 0.053, data: 0.002) G_GAN: 0.347 D_real: 0.336 D_fake: 0.140 G: 1.290 NCE: 1.090 NCE_Y: 0.796 
(epoch: 31, iters: 7400, time: 0.053, data: 0.001) G_GAN: 0.384 D_real: 0.276 D_fake: 0.129 G: 1.332 NCE: 1.056 NCE_Y: 0.839 
(epoch: 31, iters: 7500, time: 0.053, data: 0.001) G_GAN: 0.357 D_real: 0.137 D_fake: 0.243 G: 1.285 NCE: 1.057 NCE_Y: 0.798 
(epoch: 31, iters: 7600, time: 0.053, data: 0.001) G_GAN: 0.259 D_real: 0.310 D_fake: 0.169 G: 1.244 NCE: 1.167 NCE_Y: 0.802 
(epoch: 31, iters: 7700, time: 0.053, data: 0.005) G_GAN: 0.237 D_real: 0.249 D_fake: 0.250 G: 1.219 NCE: 1.166 NCE_Y: 0.798 
(epoch: 31, iters: 7800, time: 0.053, data: 0.002) G_GAN: 0.190 D_real: 0.308 D_fake: 0.437 G: 1.244 NCE: 1.280 NCE_Y: 0.828 
(epoch: 31, iters: 7900, time: 0.052, data: 0.001) G_GAN: 0.481 D_real: 0.263 D_fake: 0.268 G: 1.422 NCE: 1.054 NCE_Y: 0.829 
(epoch: 31, iters: 8000, time: 0.052, data: 0.001) G_GAN: 0.333 D_real: 0.309 D_fake: 0.311 G: 1.306 NCE: 1.146 NCE_Y: 0.800 
End of epoch 31 / 60 	 Time Taken: 441 sec
learning rate = 0.0001871
(epoch: 32, iters: 60, time: 0.052, data: 0.001) G_GAN: 0.271 D_real: 0.360 D_fake: 0.198 G: 1.238 NCE: 1.129 NCE_Y: 0.806 
(epoch: 32, iters: 160, time: 0.053, data: 0.001) G_GAN: 0.383 D_real: 0.203 D_fake: 0.222 G: 1.348 NCE: 1.121 NCE_Y: 0.809 
(epoch: 32, iters: 260, time: 0.053, data: 0.001) G_GAN: 0.190 D_real: 0.242 D_fake: 0.383 G: 1.152 NCE: 1.160 NCE_Y: 0.764 
(epoch: 32, iters: 360, time: 0.053, data: 0.001) G_GAN: 0.276 D_real: 0.342 D_fake: 0.173 G: 1.255 NCE: 1.119 NCE_Y: 0.838 
(epoch: 32, iters: 460, time: 0.053, data: 0.001) G_GAN: 0.328 D_real: 0.178 D_fake: 0.239 G: 1.284 NCE: 1.119 NCE_Y: 0.792 
(epoch: 32, iters: 560, time: 0.053, data: 0.001) G_GAN: 0.460 D_real: 0.442 D_fake: 0.071 G: 1.448 NCE: 1.128 NCE_Y: 0.847 
(epoch: 32, iters: 660, time: 0.053, data: 0.001) G_GAN: 1.083 D_real: 0.050 D_fake: 0.021 G: 2.060 NCE: 1.135 NCE_Y: 0.819 
(epoch: 32, iters: 760, time: 0.052, data: 0.002) G_GAN: 0.926 D_real: 0.015 D_fake: 0.042 G: 1.910 NCE: 1.145 NCE_Y: 0.823 
saving the latest model (epoch 32, total_iters 250000)
doctr_SELFF_to_SD_fixed_nl2
(epoch: 32, iters: 860, time: 0.052, data: 0.001) G_GAN: 0.239 D_real: 0.134 D_fake: 0.302 G: 1.199 NCE: 1.125 NCE_Y: 0.797 
(epoch: 32, iters: 960, time: 0.053, data: 0.001) G_GAN: 0.214 D_real: 0.466 D_fake: 0.172 G: 1.200 NCE: 1.183 NCE_Y: 0.789 
(epoch: 32, iters: 1060, time: 0.052, data: 0.001) G_GAN: 0.446 D_real: 0.116 D_fake: 0.226 G: 1.453 NCE: 1.183 NCE_Y: 0.831 
(epoch: 32, iters: 1160, time: 0.053, data: 0.001) G_GAN: 0.344 D_real: 0.224 D_fake: 0.237 G: 1.284 NCE: 1.048 NCE_Y: 0.831 
(epoch: 32, iters: 1260, time: 0.053, data: 0.002) G_GAN: 0.301 D_real: 0.197 D_fake: 0.226 G: 1.257 NCE: 1.069 NCE_Y: 0.843 
(epoch: 32, iters: 1360, time: 0.053, data: 0.001) G_GAN: 0.224 D_real: 0.367 D_fake: 0.170 G: 1.185 NCE: 1.107 NCE_Y: 0.816 
(epoch: 32, iters: 1460, time: 0.052, data: 0.001) G_GAN: 0.448 D_real: 0.122 D_fake: 0.230 G: 1.410 NCE: 1.119 NCE_Y: 0.805 
(epoch: 32, iters: 1560, time: 0.053, data: 0.001) G_GAN: 0.283 D_real: 0.176 D_fake: 0.280 G: 1.251 NCE: 1.142 NCE_Y: 0.793 
(epoch: 32, iters: 1660, time: 0.053, data: 0.002) G_GAN: 0.283 D_real: 0.187 D_fake: 0.246 G: 1.231 NCE: 1.073 NCE_Y: 0.822 
(epoch: 32, iters: 1760, time: 0.053, data: 0.001) G_GAN: 0.399 D_real: 0.255 D_fake: 0.189 G: 1.340 NCE: 1.067 NCE_Y: 0.815 
(epoch: 32, iters: 1860, time: 0.053, data: 0.003) G_GAN: 0.350 D_real: 0.222 D_fake: 0.187 G: 1.313 NCE: 1.120 NCE_Y: 0.806 
(epoch: 32, iters: 1960, time: 0.053, data: 0.001) G_GAN: 0.352 D_real: 0.142 D_fake: 0.353 G: 1.343 NCE: 1.185 NCE_Y: 0.798 
(epoch: 32, iters: 2060, time: 0.053, data: 0.001) G_GAN: 0.340 D_real: 0.375 D_fake: 0.163 G: 1.306 NCE: 1.111 NCE_Y: 0.822 
(epoch: 32, iters: 2160, time: 0.054, data: 0.001) G_GAN: 0.311 D_real: 0.307 D_fake: 0.180 G: 1.284 NCE: 1.049 NCE_Y: 0.897 
(epoch: 32, iters: 2260, time: 0.053, data: 0.001) G_GAN: 0.282 D_real: 0.414 D_fake: 0.213 G: 1.322 NCE: 1.254 NCE_Y: 0.826 
(epoch: 32, iters: 2360, time: 0.053, data: 0.001) G_GAN: 0.311 D_real: 0.233 D_fake: 0.194 G: 1.247 NCE: 1.031 NCE_Y: 0.839 
(epoch: 32, iters: 2460, time: 0.053, data: 0.002) G_GAN: 0.188 D_real: 0.310 D_fake: 0.352 G: 1.216 NCE: 1.190 NCE_Y: 0.867 
(epoch: 32, iters: 2560, time: 0.053, data: 0.001) G_GAN: 0.249 D_real: 0.417 D_fake: 0.177 G: 1.206 NCE: 1.090 NCE_Y: 0.824 
(epoch: 32, iters: 2660, time: 0.053, data: 0.001) G_GAN: 0.275 D_real: 0.156 D_fake: 0.363 G: 1.182 NCE: 1.022 NCE_Y: 0.791 
(epoch: 32, iters: 2760, time: 0.053, data: 0.001) G_GAN: 0.279 D_real: 0.205 D_fake: 0.253 G: 1.322 NCE: 1.244 NCE_Y: 0.843 
(epoch: 32, iters: 2860, time: 0.053, data: 0.001) G_GAN: 0.288 D_real: 0.198 D_fake: 0.213 G: 1.205 NCE: 1.040 NCE_Y: 0.794 
(epoch: 32, iters: 2960, time: 0.053, data: 0.002) G_GAN: 0.363 D_real: 0.203 D_fake: 0.152 G: 1.288 NCE: 1.066 NCE_Y: 0.784 
(epoch: 32, iters: 3060, time: 0.053, data: 0.001) G_GAN: 0.308 D_real: 0.173 D_fake: 0.246 G: 1.273 NCE: 1.115 NCE_Y: 0.815 
(epoch: 32, iters: 3160, time: 0.053, data: 0.001) G_GAN: 0.305 D_real: 0.391 D_fake: 0.104 G: 1.225 NCE: 1.033 NCE_Y: 0.806 
(epoch: 32, iters: 3260, time: 0.053, data: 0.001) G_GAN: 0.184 D_real: 0.239 D_fake: 0.416 G: 1.179 NCE: 1.125 NCE_Y: 0.866 
(epoch: 32, iters: 3360, time: 0.053, data: 0.002) G_GAN: 0.449 D_real: 0.132 D_fake: 0.244 G: 1.432 NCE: 1.124 NCE_Y: 0.842 
(epoch: 32, iters: 3460, time: 0.053, data: 0.001) G_GAN: 0.226 D_real: 0.390 D_fake: 0.312 G: 1.178 NCE: 1.080 NCE_Y: 0.824 
(epoch: 32, iters: 3560, time: 0.053, data: 0.001) G_GAN: 0.277 D_real: 0.460 D_fake: 0.111 G: 1.238 NCE: 1.090 NCE_Y: 0.833 
(epoch: 32, iters: 3660, time: 0.053, data: 0.002) G_GAN: 0.361 D_real: 0.193 D_fake: 0.206 G: 1.281 NCE: 1.018 NCE_Y: 0.823 
(epoch: 32, iters: 3760, time: 0.052, data: 0.002) G_GAN: 0.254 D_real: 0.208 D_fake: 0.377 G: 1.222 NCE: 1.120 NCE_Y: 0.818 
(epoch: 32, iters: 3860, time: 0.053, data: 0.001) G_GAN: 0.352 D_real: 0.344 D_fake: 0.102 G: 1.267 NCE: 1.018 NCE_Y: 0.813 
(epoch: 32, iters: 3960, time: 0.053, data: 0.001) G_GAN: 0.351 D_real: 0.158 D_fake: 0.224 G: 1.361 NCE: 1.185 NCE_Y: 0.835 
(epoch: 32, iters: 4060, time: 0.052, data: 0.001) G_GAN: 1.044 D_real: 0.110 D_fake: 0.062 G: 2.021 NCE: 1.076 NCE_Y: 0.878 
(epoch: 32, iters: 4160, time: 0.052, data: 0.001) G_GAN: 0.965 D_real: 0.005 D_fake: 0.009 G: 1.956 NCE: 1.060 NCE_Y: 0.924 
(epoch: 32, iters: 4260, time: 0.053, data: 0.001) G_GAN: 0.993 D_real: 0.004 D_fake: 0.003 G: 2.035 NCE: 1.105 NCE_Y: 0.979 
(epoch: 32, iters: 4360, time: 0.053, data: 0.001) G_GAN: 1.031 D_real: 0.004 D_fake: 0.008 G: 2.077 NCE: 1.124 NCE_Y: 0.967 
(epoch: 32, iters: 4460, time: 0.052, data: 0.002) G_GAN: 1.036 D_real: 0.004 D_fake: 0.011 G: 2.150 NCE: 1.271 NCE_Y: 0.957 
(epoch: 32, iters: 4560, time: 0.053, data: 0.002) G_GAN: 1.021 D_real: 0.002 D_fake: 0.010 G: 2.120 NCE: 1.237 NCE_Y: 0.962 
(epoch: 32, iters: 4660, time: 0.053, data: 0.001) G_GAN: 1.072 D_real: 0.004 D_fake: 0.012 G: 2.167 NCE: 1.254 NCE_Y: 0.936 
(epoch: 32, iters: 4760, time: 0.053, data: 0.002) G_GAN: 0.936 D_real: 0.005 D_fake: 0.016 G: 2.064 NCE: 1.304 NCE_Y: 0.951 
(epoch: 32, iters: 4860, time: 0.053, data: 0.002) G_GAN: 1.143 D_real: 0.003 D_fake: 0.016 G: 2.219 NCE: 1.246 NCE_Y: 0.906 
(epoch: 32, iters: 4960, time: 0.053, data: 0.001) G_GAN: 0.942 D_real: 0.004 D_fake: 0.010 G: 2.044 NCE: 1.280 NCE_Y: 0.925 
(epoch: 32, iters: 5060, time: 0.053, data: 0.001) G_GAN: 0.372 D_real: 0.318 D_fake: 0.183 G: 1.374 NCE: 1.068 NCE_Y: 0.937 
(epoch: 32, iters: 5160, time: 0.053, data: 0.001) G_GAN: 0.306 D_real: 0.239 D_fake: 0.207 G: 1.288 NCE: 1.097 NCE_Y: 0.868 
(epoch: 32, iters: 5260, time: 0.053, data: 0.002) G_GAN: 0.360 D_real: 0.339 D_fake: 0.092 G: 1.333 NCE: 1.083 NCE_Y: 0.863 
(epoch: 32, iters: 5360, time: 0.053, data: 0.001) G_GAN: 0.204 D_real: 0.212 D_fake: 0.341 G: 1.209 NCE: 1.142 NCE_Y: 0.869 
(epoch: 32, iters: 5460, time: 0.053, data: 0.001) G_GAN: 0.235 D_real: 0.536 D_fake: 0.130 G: 1.209 NCE: 1.099 NCE_Y: 0.850 
(epoch: 32, iters: 5560, time: 0.053, data: 0.001) G_GAN: 0.294 D_real: 0.228 D_fake: 0.250 G: 1.253 NCE: 1.069 NCE_Y: 0.848 
(epoch: 32, iters: 5660, time: 0.052, data: 0.001) G_GAN: 0.331 D_real: 0.170 D_fake: 0.234 G: 1.303 NCE: 1.044 NCE_Y: 0.900 
(epoch: 32, iters: 5760, time: 0.052, data: 0.001) G_GAN: 0.324 D_real: 0.323 D_fake: 0.152 G: 1.368 NCE: 1.211 NCE_Y: 0.878 
saving the latest model (epoch 32, total_iters 255000)
doctr_SELFF_to_SD_fixed_nl2
(epoch: 32, iters: 5860, time: 0.053, data: 0.001) G_GAN: 0.304 D_real: 0.324 D_fake: 0.133 G: 1.275 NCE: 1.096 NCE_Y: 0.847 
(epoch: 32, iters: 5960, time: 0.053, data: 0.001) G_GAN: 0.322 D_real: 0.223 D_fake: 0.244 G: 1.295 NCE: 1.122 NCE_Y: 0.823 
(epoch: 32, iters: 6060, time: 0.053, data: 0.001) G_GAN: 0.345 D_real: 0.123 D_fake: 0.248 G: 1.318 NCE: 1.122 NCE_Y: 0.824 
(epoch: 32, iters: 6160, time: 0.052, data: 0.001) G_GAN: 0.251 D_real: 0.262 D_fake: 0.279 G: 1.259 NCE: 1.149 NCE_Y: 0.868 
(epoch: 32, iters: 6260, time: 0.053, data: 0.001) G_GAN: 0.323 D_real: 0.173 D_fake: 0.283 G: 1.283 NCE: 1.074 NCE_Y: 0.846 
(epoch: 32, iters: 6360, time: 0.053, data: 0.001) G_GAN: 0.293 D_real: 0.167 D_fake: 0.292 G: 1.266 NCE: 1.091 NCE_Y: 0.855 
(epoch: 32, iters: 6460, time: 0.053, data: 0.001) G_GAN: 0.335 D_real: 0.173 D_fake: 0.304 G: 1.301 NCE: 1.108 NCE_Y: 0.824 
(epoch: 32, iters: 6560, time: 0.053, data: 0.001) G_GAN: 0.289 D_real: 0.264 D_fake: 0.223 G: 1.237 NCE: 1.066 NCE_Y: 0.830 
(epoch: 32, iters: 6660, time: 0.053, data: 0.001) G_GAN: 0.263 D_real: 0.194 D_fake: 0.273 G: 1.197 NCE: 1.037 NCE_Y: 0.830 
(epoch: 32, iters: 6760, time: 0.053, data: 0.001) G_GAN: 0.293 D_real: 0.291 D_fake: 0.240 G: 1.264 NCE: 1.092 NCE_Y: 0.851 
(epoch: 32, iters: 6860, time: 0.054, data: 0.001) G_GAN: 0.234 D_real: 0.248 D_fake: 0.327 G: 1.231 NCE: 1.157 NCE_Y: 0.839 
(epoch: 32, iters: 6960, time: 0.054, data: 0.002) G_GAN: 0.366 D_real: 0.303 D_fake: 0.117 G: 1.298 NCE: 1.040 NCE_Y: 0.825 
(epoch: 32, iters: 7060, time: 0.054, data: 0.002) G_GAN: 0.237 D_real: 0.292 D_fake: 0.272 G: 1.192 NCE: 1.078 NCE_Y: 0.833 
(epoch: 32, iters: 7160, time: 0.053, data: 0.002) G_GAN: 0.255 D_real: 0.214 D_fake: 0.289 G: 1.192 NCE: 1.068 NCE_Y: 0.806 
(epoch: 32, iters: 7260, time: 0.053, data: 0.001) G_GAN: 0.314 D_real: 0.170 D_fake: 0.239 G: 1.289 NCE: 1.113 NCE_Y: 0.836 
(epoch: 32, iters: 7360, time: 0.053, data: 0.001) G_GAN: 0.286 D_real: 0.236 D_fake: 0.165 G: 1.259 NCE: 1.136 NCE_Y: 0.810 
(epoch: 32, iters: 7460, time: 0.052, data: 0.001) G_GAN: 0.296 D_real: 0.130 D_fake: 0.268 G: 1.231 NCE: 1.075 NCE_Y: 0.795 
(epoch: 32, iters: 7560, time: 0.052, data: 0.001) G_GAN: 0.395 D_real: 0.314 D_fake: 0.174 G: 1.429 NCE: 1.204 NCE_Y: 0.864 
(epoch: 32, iters: 7660, time: 0.052, data: 0.001) G_GAN: 0.364 D_real: 0.385 D_fake: 0.123 G: 1.292 NCE: 1.074 NCE_Y: 0.783 
(epoch: 32, iters: 7760, time: 0.053, data: 0.001) G_GAN: 0.278 D_real: 0.220 D_fake: 0.352 G: 1.288 NCE: 1.184 NCE_Y: 0.834 
(epoch: 32, iters: 7860, time: 0.052, data: 0.001) G_GAN: 0.457 D_real: 0.152 D_fake: 0.168 G: 1.417 NCE: 1.123 NCE_Y: 0.799 
(epoch: 32, iters: 7960, time: 0.052, data: 0.002) G_GAN: 0.286 D_real: 0.285 D_fake: 0.238 G: 1.329 NCE: 1.189 NCE_Y: 0.897 
End of epoch 32 / 60 	 Time Taken: 440 sec
learning rate = 0.0001806
(epoch: 33, iters: 20, time: 0.052, data: 0.001) G_GAN: 0.267 D_real: 0.405 D_fake: 0.176 G: 1.246 NCE: 1.134 NCE_Y: 0.824 
(epoch: 33, iters: 120, time: 0.052, data: 0.001) G_GAN: 0.380 D_real: 0.164 D_fake: 0.232 G: 1.409 NCE: 1.242 NCE_Y: 0.816 
(epoch: 33, iters: 220, time: 0.052, data: 0.001) G_GAN: 0.406 D_real: 0.155 D_fake: 0.165 G: 1.371 NCE: 1.110 NCE_Y: 0.819 
(epoch: 33, iters: 320, time: 0.053, data: 0.001) G_GAN: 0.356 D_real: 0.221 D_fake: 0.205 G: 1.350 NCE: 1.183 NCE_Y: 0.805 
(epoch: 33, iters: 420, time: 0.053, data: 0.002) G_GAN: 0.226 D_real: 0.407 D_fake: 0.214 G: 1.229 NCE: 1.204 NCE_Y: 0.802 
(epoch: 33, iters: 520, time: 0.053, data: 0.001) G_GAN: 0.233 D_real: 0.265 D_fake: 0.212 G: 1.154 NCE: 1.037 NCE_Y: 0.805 
(epoch: 33, iters: 620, time: 0.053, data: 0.001) G_GAN: 1.112 D_real: 0.059 D_fake: 0.211 G: 2.116 NCE: 1.153 NCE_Y: 0.856 
(epoch: 33, iters: 720, time: 0.053, data: 0.001) G_GAN: 0.258 D_real: 0.206 D_fake: 0.316 G: 1.252 NCE: 1.211 NCE_Y: 0.776 
(epoch: 33, iters: 820, time: 0.053, data: 0.001) G_GAN: 0.303 D_real: 0.349 D_fake: 0.136 G: 1.242 NCE: 1.085 NCE_Y: 0.792 
(epoch: 33, iters: 920, time: 0.053, data: 0.001) G_GAN: 0.277 D_real: 0.256 D_fake: 0.220 G: 1.272 NCE: 1.186 NCE_Y: 0.804 
(epoch: 33, iters: 1020, time: 0.052, data: 0.001) G_GAN: 0.232 D_real: 0.365 D_fake: 0.301 G: 1.160 NCE: 1.062 NCE_Y: 0.793 
(epoch: 33, iters: 1120, time: 0.053, data: 0.001) G_GAN: 0.344 D_real: 0.106 D_fake: 0.285 G: 1.271 NCE: 1.092 NCE_Y: 0.762 
(epoch: 33, iters: 1220, time: 0.053, data: 0.001) G_GAN: 1.023 D_real: 0.008 D_fake: 0.006 G: 2.141 NCE: 1.372 NCE_Y: 0.864 
(epoch: 33, iters: 1320, time: 0.053, data: 0.001) G_GAN: 0.962 D_real: 0.007 D_fake: 0.004 G: 2.064 NCE: 1.301 NCE_Y: 0.902 
(epoch: 33, iters: 1420, time: 0.053, data: 0.001) G_GAN: 0.978 D_real: 0.007 D_fake: 0.003 G: 2.089 NCE: 1.302 NCE_Y: 0.919 
(epoch: 33, iters: 1520, time: 0.053, data: 0.001) G_GAN: 1.018 D_real: 0.004 D_fake: 0.006 G: 2.130 NCE: 1.295 NCE_Y: 0.929 
(epoch: 33, iters: 1620, time: 0.053, data: 0.002) G_GAN: 1.040 D_real: 0.002 D_fake: 0.012 G: 2.144 NCE: 1.286 NCE_Y: 0.921 
(epoch: 33, iters: 1720, time: 0.053, data: 0.002) G_GAN: 1.032 D_real: 0.005 D_fake: 0.013 G: 2.170 NCE: 1.330 NCE_Y: 0.948 
(epoch: 33, iters: 1820, time: 0.053, data: 0.002) G_GAN: 1.015 D_real: 0.004 D_fake: 0.011 G: 2.114 NCE: 1.271 NCE_Y: 0.926 
(epoch: 33, iters: 1920, time: 0.053, data: 0.001) G_GAN: 1.021 D_real: 0.002 D_fake: 0.003 G: 2.129 NCE: 1.252 NCE_Y: 0.963 
(epoch: 33, iters: 2020, time: 0.053, data: 0.001) G_GAN: 0.982 D_real: 0.005 D_fake: 0.006 G: 2.073 NCE: 1.243 NCE_Y: 0.940 
(epoch: 33, iters: 2120, time: 0.053, data: 0.002) G_GAN: 1.018 D_real: 0.003 D_fake: 0.004 G: 2.077 NCE: 1.217 NCE_Y: 0.901 
(epoch: 33, iters: 2220, time: 0.053, data: 0.001) G_GAN: 0.999 D_real: 0.003 D_fake: 0.017 G: 2.058 NCE: 1.216 NCE_Y: 0.902 
(epoch: 33, iters: 2320, time: 0.053, data: 0.001) G_GAN: 1.098 D_real: 0.004 D_fake: 0.023 G: 2.178 NCE: 1.277 NCE_Y: 0.883 
(epoch: 33, iters: 2420, time: 0.053, data: 0.001) G_GAN: 1.006 D_real: 0.003 D_fake: 0.005 G: 2.081 NCE: 1.219 NCE_Y: 0.931 
(epoch: 33, iters: 2520, time: 0.053, data: 0.002) G_GAN: 1.053 D_real: 0.003 D_fake: 0.011 G: 2.119 NCE: 1.237 NCE_Y: 0.894 
(epoch: 33, iters: 2620, time: 0.053, data: 0.001) G_GAN: 1.007 D_real: 0.007 D_fake: 0.010 G: 2.102 NCE: 1.255 NCE_Y: 0.936 
(epoch: 33, iters: 2720, time: 0.054, data: 0.002) G_GAN: 0.991 D_real: 0.004 D_fake: 0.009 G: 2.067 NCE: 1.279 NCE_Y: 0.872 
saving the latest model (epoch 33, total_iters 260000)
doctr_SELFF_to_SD_fixed_nl2
(epoch: 33, iters: 2820, time: 0.054, data: 0.001) G_GAN: 1.052 D_real: 0.001 D_fake: 0.009 G: 2.106 NCE: 1.229 NCE_Y: 0.880 
(epoch: 33, iters: 2920, time: 0.054, data: 0.001) G_GAN: 0.963 D_real: 0.002 D_fake: 0.004 G: 2.089 NCE: 1.283 NCE_Y: 0.969 
(epoch: 33, iters: 3020, time: 0.054, data: 0.001) G_GAN: 1.016 D_real: 0.003 D_fake: 0.004 G: 2.091 NCE: 1.219 NCE_Y: 0.931 
(epoch: 33, iters: 3120, time: 0.055, data: 0.001) G_GAN: 1.065 D_real: 0.004 D_fake: 0.004 G: 2.165 NCE: 1.311 NCE_Y: 0.889 
(epoch: 33, iters: 3220, time: 0.055, data: 0.002) G_GAN: 1.008 D_real: 0.004 D_fake: 0.006 G: 2.085 NCE: 1.243 NCE_Y: 0.912 
(epoch: 33, iters: 3320, time: 0.054, data: 0.002) G_GAN: 1.003 D_real: 0.003 D_fake: 0.008 G: 2.081 NCE: 1.254 NCE_Y: 0.901 
(epoch: 33, iters: 3420, time: 0.054, data: 0.001) G_GAN: 0.997 D_real: 0.005 D_fake: 0.005 G: 2.066 NCE: 1.241 NCE_Y: 0.896 
(epoch: 33, iters: 3520, time: 0.055, data: 0.001) G_GAN: 1.005 D_real: 0.006 D_fake: 0.018 G: 2.076 NCE: 1.248 NCE_Y: 0.894 
(epoch: 33, iters: 3620, time: 0.055, data: 0.001) G_GAN: 1.055 D_real: 0.002 D_fake: 0.008 G: 2.127 NCE: 1.233 NCE_Y: 0.912 
(epoch: 33, iters: 3720, time: 0.054, data: 0.002) G_GAN: 0.988 D_real: 0.002 D_fake: 0.004 G: 2.121 NCE: 1.357 NCE_Y: 0.910 
(epoch: 33, iters: 3820, time: 0.053, data: 0.002) G_GAN: 1.045 D_real: 0.001 D_fake: 0.004 G: 2.157 NCE: 1.322 NCE_Y: 0.900 
(epoch: 33, iters: 3920, time: 0.054, data: 0.001) G_GAN: 0.999 D_real: 0.002 D_fake: 0.007 G: 2.046 NCE: 1.217 NCE_Y: 0.877 
(epoch: 33, iters: 4020, time: 0.055, data: 0.002) G_GAN: 1.031 D_real: 0.004 D_fake: 0.003 G: 2.116 NCE: 1.307 NCE_Y: 0.863 
(epoch: 33, iters: 4120, time: 0.055, data: 0.002) G_GAN: 0.988 D_real: 0.005 D_fake: 0.004 G: 2.060 NCE: 1.241 NCE_Y: 0.903 
(epoch: 33, iters: 4220, time: 0.054, data: 0.001) G_GAN: 0.977 D_real: 0.006 D_fake: 0.005 G: 2.096 NCE: 1.364 NCE_Y: 0.874 
(epoch: 33, iters: 4320, time: 0.054, data: 0.001) G_GAN: 1.007 D_real: 0.001 D_fake: 0.010 G: 2.059 NCE: 1.231 NCE_Y: 0.874 
(epoch: 33, iters: 4420, time: 0.055, data: 0.001) G_GAN: 0.987 D_real: 0.002 D_fake: 0.006 G: 2.048 NCE: 1.260 NCE_Y: 0.862 
(epoch: 33, iters: 4520, time: 0.055, data: 0.001) G_GAN: 0.891 D_real: 0.040 D_fake: 0.057 G: 2.022 NCE: 1.377 NCE_Y: 0.883 
(epoch: 33, iters: 4620, time: 0.055, data: 0.002) G_GAN: 0.990 D_real: 0.002 D_fake: 0.004 G: 2.101 NCE: 1.309 NCE_Y: 0.913 
(epoch: 33, iters: 4720, time: 0.055, data: 0.001) G_GAN: 0.964 D_real: 0.002 D_fake: 0.001 G: 2.034 NCE: 1.308 NCE_Y: 0.832 
(epoch: 33, iters: 4820, time: 0.055, data: 0.001) G_GAN: 1.054 D_real: 0.003 D_fake: 0.005 G: 2.122 NCE: 1.295 NCE_Y: 0.841 
(epoch: 33, iters: 4920, time: 0.055, data: 0.001) G_GAN: 1.020 D_real: 0.005 D_fake: 0.008 G: 2.094 NCE: 1.304 NCE_Y: 0.843 
(epoch: 33, iters: 5020, time: 0.055, data: 0.001) G_GAN: 1.001 D_real: 0.001 D_fake: 0.006 G: 2.091 NCE: 1.339 NCE_Y: 0.841 
(epoch: 33, iters: 5120, time: 0.055, data: 0.001) G_GAN: 0.941 D_real: 0.006 D_fake: 0.005 G: 2.006 NCE: 1.249 NCE_Y: 0.880 
(epoch: 33, iters: 5220, time: 0.055, data: 0.001) G_GAN: 1.027 D_real: 0.002 D_fake: 0.003 G: 2.061 NCE: 1.231 NCE_Y: 0.838 
(epoch: 33, iters: 5320, time: 0.054, data: 0.001) G_GAN: 0.972 D_real: 0.002 D_fake: 0.001 G: 2.020 NCE: 1.225 NCE_Y: 0.871 
(epoch: 33, iters: 5420, time: 0.054, data: 0.001) G_GAN: 1.011 D_real: 0.001 D_fake: 0.002 G: 2.068 NCE: 1.252 NCE_Y: 0.862 
(epoch: 33, iters: 5520, time: 0.054, data: 0.001) G_GAN: 0.966 D_real: 0.001 D_fake: 0.002 G: 2.036 NCE: 1.246 NCE_Y: 0.894 
(epoch: 33, iters: 5620, time: 0.054, data: 0.002) G_GAN: 0.995 D_real: 0.001 D_fake: 0.003 G: 2.011 NCE: 1.196 NCE_Y: 0.837 
(epoch: 33, iters: 5720, time: 0.054, data: 0.001) G_GAN: 0.980 D_real: 0.008 D_fake: 0.002 G: 2.027 NCE: 1.255 NCE_Y: 0.841 
(epoch: 33, iters: 5820, time: 0.054, data: 0.002) G_GAN: 0.996 D_real: 0.004 D_fake: 0.003 G: 2.016 NCE: 1.200 NCE_Y: 0.840 
(epoch: 33, iters: 5920, time: 0.054, data: 0.002) G_GAN: 1.033 D_real: 0.002 D_fake: 0.004 G: 2.074 NCE: 1.216 NCE_Y: 0.867 
(epoch: 33, iters: 6020, time: 0.054, data: 0.001) G_GAN: 1.002 D_real: 0.002 D_fake: 0.009 G: 2.043 NCE: 1.214 NCE_Y: 0.867 
(epoch: 33, iters: 6120, time: 0.054, data: 0.001) G_GAN: 0.982 D_real: 0.003 D_fake: 0.004 G: 2.033 NCE: 1.241 NCE_Y: 0.862 
(epoch: 33, iters: 6220, time: 0.054, data: 0.002) G_GAN: 1.012 D_real: 0.003 D_fake: 0.003 G: 2.047 NCE: 1.228 NCE_Y: 0.842 
(epoch: 33, iters: 6320, time: 0.054, data: 0.002) G_GAN: 0.996 D_real: 0.001 D_fake: 0.001 G: 2.017 NCE: 1.189 NCE_Y: 0.853 
(epoch: 33, iters: 6420, time: 0.054, data: 0.001) G_GAN: 0.984 D_real: 0.001 D_fake: 0.002 G: 2.044 NCE: 1.258 NCE_Y: 0.862 
(epoch: 33, iters: 6520, time: 0.055, data: 0.001) G_GAN: 1.013 D_real: 0.002 D_fake: 0.002 G: 2.032 NCE: 1.209 NCE_Y: 0.830 
(epoch: 33, iters: 6620, time: 0.055, data: 0.001) G_GAN: 0.967 D_real: 0.003 D_fake: 0.003 G: 2.006 NCE: 1.211 NCE_Y: 0.866 
(epoch: 33, iters: 6720, time: 0.055, data: 0.001) G_GAN: 1.000 D_real: 0.001 D_fake: 0.004 G: 2.030 NCE: 1.207 NCE_Y: 0.852 
(epoch: 33, iters: 6820, time: 0.055, data: 0.001) G_GAN: 1.026 D_real: 0.001 D_fake: 0.003 G: 2.039 NCE: 1.198 NCE_Y: 0.829 
(epoch: 33, iters: 6920, time: 0.055, data: 0.001) G_GAN: 1.062 D_real: 0.004 D_fake: 0.006 G: 2.081 NCE: 1.220 NCE_Y: 0.818 
(epoch: 33, iters: 7020, time: 0.055, data: 0.002) G_GAN: 1.035 D_real: 0.001 D_fake: 0.004 G: 2.029 NCE: 1.188 NCE_Y: 0.800 
(epoch: 33, iters: 7120, time: 0.055, data: 0.001) G_GAN: 1.014 D_real: 0.001 D_fake: 0.002 G: 2.009 NCE: 1.180 NCE_Y: 0.809 
(epoch: 33, iters: 7220, time: 0.055, data: 0.002) G_GAN: 1.020 D_real: 0.001 D_fake: 0.002 G: 2.036 NCE: 1.227 NCE_Y: 0.805 
(epoch: 33, iters: 7320, time: 0.055, data: 0.001) G_GAN: 1.021 D_real: 0.002 D_fake: 0.002 G: 2.021 NCE: 1.193 NCE_Y: 0.806 
(epoch: 33, iters: 7420, time: 0.054, data: 0.001) G_GAN: 1.005 D_real: 0.001 D_fake: 0.004 G: 1.992 NCE: 1.178 NCE_Y: 0.796 
(epoch: 33, iters: 7520, time: 0.054, data: 0.001) G_GAN: 0.915 D_real: 0.003 D_fake: 0.010 G: 1.911 NCE: 1.187 NCE_Y: 0.805 
(epoch: 33, iters: 7620, time: 0.054, data: 0.002) G_GAN: 0.952 D_real: 0.012 D_fake: 0.007 G: 1.963 NCE: 1.222 NCE_Y: 0.800 
(epoch: 33, iters: 7720, time: 0.054, data: 0.001) G_GAN: 1.011 D_real: 0.001 D_fake: 0.004 G: 1.995 NCE: 1.177 NCE_Y: 0.792 
saving the latest model (epoch 33, total_iters 265000)
doctr_SELFF_to_SD_fixed_nl2
(epoch: 33, iters: 7820, time: 0.054, data: 0.002) G_GAN: 0.995 D_real: 0.002 D_fake: 0.002 G: 2.022 NCE: 1.241 NCE_Y: 0.814 
(epoch: 33, iters: 7920, time: 0.055, data: 0.001) G_GAN: 1.001 D_real: 0.001 D_fake: 0.003 G: 2.011 NCE: 1.228 NCE_Y: 0.792 
(epoch: 33, iters: 8020, time: 0.055, data: 0.002) G_GAN: 1.006 D_real: 0.002 D_fake: 0.003 G: 2.030 NCE: 1.208 NCE_Y: 0.840 
End of epoch 33 / 60 	 Time Taken: 450 sec
learning rate = 0.0001742
(epoch: 34, iters: 80, time: 0.055, data: 0.001) G_GAN: 1.012 D_real: 0.005 D_fake: 0.006 G: 1.999 NCE: 1.183 NCE_Y: 0.790 
(epoch: 34, iters: 180, time: 0.055, data: 0.001) G_GAN: 0.976 D_real: 0.003 D_fake: 0.004 G: 1.973 NCE: 1.199 NCE_Y: 0.796 
(epoch: 34, iters: 280, time: 0.055, data: 0.001) G_GAN: 0.996 D_real: 0.002 D_fake: 0.006 G: 1.999 NCE: 1.200 NCE_Y: 0.806 
(epoch: 34, iters: 380, time: 0.055, data: 0.001) G_GAN: 0.536 D_real: 0.181 D_fake: 0.092 G: 1.529 NCE: 1.133 NCE_Y: 0.853 
(epoch: 34, iters: 480, time: 0.055, data: 0.001) G_GAN: 0.267 D_real: 0.148 D_fake: 0.286 G: 1.237 NCE: 1.070 NCE_Y: 0.871 
(epoch: 34, iters: 580, time: 0.055, data: 0.001) G_GAN: 0.551 D_real: 0.057 D_fake: 0.131 G: 1.545 NCE: 1.130 NCE_Y: 0.858 
(epoch: 34, iters: 680, time: 0.055, data: 0.001) G_GAN: 0.898 D_real: 0.019 D_fake: 0.013 G: 1.844 NCE: 1.047 NCE_Y: 0.846 
(epoch: 34, iters: 780, time: 0.055, data: 0.001) G_GAN: 0.498 D_real: 0.151 D_fake: 0.170 G: 1.420 NCE: 1.019 NCE_Y: 0.826 
(epoch: 34, iters: 880, time: 0.055, data: 0.006) G_GAN: 0.724 D_real: 0.088 D_fake: 0.039 G: 1.844 NCE: 1.398 NCE_Y: 0.842 
(epoch: 34, iters: 980, time: 0.055, data: 0.001) G_GAN: 0.808 D_real: 0.017 D_fake: 0.130 G: 1.773 NCE: 1.094 NCE_Y: 0.836 
(epoch: 34, iters: 1080, time: 0.055, data: 0.001) G_GAN: 0.533 D_real: 0.084 D_fake: 0.108 G: 1.459 NCE: 1.038 NCE_Y: 0.814 
(epoch: 34, iters: 1180, time: 0.055, data: 0.001) G_GAN: 0.325 D_real: 0.170 D_fake: 0.243 G: 1.249 NCE: 1.023 NCE_Y: 0.824 
(epoch: 34, iters: 1280, time: 0.055, data: 0.001) G_GAN: 0.541 D_real: 0.118 D_fake: 0.140 G: 1.505 NCE: 1.102 NCE_Y: 0.825 
(epoch: 34, iters: 1380, time: 0.055, data: 0.001) G_GAN: 0.293 D_real: 0.216 D_fake: 0.167 G: 1.318 NCE: 1.230 NCE_Y: 0.820 
(epoch: 34, iters: 1480, time: 0.055, data: 0.001) G_GAN: 0.641 D_real: 0.024 D_fake: 0.275 G: 1.633 NCE: 1.137 NCE_Y: 0.846 
(epoch: 34, iters: 1580, time: 0.055, data: 0.002) G_GAN: 0.826 D_real: 0.058 D_fake: 0.047 G: 1.803 NCE: 1.092 NCE_Y: 0.861 
(epoch: 34, iters: 1680, time: 0.055, data: 0.001) G_GAN: 0.301 D_real: 0.222 D_fake: 0.162 G: 1.279 NCE: 1.133 NCE_Y: 0.823 
(epoch: 34, iters: 1780, time: 0.054, data: 0.001) G_GAN: 0.366 D_real: 0.279 D_fake: 0.152 G: 1.289 NCE: 1.015 NCE_Y: 0.831 
(epoch: 34, iters: 1880, time: 0.054, data: 0.002) G_GAN: 0.263 D_real: 0.393 D_fake: 0.179 G: 1.229 NCE: 1.083 NCE_Y: 0.848 
(epoch: 34, iters: 1980, time: 0.053, data: 0.001) G_GAN: 0.394 D_real: 0.139 D_fake: 0.199 G: 1.320 NCE: 1.047 NCE_Y: 0.806 
(epoch: 34, iters: 2080, time: 0.053, data: 0.001) G_GAN: 0.318 D_real: 0.198 D_fake: 0.258 G: 1.228 NCE: 0.983 NCE_Y: 0.837 
(epoch: 34, iters: 2180, time: 0.053, data: 0.001) G_GAN: 0.670 D_real: 0.074 D_fake: 0.091 G: 1.728 NCE: 1.281 NCE_Y: 0.836 
(epoch: 34, iters: 2280, time: 0.052, data: 0.001) G_GAN: 0.961 D_real: 0.038 D_fake: 0.012 G: 2.014 NCE: 1.241 NCE_Y: 0.865 
(epoch: 34, iters: 2380, time: 0.052, data: 0.001) G_GAN: 0.281 D_real: 0.257 D_fake: 0.194 G: 1.257 NCE: 1.088 NCE_Y: 0.865 
(epoch: 34, iters: 2480, time: 0.052, data: 0.001) G_GAN: 0.281 D_real: 0.173 D_fake: 0.294 G: 1.277 NCE: 1.163 NCE_Y: 0.830 
(epoch: 34, iters: 2580, time: 0.053, data: 0.001) G_GAN: 0.330 D_real: 0.507 D_fake: 0.125 G: 1.310 NCE: 1.126 NCE_Y: 0.834 
(epoch: 34, iters: 2680, time: 0.053, data: 0.001) G_GAN: 0.408 D_real: 0.337 D_fake: 0.125 G: 1.379 NCE: 1.103 NCE_Y: 0.838 
(epoch: 34, iters: 2780, time: 0.053, data: 0.001) G_GAN: 0.232 D_real: 0.197 D_fake: 0.290 G: 1.207 NCE: 1.124 NCE_Y: 0.827 
(epoch: 34, iters: 2880, time: 0.053, data: 0.001) G_GAN: 0.260 D_real: 0.244 D_fake: 0.299 G: 1.204 NCE: 1.068 NCE_Y: 0.820 
(epoch: 34, iters: 2980, time: 0.053, data: 0.001) G_GAN: 0.792 D_real: 0.037 D_fake: 0.109 G: 1.829 NCE: 1.173 NCE_Y: 0.902 
(epoch: 34, iters: 3080, time: 0.053, data: 0.001) G_GAN: 0.796 D_real: 0.005 D_fake: 0.054 G: 1.804 NCE: 1.142 NCE_Y: 0.875 
(epoch: 34, iters: 3180, time: 0.053, data: 0.001) G_GAN: 0.989 D_real: 0.017 D_fake: 0.015 G: 2.021 NCE: 1.161 NCE_Y: 0.903 
(epoch: 34, iters: 3280, time: 0.054, data: 0.001) G_GAN: 0.951 D_real: 0.018 D_fake: 0.002 G: 2.043 NCE: 1.254 NCE_Y: 0.931 
(epoch: 34, iters: 3380, time: 0.054, data: 0.001) G_GAN: 0.991 D_real: 0.005 D_fake: 0.004 G: 2.156 NCE: 1.361 NCE_Y: 0.969 
(epoch: 34, iters: 3480, time: 0.054, data: 0.002) G_GAN: 0.650 D_real: 0.941 D_fake: 0.018 G: 1.624 NCE: 1.136 NCE_Y: 0.812 
(epoch: 34, iters: 3580, time: 0.053, data: 0.001) G_GAN: 0.596 D_real: 0.196 D_fake: 0.227 G: 1.542 NCE: 1.052 NCE_Y: 0.840 
(epoch: 34, iters: 3680, time: 0.053, data: 0.001) G_GAN: 0.309 D_real: 0.201 D_fake: 0.302 G: 1.280 NCE: 1.078 NCE_Y: 0.865 
(epoch: 34, iters: 3780, time: 0.053, data: 0.001) G_GAN: 0.288 D_real: 0.221 D_fake: 0.267 G: 1.243 NCE: 1.098 NCE_Y: 0.812 
(epoch: 34, iters: 3880, time: 0.053, data: 0.001) G_GAN: 0.303 D_real: 0.241 D_fake: 0.207 G: 1.240 NCE: 1.046 NCE_Y: 0.828 
(epoch: 34, iters: 3980, time: 0.053, data: 0.001) G_GAN: 0.342 D_real: 0.253 D_fake: 0.194 G: 1.310 NCE: 1.098 NCE_Y: 0.839 
(epoch: 34, iters: 4080, time: 0.053, data: 0.001) G_GAN: 0.346 D_real: 0.108 D_fake: 0.215 G: 1.304 NCE: 1.112 NCE_Y: 0.805 
(epoch: 34, iters: 4180, time: 0.053, data: 0.001) G_GAN: 0.354 D_real: 0.207 D_fake: 0.167 G: 1.334 NCE: 1.121 NCE_Y: 0.839 
(epoch: 34, iters: 4280, time: 0.053, data: 0.001) G_GAN: 0.248 D_real: 0.274 D_fake: 0.245 G: 1.200 NCE: 1.071 NCE_Y: 0.833 
(epoch: 34, iters: 4380, time: 0.053, data: 0.001) G_GAN: 0.277 D_real: 0.298 D_fake: 0.230 G: 1.251 NCE: 1.129 NCE_Y: 0.819 
(epoch: 34, iters: 4480, time: 0.052, data: 0.001) G_GAN: 0.259 D_real: 0.248 D_fake: 0.207 G: 1.254 NCE: 1.182 NCE_Y: 0.806 
(epoch: 34, iters: 4580, time: 0.053, data: 0.001) G_GAN: 0.243 D_real: 0.232 D_fake: 0.309 G: 1.226 NCE: 1.124 NCE_Y: 0.842 
(epoch: 34, iters: 4680, time: 0.052, data: 0.001) G_GAN: 0.259 D_real: 0.277 D_fake: 0.216 G: 1.220 NCE: 1.125 NCE_Y: 0.798 
saving the latest model (epoch 34, total_iters 270000)
doctr_SELFF_to_SD_fixed_nl2
(epoch: 34, iters: 4780, time: 0.052, data: 0.001) G_GAN: 0.289 D_real: 0.202 D_fake: 0.264 G: 1.251 NCE: 1.120 NCE_Y: 0.804 
(epoch: 34, iters: 4880, time: 0.053, data: 0.001) G_GAN: 0.316 D_real: 0.257 D_fake: 0.198 G: 1.268 NCE: 1.082 NCE_Y: 0.822 
(epoch: 34, iters: 4980, time: 0.053, data: 0.001) G_GAN: 0.349 D_real: 0.265 D_fake: 0.123 G: 1.303 NCE: 1.099 NCE_Y: 0.809 
(epoch: 34, iters: 5080, time: 0.053, data: 0.001) G_GAN: 0.300 D_real: 0.364 D_fake: 0.149 G: 1.271 NCE: 1.081 NCE_Y: 0.861 
(epoch: 34, iters: 5180, time: 0.054, data: 0.001) G_GAN: 0.269 D_real: 0.271 D_fake: 0.312 G: 1.219 NCE: 1.092 NCE_Y: 0.808 
(epoch: 34, iters: 5280, time: 0.053, data: 0.001) G_GAN: 0.266 D_real: 0.316 D_fake: 0.205 G: 1.221 NCE: 1.096 NCE_Y: 0.814 
(epoch: 34, iters: 5380, time: 0.053, data: 0.001) G_GAN: 0.287 D_real: 0.084 D_fake: 0.323 G: 1.285 NCE: 1.204 NCE_Y: 0.793 
(epoch: 34, iters: 5480, time: 0.053, data: 0.001) G_GAN: 0.697 D_real: 0.039 D_fake: 0.090 G: 1.638 NCE: 1.064 NCE_Y: 0.818 
(epoch: 34, iters: 5580, time: 0.053, data: 0.001) G_GAN: 0.275 D_real: 0.290 D_fake: 0.175 G: 1.264 NCE: 1.158 NCE_Y: 0.819 
(epoch: 34, iters: 5680, time: 0.053, data: 0.001) G_GAN: 0.944 D_real: 0.039 D_fake: 0.030 G: 1.907 NCE: 1.097 NCE_Y: 0.828 
(epoch: 34, iters: 5780, time: 0.053, data: 0.001) G_GAN: 0.267 D_real: 0.256 D_fake: 0.174 G: 1.234 NCE: 1.137 NCE_Y: 0.796 
(epoch: 34, iters: 5880, time: 0.053, data: 0.001) G_GAN: 0.282 D_real: 0.238 D_fake: 0.219 G: 1.211 NCE: 1.058 NCE_Y: 0.801 
(epoch: 34, iters: 5980, time: 0.054, data: 0.001) G_GAN: 0.249 D_real: 0.135 D_fake: 0.560 G: 1.320 NCE: 1.330 NCE_Y: 0.812 
(epoch: 34, iters: 6080, time: 0.054, data: 0.001) G_GAN: 0.355 D_real: 0.240 D_fake: 0.177 G: 1.313 NCE: 1.108 NCE_Y: 0.809 
(epoch: 34, iters: 6180, time: 0.054, data: 0.001) G_GAN: 0.258 D_real: 0.212 D_fake: 0.245 G: 1.201 NCE: 1.071 NCE_Y: 0.814 
(epoch: 34, iters: 6280, time: 0.054, data: 0.001) G_GAN: 0.270 D_real: 0.227 D_fake: 0.224 G: 1.208 NCE: 1.077 NCE_Y: 0.799 
(epoch: 34, iters: 6380, time: 0.054, data: 0.001) G_GAN: 0.342 D_real: 0.156 D_fake: 0.241 G: 1.282 NCE: 1.072 NCE_Y: 0.808 
(epoch: 34, iters: 6480, time: 0.054, data: 0.001) G_GAN: 0.282 D_real: 0.177 D_fake: 0.221 G: 1.271 NCE: 1.168 NCE_Y: 0.810 
(epoch: 34, iters: 6580, time: 0.054, data: 0.001) G_GAN: 0.305 D_real: 0.160 D_fake: 0.258 G: 1.269 NCE: 1.131 NCE_Y: 0.796 
(epoch: 34, iters: 6680, time: 0.053, data: 0.001) G_GAN: 0.329 D_real: 0.241 D_fake: 0.183 G: 1.290 NCE: 1.095 NCE_Y: 0.828 
(epoch: 34, iters: 6780, time: 0.054, data: 0.001) G_GAN: 0.268 D_real: 0.222 D_fake: 0.233 G: 1.243 NCE: 1.141 NCE_Y: 0.810 
(epoch: 34, iters: 6880, time: 0.053, data: 0.001) G_GAN: 0.271 D_real: 0.242 D_fake: 0.290 G: 1.250 NCE: 1.156 NCE_Y: 0.801 
(epoch: 34, iters: 6980, time: 0.053, data: 0.001) G_GAN: 0.285 D_real: 0.333 D_fake: 0.204 G: 1.257 NCE: 1.143 NCE_Y: 0.802 
(epoch: 34, iters: 7080, time: 0.053, data: 0.001) G_GAN: 0.334 D_real: 0.134 D_fake: 0.227 G: 1.280 NCE: 1.099 NCE_Y: 0.793 
(epoch: 34, iters: 7180, time: 0.054, data: 0.001) G_GAN: 0.323 D_real: 0.212 D_fake: 0.174 G: 1.268 NCE: 1.079 NCE_Y: 0.813 
(epoch: 34, iters: 7280, time: 0.054, data: 0.001) G_GAN: 0.351 D_real: 0.112 D_fake: 0.253 G: 1.269 NCE: 1.045 NCE_Y: 0.790 
(epoch: 34, iters: 7380, time: 0.053, data: 0.001) G_GAN: 0.293 D_real: 0.337 D_fake: 0.159 G: 1.299 NCE: 1.182 NCE_Y: 0.830 
(epoch: 34, iters: 7480, time: 0.054, data: 0.001) G_GAN: 0.243 D_real: 0.294 D_fake: 0.214 G: 1.170 NCE: 1.063 NCE_Y: 0.790 
(epoch: 34, iters: 7580, time: 0.052, data: 0.001) G_GAN: 0.319 D_real: 0.099 D_fake: 0.191 G: 1.298 NCE: 1.161 NCE_Y: 0.797 
(epoch: 34, iters: 7680, time: 0.053, data: 0.001) G_GAN: 0.912 D_real: 0.027 D_fake: 0.015 G: 1.846 NCE: 1.054 NCE_Y: 0.814 
(epoch: 34, iters: 7780, time: 0.053, data: 0.001) G_GAN: 1.103 D_real: 0.018 D_fake: 0.007 G: 2.028 NCE: 1.024 NCE_Y: 0.825 
(epoch: 34, iters: 7880, time: 0.054, data: 0.001) G_GAN: 1.002 D_real: 0.117 D_fake: 0.011 G: 1.985 NCE: 1.187 NCE_Y: 0.779 
(epoch: 34, iters: 7980, time: 0.053, data: 0.001) G_GAN: 0.318 D_real: 0.332 D_fake: 0.117 G: 1.272 NCE: 1.089 NCE_Y: 0.818 
End of epoch 34 / 60 	 Time Taken: 445 sec
learning rate = 0.0001677
(epoch: 35, iters: 40, time: 0.053, data: 0.001) G_GAN: 0.211 D_real: 0.285 D_fake: 0.297 G: 1.196 NCE: 1.159 NCE_Y: 0.812 
(epoch: 35, iters: 140, time: 0.053, data: 0.001) G_GAN: 0.334 D_real: 0.201 D_fake: 0.185 G: 1.283 NCE: 1.123 NCE_Y: 0.776 
(epoch: 35, iters: 240, time: 0.054, data: 0.001) G_GAN: 0.279 D_real: 0.157 D_fake: 0.304 G: 1.248 NCE: 1.133 NCE_Y: 0.804 
(epoch: 35, iters: 340, time: 0.053, data: 0.001) G_GAN: 0.368 D_real: 0.172 D_fake: 0.150 G: 1.314 NCE: 1.080 NCE_Y: 0.812 
(epoch: 35, iters: 440, time: 0.053, data: 0.001) G_GAN: 0.379 D_real: 0.106 D_fake: 0.313 G: 1.295 NCE: 1.066 NCE_Y: 0.766 
(epoch: 35, iters: 540, time: 0.053, data: 0.001) G_GAN: 0.217 D_real: 0.341 D_fake: 0.314 G: 1.244 NCE: 1.276 NCE_Y: 0.779 
(epoch: 35, iters: 640, time: 0.053, data: 0.001) G_GAN: 0.204 D_real: 0.189 D_fake: 0.477 G: 1.138 NCE: 1.061 NCE_Y: 0.805 
(epoch: 35, iters: 740, time: 0.053, data: 0.001) G_GAN: 0.328 D_real: 0.281 D_fake: 0.202 G: 1.277 NCE: 1.091 NCE_Y: 0.805 
(epoch: 35, iters: 840, time: 0.053, data: 0.001) G_GAN: 0.214 D_real: 0.272 D_fake: 0.321 G: 1.171 NCE: 1.124 NCE_Y: 0.791 
(epoch: 35, iters: 940, time: 0.053, data: 0.001) G_GAN: 0.241 D_real: 0.324 D_fake: 0.245 G: 1.186 NCE: 1.070 NCE_Y: 0.819 
(epoch: 35, iters: 1040, time: 0.053, data: 0.001) G_GAN: 0.331 D_real: 0.306 D_fake: 0.189 G: 1.325 NCE: 1.182 NCE_Y: 0.805 
(epoch: 35, iters: 1140, time: 0.053, data: 0.001) G_GAN: 0.245 D_real: 0.266 D_fake: 0.297 G: 1.238 NCE: 1.156 NCE_Y: 0.830 
(epoch: 35, iters: 1240, time: 0.053, data: 0.001) G_GAN: 0.301 D_real: 0.250 D_fake: 0.329 G: 1.241 NCE: 1.076 NCE_Y: 0.803 
(epoch: 35, iters: 1340, time: 0.053, data: 0.001) G_GAN: 0.210 D_real: 0.232 D_fake: 0.301 G: 1.165 NCE: 1.122 NCE_Y: 0.789 
(epoch: 35, iters: 1440, time: 0.053, data: 0.001) G_GAN: 0.294 D_real: 0.171 D_fake: 0.306 G: 1.231 NCE: 1.104 NCE_Y: 0.770 
(epoch: 35, iters: 1540, time: 0.053, data: 0.001) G_GAN: 0.315 D_real: 0.265 D_fake: 0.168 G: 1.316 NCE: 1.182 NCE_Y: 0.819 
(epoch: 35, iters: 1640, time: 0.053, data: 0.001) G_GAN: 0.382 D_real: 0.257 D_fake: 0.135 G: 1.316 NCE: 1.092 NCE_Y: 0.776 
saving the latest model (epoch 35, total_iters 275000)
doctr_SELFF_to_SD_fixed_nl2
(epoch: 35, iters: 1740, time: 0.053, data: 0.001) G_GAN: 0.329 D_real: 0.237 D_fake: 0.156 G: 1.297 NCE: 1.143 NCE_Y: 0.794 
(epoch: 35, iters: 1840, time: 0.053, data: 0.011) G_GAN: 0.480 D_real: 0.632 D_fake: 0.113 G: 1.480 NCE: 1.196 NCE_Y: 0.805 
(epoch: 35, iters: 1940, time: 0.053, data: 0.001) G_GAN: 0.913 D_real: 0.017 D_fake: 0.142 G: 1.878 NCE: 1.126 NCE_Y: 0.804 
(epoch: 35, iters: 2040, time: 0.052, data: 0.001) G_GAN: 0.324 D_real: 0.072 D_fake: 0.296 G: 1.248 NCE: 1.080 NCE_Y: 0.767 
(epoch: 35, iters: 2140, time: 0.053, data: 0.001) G_GAN: 0.224 D_real: 0.242 D_fake: 0.334 G: 1.252 NCE: 1.269 NCE_Y: 0.788 
(epoch: 35, iters: 2240, time: 0.053, data: 0.001) G_GAN: 0.161 D_real: 0.314 D_fake: 0.485 G: 1.164 NCE: 1.231 NCE_Y: 0.775 
(epoch: 35, iters: 2340, time: 0.053, data: 0.001) G_GAN: 0.410 D_real: 0.144 D_fake: 0.252 G: 1.360 NCE: 1.086 NCE_Y: 0.814 
(epoch: 35, iters: 2440, time: 0.053, data: 0.001) G_GAN: 0.301 D_real: 0.332 D_fake: 0.159 G: 1.219 NCE: 1.042 NCE_Y: 0.795 
(epoch: 35, iters: 2540, time: 0.053, data: 0.001) G_GAN: 0.216 D_real: 0.275 D_fake: 0.232 G: 1.153 NCE: 1.065 NCE_Y: 0.809 
(epoch: 35, iters: 2640, time: 0.053, data: 0.001) G_GAN: 0.258 D_real: 0.213 D_fake: 0.246 G: 1.189 NCE: 1.087 NCE_Y: 0.774 
(epoch: 35, iters: 2740, time: 0.053, data: 0.001) G_GAN: 0.249 D_real: 0.315 D_fake: 0.276 G: 1.246 NCE: 1.212 NCE_Y: 0.782 
(epoch: 35, iters: 2840, time: 0.053, data: 0.001) G_GAN: 0.368 D_real: 0.131 D_fake: 0.230 G: 1.323 NCE: 1.070 NCE_Y: 0.839 
(epoch: 35, iters: 2940, time: 0.053, data: 0.001) G_GAN: 0.403 D_real: 0.165 D_fake: 0.153 G: 1.346 NCE: 1.108 NCE_Y: 0.778 
(epoch: 35, iters: 3040, time: 0.054, data: 0.001) G_GAN: 0.268 D_real: 0.269 D_fake: 0.367 G: 1.232 NCE: 1.137 NCE_Y: 0.792 
(epoch: 35, iters: 3140, time: 0.054, data: 0.001) G_GAN: 0.387 D_real: 0.159 D_fake: 0.244 G: 1.496 NCE: 1.357 NCE_Y: 0.861 
(epoch: 35, iters: 3240, time: 0.053, data: 0.001) G_GAN: 0.305 D_real: 0.250 D_fake: 0.212 G: 1.248 NCE: 1.083 NCE_Y: 0.802 
(epoch: 35, iters: 3340, time: 0.053, data: 0.001) G_GAN: 0.772 D_real: 0.551 D_fake: 0.032 G: 1.780 NCE: 1.180 NCE_Y: 0.836 
(epoch: 35, iters: 3440, time: 0.053, data: 0.001) G_GAN: 1.093 D_real: 0.012 D_fake: 0.021 G: 2.087 NCE: 1.197 NCE_Y: 0.790 
(epoch: 35, iters: 3540, time: 0.053, data: 0.001) G_GAN: 0.997 D_real: 0.008 D_fake: 0.004 G: 2.161 NCE: 1.435 NCE_Y: 0.892 
(epoch: 35, iters: 3640, time: 0.053, data: 0.001) G_GAN: 0.977 D_real: 0.003 D_fake: 0.005 G: 2.158 NCE: 1.492 NCE_Y: 0.872 
(epoch: 35, iters: 3740, time: 0.053, data: 0.001) G_GAN: 0.291 D_real: 0.249 D_fake: 0.209 G: 1.260 NCE: 1.106 NCE_Y: 0.833 
(epoch: 35, iters: 3840, time: 0.053, data: 0.001) G_GAN: 0.318 D_real: 0.215 D_fake: 0.214 G: 1.357 NCE: 1.277 NCE_Y: 0.801 
(epoch: 35, iters: 3940, time: 0.053, data: 0.001) G_GAN: 0.367 D_real: 0.236 D_fake: 0.108 G: 1.267 NCE: 1.028 NCE_Y: 0.772 
(epoch: 35, iters: 4040, time: 0.054, data: 0.001) G_GAN: 0.324 D_real: 0.320 D_fake: 0.111 G: 1.296 NCE: 1.141 NCE_Y: 0.803 
(epoch: 35, iters: 4140, time: 0.054, data: 0.001) G_GAN: 0.283 D_real: 0.304 D_fake: 0.199 G: 1.204 NCE: 1.054 NCE_Y: 0.788 
(epoch: 35, iters: 4240, time: 0.054, data: 0.001) G_GAN: 0.291 D_real: 0.138 D_fake: 0.287 G: 1.254 NCE: 1.149 NCE_Y: 0.779 
(epoch: 35, iters: 4340, time: 0.054, data: 0.001) G_GAN: 0.345 D_real: 0.183 D_fake: 0.243 G: 1.253 NCE: 1.031 NCE_Y: 0.784 
(epoch: 35, iters: 4440, time: 0.053, data: 0.001) G_GAN: 0.342 D_real: 0.344 D_fake: 0.145 G: 1.308 NCE: 1.108 NCE_Y: 0.825 
(epoch: 35, iters: 4540, time: 0.053, data: 0.001) G_GAN: 0.332 D_real: 0.205 D_fake: 0.202 G: 1.280 NCE: 1.102 NCE_Y: 0.794 
(epoch: 35, iters: 4640, time: 0.053, data: 0.001) G_GAN: 0.312 D_real: 0.208 D_fake: 0.201 G: 1.262 NCE: 1.088 NCE_Y: 0.811 
(epoch: 35, iters: 4740, time: 0.053, data: 0.001) G_GAN: 0.577 D_real: 0.040 D_fake: 0.296 G: 1.558 NCE: 1.170 NCE_Y: 0.792 
(epoch: 35, iters: 4840, time: 0.053, data: 0.001) G_GAN: 0.436 D_real: 0.023 D_fake: 0.381 G: 1.418 NCE: 1.158 NCE_Y: 0.806 
(epoch: 35, iters: 4940, time: 0.053, data: 0.001) G_GAN: 0.650 D_real: 0.030 D_fake: 0.204 G: 1.669 NCE: 1.231 NCE_Y: 0.807 
(epoch: 35, iters: 5040, time: 0.053, data: 0.001) G_GAN: 0.650 D_real: 0.044 D_fake: 0.064 G: 1.641 NCE: 1.171 NCE_Y: 0.813 
(epoch: 35, iters: 5140, time: 0.052, data: 0.001) G_GAN: 1.019 D_real: 0.020 D_fake: 0.270 G: 2.028 NCE: 1.229 NCE_Y: 0.790 
(epoch: 35, iters: 5240, time: 0.052, data: 0.001) G_GAN: 1.136 D_real: 0.209 D_fake: 0.047 G: 2.170 NCE: 1.246 NCE_Y: 0.822 
(epoch: 35, iters: 5340, time: 0.053, data: 0.002) G_GAN: 0.381 D_real: 0.428 D_fake: 0.138 G: 1.328 NCE: 1.085 NCE_Y: 0.809 
(epoch: 35, iters: 5440, time: 0.053, data: 0.001) G_GAN: 0.264 D_real: 0.234 D_fake: 0.327 G: 1.251 NCE: 1.165 NCE_Y: 0.808 
(epoch: 35, iters: 5540, time: 0.053, data: 0.001) G_GAN: 0.336 D_real: 0.181 D_fake: 0.213 G: 1.294 NCE: 1.077 NCE_Y: 0.839 
(epoch: 35, iters: 5640, time: 0.053, data: 0.001) G_GAN: 0.327 D_real: 0.099 D_fake: 0.220 G: 1.322 NCE: 1.215 NCE_Y: 0.775 
(epoch: 35, iters: 5740, time: 0.053, data: 0.001) G_GAN: 0.250 D_real: 0.108 D_fake: 0.512 G: 1.223 NCE: 1.167 NCE_Y: 0.779 
(epoch: 35, iters: 5840, time: 0.053, data: 0.001) G_GAN: 0.286 D_real: 0.266 D_fake: 0.219 G: 1.257 NCE: 1.154 NCE_Y: 0.789 
(epoch: 35, iters: 5940, time: 0.053, data: 0.001) G_GAN: 0.354 D_real: 0.423 D_fake: 0.127 G: 1.391 NCE: 1.295 NCE_Y: 0.780 
(epoch: 35, iters: 6040, time: 0.053, data: 0.002) G_GAN: 0.490 D_real: 0.059 D_fake: 0.185 G: 1.462 NCE: 1.177 NCE_Y: 0.768 
(epoch: 35, iters: 6140, time: 0.053, data: 0.001) G_GAN: 0.365 D_real: 0.261 D_fake: 0.155 G: 1.361 NCE: 1.161 NCE_Y: 0.832 
(epoch: 35, iters: 6240, time: 0.053, data: 0.001) G_GAN: 0.354 D_real: 0.183 D_fake: 0.277 G: 1.294 NCE: 1.104 NCE_Y: 0.775 
(epoch: 35, iters: 6340, time: 0.053, data: 0.001) G_GAN: 0.170 D_real: 0.172 D_fake: 0.396 G: 1.169 NCE: 1.182 NCE_Y: 0.816 
(epoch: 35, iters: 6440, time: 0.053, data: 0.001) G_GAN: 0.391 D_real: 0.092 D_fake: 0.191 G: 1.287 NCE: 1.033 NCE_Y: 0.760 
(epoch: 35, iters: 6540, time: 0.053, data: 0.001) G_GAN: 0.419 D_real: 0.086 D_fake: 0.223 G: 1.412 NCE: 1.162 NCE_Y: 0.824 
(epoch: 35, iters: 6640, time: 0.053, data: 0.001) G_GAN: 0.396 D_real: 0.288 D_fake: 0.122 G: 1.355 NCE: 1.146 NCE_Y: 0.771 
saving the latest model (epoch 35, total_iters 280000)
doctr_SELFF_to_SD_fixed_nl2
(epoch: 35, iters: 6740, time: 0.053, data: 0.001) G_GAN: 0.510 D_real: 0.046 D_fake: 0.337 G: 1.501 NCE: 1.195 NCE_Y: 0.786 
(epoch: 35, iters: 6840, time: 0.053, data: 0.001) G_GAN: 0.271 D_real: 0.174 D_fake: 0.299 G: 1.215 NCE: 1.136 NCE_Y: 0.751 
(epoch: 35, iters: 6940, time: 0.054, data: 0.001) G_GAN: 0.349 D_real: 0.177 D_fake: 0.230 G: 1.289 NCE: 1.079 NCE_Y: 0.802 
(epoch: 35, iters: 7040, time: 0.054, data: 0.001) G_GAN: 0.358 D_real: 0.254 D_fake: 0.172 G: 1.291 NCE: 1.074 NCE_Y: 0.793 
(epoch: 35, iters: 7140, time: 0.053, data: 0.001) G_GAN: 0.318 D_real: 0.135 D_fake: 0.253 G: 1.317 NCE: 1.220 NCE_Y: 0.779 
(epoch: 35, iters: 7240, time: 0.053, data: 0.001) G_GAN: 0.212 D_real: 0.402 D_fake: 0.337 G: 1.176 NCE: 1.151 NCE_Y: 0.779 
(epoch: 35, iters: 7340, time: 0.053, data: 0.001) G_GAN: 0.548 D_real: 0.098 D_fake: 0.132 G: 1.560 NCE: 1.260 NCE_Y: 0.765 
(epoch: 35, iters: 7440, time: 0.052, data: 0.001) G_GAN: 0.301 D_real: 0.144 D_fake: 0.270 G: 1.303 NCE: 1.242 NCE_Y: 0.762 
(epoch: 35, iters: 7540, time: 0.053, data: 0.001) G_GAN: 0.286 D_real: 0.267 D_fake: 0.207 G: 1.283 NCE: 1.196 NCE_Y: 0.797 
(epoch: 35, iters: 7640, time: 0.053, data: 0.001) G_GAN: 1.042 D_real: 0.129 D_fake: 0.025 G: 2.073 NCE: 1.225 NCE_Y: 0.838 
(epoch: 35, iters: 7740, time: 0.053, data: 0.002) G_GAN: 0.392 D_real: 0.263 D_fake: 0.239 G: 1.439 NCE: 1.265 NCE_Y: 0.828 
(epoch: 35, iters: 7840, time: 0.053, data: 0.001) G_GAN: 0.393 D_real: 0.174 D_fake: 0.135 G: 1.349 NCE: 1.133 NCE_Y: 0.779 
(epoch: 35, iters: 7940, time: 0.053, data: 0.001) G_GAN: 0.421 D_real: 0.297 D_fake: 0.170 G: 1.407 NCE: 1.179 NCE_Y: 0.793 
(epoch: 35, iters: 8040, time: 0.053, data: 0.001) G_GAN: 0.187 D_real: 0.078 D_fake: 0.405 G: 1.174 NCE: 1.177 NCE_Y: 0.795 
saving the model at the end of epoch 35, iters 281400
End of epoch 35 / 60 	 Time Taken: 441 sec
learning rate = 0.0001613
(epoch: 36, iters: 100, time: 0.054, data: 0.177) G_GAN: 0.292 D_real: 0.399 D_fake: 0.183 G: 1.253 NCE: 1.133 NCE_Y: 0.789 
(epoch: 36, iters: 200, time: 0.053, data: 0.001) G_GAN: 0.235 D_real: 0.301 D_fake: 0.257 G: 1.170 NCE: 1.077 NCE_Y: 0.794 
(epoch: 36, iters: 300, time: 0.054, data: 0.001) G_GAN: 0.325 D_real: 0.166 D_fake: 0.292 G: 1.362 NCE: 1.297 NCE_Y: 0.776 
(epoch: 36, iters: 400, time: 0.053, data: 0.001) G_GAN: 0.294 D_real: 0.527 D_fake: 0.152 G: 1.261 NCE: 1.152 NCE_Y: 0.782 
(epoch: 36, iters: 500, time: 0.053, data: 0.001) G_GAN: 0.296 D_real: 0.251 D_fake: 0.202 G: 1.323 NCE: 1.255 NCE_Y: 0.800 
(epoch: 36, iters: 600, time: 0.053, data: 0.001) G_GAN: 0.400 D_real: 0.082 D_fake: 0.290 G: 1.415 NCE: 1.243 NCE_Y: 0.787 
(epoch: 36, iters: 700, time: 0.053, data: 0.001) G_GAN: 0.220 D_real: 0.237 D_fake: 0.292 G: 1.179 NCE: 1.135 NCE_Y: 0.783 
(epoch: 36, iters: 800, time: 0.053, data: 0.001) G_GAN: 0.231 D_real: 0.393 D_fake: 0.238 G: 1.224 NCE: 1.220 NCE_Y: 0.766 
(epoch: 36, iters: 900, time: 0.053, data: 0.001) G_GAN: 0.235 D_real: 0.202 D_fake: 0.378 G: 1.218 NCE: 1.179 NCE_Y: 0.786 
(epoch: 36, iters: 1000, time: 0.053, data: 0.001) G_GAN: 0.275 D_real: 0.235 D_fake: 0.230 G: 1.196 NCE: 1.065 NCE_Y: 0.778 
(epoch: 36, iters: 1100, time: 0.053, data: 0.001) G_GAN: 0.225 D_real: 0.346 D_fake: 0.258 G: 1.174 NCE: 1.096 NCE_Y: 0.804 
(epoch: 36, iters: 1200, time: 0.052, data: 0.001) G_GAN: 0.316 D_real: 0.416 D_fake: 0.199 G: 1.329 NCE: 1.212 NCE_Y: 0.813 
(epoch: 36, iters: 1300, time: 0.053, data: 0.001) G_GAN: 0.286 D_real: 0.285 D_fake: 0.229 G: 1.277 NCE: 1.165 NCE_Y: 0.818 
(epoch: 36, iters: 1400, time: 0.053, data: 0.001) G_GAN: 0.672 D_real: 0.015 D_fake: 0.453 G: 1.638 NCE: 1.106 NCE_Y: 0.826 
(epoch: 36, iters: 1500, time: 0.053, data: 0.002) G_GAN: 1.112 D_real: 0.484 D_fake: 0.059 G: 2.160 NCE: 1.229 NCE_Y: 0.868 
(epoch: 36, iters: 1600, time: 0.053, data: 0.001) G_GAN: 0.425 D_real: 0.238 D_fake: 0.098 G: 1.392 NCE: 1.118 NCE_Y: 0.815 
(epoch: 36, iters: 1700, time: 0.052, data: 0.002) G_GAN: 0.297 D_real: 0.172 D_fake: 0.244 G: 1.235 NCE: 1.085 NCE_Y: 0.791 
(epoch: 36, iters: 1800, time: 0.053, data: 0.001) G_GAN: 0.300 D_real: 0.259 D_fake: 0.221 G: 1.273 NCE: 1.148 NCE_Y: 0.798 
(epoch: 36, iters: 1900, time: 0.053, data: 0.001) G_GAN: 0.210 D_real: 0.164 D_fake: 0.496 G: 1.225 NCE: 1.235 NCE_Y: 0.795 
(epoch: 36, iters: 2000, time: 0.052, data: 0.001) G_GAN: 0.973 D_real: 0.030 D_fake: 0.009 G: 1.967 NCE: 1.165 NCE_Y: 0.824 
(epoch: 36, iters: 2100, time: 0.053, data: 0.001) G_GAN: 0.881 D_real: 0.014 D_fake: 0.041 G: 1.878 NCE: 1.195 NCE_Y: 0.799 
(epoch: 36, iters: 2200, time: 0.053, data: 0.001) G_GAN: 0.422 D_real: 0.236 D_fake: 0.137 G: 1.402 NCE: 1.141 NCE_Y: 0.820 
(epoch: 36, iters: 2300, time: 0.054, data: 0.001) G_GAN: 0.248 D_real: 0.092 D_fake: 0.441 G: 1.234 NCE: 1.151 NCE_Y: 0.821 
(epoch: 36, iters: 2400, time: 0.053, data: 0.001) G_GAN: 0.367 D_real: 0.199 D_fake: 0.295 G: 1.362 NCE: 1.150 NCE_Y: 0.840 
(epoch: 36, iters: 2500, time: 0.053, data: 0.001) G_GAN: 0.350 D_real: 0.243 D_fake: 0.149 G: 1.338 NCE: 1.134 NCE_Y: 0.841 
(epoch: 36, iters: 2600, time: 0.053, data: 0.001) G_GAN: 0.232 D_real: 0.702 D_fake: 0.168 G: 1.210 NCE: 1.127 NCE_Y: 0.828 
(epoch: 36, iters: 2700, time: 0.053, data: 0.001) G_GAN: 0.247 D_real: 0.175 D_fake: 0.337 G: 1.267 NCE: 1.208 NCE_Y: 0.831 
(epoch: 36, iters: 2800, time: 0.053, data: 0.001) G_GAN: 0.391 D_real: 0.292 D_fake: 0.167 G: 1.297 NCE: 1.049 NCE_Y: 0.762 
(epoch: 36, iters: 2900, time: 0.053, data: 0.001) G_GAN: 0.254 D_real: 0.480 D_fake: 0.171 G: 1.320 NCE: 1.293 NCE_Y: 0.839 
(epoch: 36, iters: 3000, time: 0.053, data: 0.001) G_GAN: 0.317 D_real: 0.098 D_fake: 0.284 G: 1.310 NCE: 1.192 NCE_Y: 0.795 
(epoch: 36, iters: 3100, time: 0.054, data: 0.001) G_GAN: 0.230 D_real: 0.206 D_fake: 0.383 G: 1.221 NCE: 1.185 NCE_Y: 0.797 
(epoch: 36, iters: 3200, time: 0.054, data: 0.001) G_GAN: 0.330 D_real: 0.231 D_fake: 0.209 G: 1.275 NCE: 1.085 NCE_Y: 0.806 
(epoch: 36, iters: 3300, time: 0.054, data: 0.001) G_GAN: 0.195 D_real: 0.266 D_fake: 0.427 G: 1.214 NCE: 1.253 NCE_Y: 0.783 
(epoch: 36, iters: 3400, time: 0.054, data: 0.001) G_GAN: 0.261 D_real: 0.259 D_fake: 0.255 G: 1.255 NCE: 1.161 NCE_Y: 0.827 
(epoch: 36, iters: 3500, time: 0.053, data: 0.001) G_GAN: 0.215 D_real: 0.250 D_fake: 0.365 G: 1.159 NCE: 1.107 NCE_Y: 0.779 
(epoch: 36, iters: 3600, time: 0.053, data: 0.001) G_GAN: 0.289 D_real: 0.434 D_fake: 0.102 G: 1.262 NCE: 1.091 NCE_Y: 0.854 
saving the latest model (epoch 36, total_iters 285000)
doctr_SELFF_to_SD_fixed_nl2
(epoch: 36, iters: 3700, time: 0.053, data: 0.001) G_GAN: 0.405 D_real: 0.175 D_fake: 0.185 G: 1.425 NCE: 1.241 NCE_Y: 0.799 
(epoch: 36, iters: 3800, time: 0.053, data: 0.001) G_GAN: 0.406 D_real: 0.103 D_fake: 0.255 G: 1.373 NCE: 1.139 NCE_Y: 0.795 
(epoch: 36, iters: 3900, time: 0.053, data: 0.001) G_GAN: 0.333 D_real: 0.183 D_fake: 0.165 G: 1.339 NCE: 1.221 NCE_Y: 0.790 
(epoch: 36, iters: 4000, time: 0.052, data: 0.001) G_GAN: 0.384 D_real: 0.231 D_fake: 0.193 G: 1.351 NCE: 1.122 NCE_Y: 0.813 
(epoch: 36, iters: 4100, time: 0.053, data: 0.001) G_GAN: 0.353 D_real: 0.203 D_fake: 0.158 G: 1.325 NCE: 1.143 NCE_Y: 0.800 
(epoch: 36, iters: 4200, time: 0.053, data: 0.001) G_GAN: 0.344 D_real: 0.453 D_fake: 0.156 G: 1.331 NCE: 1.169 NCE_Y: 0.804 
(epoch: 36, iters: 4300, time: 0.053, data: 0.001) G_GAN: 0.514 D_real: 0.449 D_fake: 0.096 G: 1.475 NCE: 1.149 NCE_Y: 0.773 
(epoch: 36, iters: 4400, time: 0.053, data: 0.001) G_GAN: 1.012 D_real: 0.024 D_fake: 0.016 G: 1.982 NCE: 1.128 NCE_Y: 0.813 
(epoch: 36, iters: 4500, time: 0.054, data: 0.001) G_GAN: 0.741 D_real: 0.012 D_fake: 0.065 G: 1.772 NCE: 1.253 NCE_Y: 0.808 
(epoch: 36, iters: 4600, time: 0.053, data: 0.001) G_GAN: 0.386 D_real: 0.192 D_fake: 0.165 G: 1.386 NCE: 1.199 NCE_Y: 0.802 
(epoch: 36, iters: 4700, time: 0.053, data: 0.001) G_GAN: 0.279 D_real: 0.123 D_fake: 0.323 G: 1.195 NCE: 1.066 NCE_Y: 0.767 
(epoch: 36, iters: 4800, time: 0.053, data: 0.001) G_GAN: 0.299 D_real: 0.276 D_fake: 0.197 G: 1.235 NCE: 1.080 NCE_Y: 0.793 
(epoch: 36, iters: 4900, time: 0.052, data: 0.001) G_GAN: 0.432 D_real: 0.307 D_fake: 0.109 G: 1.385 NCE: 1.122 NCE_Y: 0.783 
(epoch: 36, iters: 5000, time: 0.053, data: 0.001) G_GAN: 0.259 D_real: 0.200 D_fake: 0.239 G: 1.234 NCE: 1.099 NCE_Y: 0.850 
(epoch: 36, iters: 5100, time: 0.053, data: 0.001) G_GAN: 0.387 D_real: 0.228 D_fake: 0.191 G: 1.344 NCE: 1.110 NCE_Y: 0.804 
(epoch: 36, iters: 5200, time: 0.053, data: 0.001) G_GAN: 0.198 D_real: 0.189 D_fake: 0.405 G: 1.185 NCE: 1.197 NCE_Y: 0.779 
(epoch: 36, iters: 5300, time: 0.052, data: 0.001) G_GAN: 0.223 D_real: 0.383 D_fake: 0.240 G: 1.281 NCE: 1.294 NCE_Y: 0.820 
(epoch: 36, iters: 5400, time: 0.053, data: 0.001) G_GAN: 0.257 D_real: 0.313 D_fake: 0.279 G: 1.225 NCE: 1.142 NCE_Y: 0.794 
(epoch: 36, iters: 5500, time: 0.053, data: 0.001) G_GAN: 0.328 D_real: 0.125 D_fake: 0.297 G: 1.270 NCE: 1.106 NCE_Y: 0.779 
(epoch: 36, iters: 5600, time: 0.053, data: 0.001) G_GAN: 0.322 D_real: 0.061 D_fake: 0.354 G: 1.311 NCE: 1.206 NCE_Y: 0.770 
(epoch: 36, iters: 5700, time: 0.052, data: 0.001) G_GAN: 0.280 D_real: 0.176 D_fake: 0.290 G: 1.282 NCE: 1.191 NCE_Y: 0.812 
(epoch: 36, iters: 5800, time: 0.052, data: 0.001) G_GAN: 0.293 D_real: 0.207 D_fake: 0.238 G: 1.262 NCE: 1.160 NCE_Y: 0.778 
(epoch: 36, iters: 5900, time: 0.053, data: 0.001) G_GAN: 0.162 D_real: 0.225 D_fake: 0.411 G: 1.133 NCE: 1.031 NCE_Y: 0.912 
(epoch: 36, iters: 6000, time: 0.053, data: 0.001) G_GAN: 0.467 D_real: 0.141 D_fake: 0.152 G: 1.507 NCE: 1.270 NCE_Y: 0.810 
(epoch: 36, iters: 6100, time: 0.053, data: 0.001) G_GAN: 0.234 D_real: 0.423 D_fake: 0.345 G: 1.299 NCE: 1.298 NCE_Y: 0.832 
(epoch: 36, iters: 6200, time: 0.053, data: 0.001) G_GAN: 0.202 D_real: 0.201 D_fake: 0.376 G: 1.160 NCE: 1.128 NCE_Y: 0.788 
(epoch: 36, iters: 6300, time: 0.053, data: 0.001) G_GAN: 0.292 D_real: 0.231 D_fake: 0.338 G: 1.259 NCE: 1.102 NCE_Y: 0.831 
(epoch: 36, iters: 6400, time: 0.053, data: 0.001) G_GAN: 0.287 D_real: 0.290 D_fake: 0.249 G: 1.250 NCE: 1.126 NCE_Y: 0.801 
(epoch: 36, iters: 6500, time: 0.053, data: 0.001) G_GAN: 0.937 D_real: 0.016 D_fake: 0.013 G: 2.121 NCE: 1.491 NCE_Y: 0.876 
(epoch: 36, iters: 6600, time: 0.053, data: 0.001) G_GAN: 1.008 D_real: 0.008 D_fake: 0.007 G: 2.099 NCE: 1.308 NCE_Y: 0.874 
(epoch: 36, iters: 6700, time: 0.053, data: 0.001) G_GAN: 0.994 D_real: 0.006 D_fake: 0.004 G: 2.184 NCE: 1.477 NCE_Y: 0.902 
(epoch: 36, iters: 6800, time: 0.053, data: 0.001) G_GAN: 1.008 D_real: 0.006 D_fake: 0.003 G: 2.171 NCE: 1.431 NCE_Y: 0.895 
(epoch: 36, iters: 6900, time: 0.052, data: 0.001) G_GAN: 1.075 D_real: 0.003 D_fake: 0.010 G: 2.273 NCE: 1.451 NCE_Y: 0.944 
(epoch: 36, iters: 7000, time: 0.052, data: 0.001) G_GAN: 1.078 D_real: 0.004 D_fake: 0.014 G: 2.327 NCE: 1.537 NCE_Y: 0.960 
(epoch: 36, iters: 7100, time: 0.053, data: 0.001) G_GAN: 0.880 D_real: 0.004 D_fake: 0.016 G: 2.116 NCE: 1.524 NCE_Y: 0.948 
(epoch: 36, iters: 7200, time: 0.053, data: 0.001) G_GAN: 0.988 D_real: 0.003 D_fake: 0.004 G: 2.250 NCE: 1.606 NCE_Y: 0.920 
(epoch: 36, iters: 7300, time: 0.053, data: 0.001) G_GAN: 0.993 D_real: 0.005 D_fake: 0.006 G: 2.268 NCE: 1.619 NCE_Y: 0.932 
(epoch: 36, iters: 7400, time: 0.053, data: 0.001) G_GAN: 0.835 D_real: 0.287 D_fake: 0.090 G: 1.979 NCE: 1.352 NCE_Y: 0.937 
(epoch: 36, iters: 7500, time: 0.053, data: 0.001) G_GAN: 0.270 D_real: 0.183 D_fake: 0.221 G: 1.290 NCE: 1.118 NCE_Y: 0.921 
(epoch: 36, iters: 7600, time: 0.053, data: 0.001) G_GAN: 0.322 D_real: 0.247 D_fake: 0.227 G: 1.298 NCE: 1.088 NCE_Y: 0.862 
(epoch: 36, iters: 7700, time: 0.053, data: 0.001) G_GAN: 0.402 D_real: 0.130 D_fake: 0.207 G: 1.350 NCE: 1.083 NCE_Y: 0.813 
(epoch: 36, iters: 7800, time: 0.053, data: 0.001) G_GAN: 0.307 D_real: 0.274 D_fake: 0.243 G: 1.324 NCE: 1.182 NCE_Y: 0.851 
(epoch: 36, iters: 7900, time: 0.053, data: 0.001) G_GAN: 0.417 D_real: 0.300 D_fake: 0.158 G: 1.398 NCE: 1.126 NCE_Y: 0.836 
(epoch: 36, iters: 8000, time: 0.053, data: 0.001) G_GAN: 0.329 D_real: 0.185 D_fake: 0.339 G: 1.289 NCE: 1.054 NCE_Y: 0.865 
End of epoch 36 / 60 	 Time Taken: 441 sec
learning rate = 0.0001548
(epoch: 37, iters: 60, time: 0.053, data: 0.001) G_GAN: 0.295 D_real: 0.205 D_fake: 0.260 G: 1.252 NCE: 1.104 NCE_Y: 0.811 
(epoch: 37, iters: 160, time: 0.053, data: 0.001) G_GAN: 0.251 D_real: 0.394 D_fake: 0.231 G: 1.223 NCE: 1.132 NCE_Y: 0.813 
(epoch: 37, iters: 260, time: 0.053, data: 0.001) G_GAN: 0.317 D_real: 0.402 D_fake: 0.150 G: 1.347 NCE: 1.236 NCE_Y: 0.824 
(epoch: 37, iters: 360, time: 0.053, data: 0.001) G_GAN: 0.367 D_real: 0.356 D_fake: 0.136 G: 1.333 NCE: 1.098 NCE_Y: 0.833 
(epoch: 37, iters: 460, time: 0.053, data: 0.001) G_GAN: 0.959 D_real: 0.025 D_fake: 0.013 G: 1.980 NCE: 1.241 NCE_Y: 0.801 
(epoch: 37, iters: 560, time: 0.053, data: 0.004) G_GAN: 0.461 D_real: 0.110 D_fake: 0.178 G: 1.449 NCE: 1.150 NCE_Y: 0.825 
saving the latest model (epoch 37, total_iters 290000)
doctr_SELFF_to_SD_fixed_nl2
(epoch: 37, iters: 660, time: 0.053, data: 0.002) G_GAN: 0.357 D_real: 0.121 D_fake: 0.225 G: 1.311 NCE: 1.116 NCE_Y: 0.792 
(epoch: 37, iters: 760, time: 0.053, data: 0.002) G_GAN: 0.337 D_real: 0.238 D_fake: 0.219 G: 1.353 NCE: 1.214 NCE_Y: 0.818 
(epoch: 37, iters: 860, time: 0.053, data: 0.001) G_GAN: 0.269 D_real: 0.204 D_fake: 0.249 G: 1.227 NCE: 1.111 NCE_Y: 0.805 
(epoch: 37, iters: 960, time: 0.052, data: 0.001) G_GAN: 0.216 D_real: 0.304 D_fake: 0.315 G: 1.209 NCE: 1.160 NCE_Y: 0.826 
(epoch: 37, iters: 1060, time: 0.052, data: 0.001) G_GAN: 0.228 D_real: 0.196 D_fake: 0.353 G: 1.216 NCE: 1.170 NCE_Y: 0.806 
(epoch: 37, iters: 1160, time: 0.053, data: 0.001) G_GAN: 0.426 D_real: 0.379 D_fake: 0.209 G: 1.407 NCE: 1.138 NCE_Y: 0.825 
(epoch: 37, iters: 1260, time: 0.053, data: 0.001) G_GAN: 0.325 D_real: 0.371 D_fake: 0.184 G: 1.270 NCE: 1.070 NCE_Y: 0.820 
(epoch: 37, iters: 1360, time: 0.053, data: 0.001) G_GAN: 0.293 D_real: 0.257 D_fake: 0.276 G: 1.238 NCE: 1.109 NCE_Y: 0.781 
(epoch: 37, iters: 1460, time: 0.053, data: 0.001) G_GAN: 0.421 D_real: 0.127 D_fake: 0.195 G: 1.360 NCE: 1.053 NCE_Y: 0.824 
(epoch: 37, iters: 1560, time: 0.053, data: 0.001) G_GAN: 0.716 D_real: 0.048 D_fake: 0.026 G: 1.707 NCE: 1.121 NCE_Y: 0.861 
(epoch: 37, iters: 1660, time: 0.052, data: 0.001) G_GAN: 1.034 D_real: 0.024 D_fake: 0.110 G: 1.966 NCE: 1.097 NCE_Y: 0.767 
(epoch: 37, iters: 1760, time: 0.053, data: 0.001) G_GAN: 0.806 D_real: 0.072 D_fake: 0.307 G: 1.781 NCE: 1.153 NCE_Y: 0.796 
(epoch: 37, iters: 1860, time: 0.053, data: 0.001) G_GAN: 0.868 D_real: 0.046 D_fake: 0.028 G: 1.823 NCE: 1.090 NCE_Y: 0.818 
(epoch: 37, iters: 1960, time: 0.052, data: 0.001) G_GAN: 0.981 D_real: 0.017 D_fake: 0.015 G: 1.981 NCE: 1.196 NCE_Y: 0.804 
(epoch: 37, iters: 2060, time: 0.053, data: 0.001) G_GAN: 0.338 D_real: 0.197 D_fake: 0.158 G: 1.254 NCE: 1.058 NCE_Y: 0.774 
(epoch: 37, iters: 2160, time: 0.053, data: 0.001) G_GAN: 0.309 D_real: 0.102 D_fake: 0.275 G: 1.220 NCE: 1.032 NCE_Y: 0.791 
(epoch: 37, iters: 2260, time: 0.053, data: 0.001) G_GAN: 0.307 D_real: 0.165 D_fake: 0.304 G: 1.264 NCE: 1.131 NCE_Y: 0.782 
(epoch: 37, iters: 2360, time: 0.053, data: 0.001) G_GAN: 0.524 D_real: 0.128 D_fake: 0.134 G: 1.514 NCE: 1.162 NCE_Y: 0.817 
(epoch: 37, iters: 2460, time: 0.053, data: 0.001) G_GAN: 0.412 D_real: 0.364 D_fake: 0.072 G: 1.320 NCE: 1.023 NCE_Y: 0.791 
(epoch: 37, iters: 2560, time: 0.054, data: 0.001) G_GAN: 0.281 D_real: 0.216 D_fake: 0.236 G: 1.225 NCE: 1.104 NCE_Y: 0.784 
(epoch: 37, iters: 2660, time: 0.054, data: 0.001) G_GAN: 0.360 D_real: 0.155 D_fake: 0.241 G: 1.312 NCE: 1.131 NCE_Y: 0.772 
(epoch: 37, iters: 2760, time: 0.054, data: 0.001) G_GAN: 0.373 D_real: 0.035 D_fake: 0.359 G: 1.326 NCE: 1.126 NCE_Y: 0.780 
(epoch: 37, iters: 2860, time: 0.053, data: 0.001) G_GAN: 0.293 D_real: 0.240 D_fake: 0.201 G: 1.249 NCE: 1.096 NCE_Y: 0.814 
(epoch: 37, iters: 2960, time: 0.054, data: 0.001) G_GAN: 0.374 D_real: 0.193 D_fake: 0.183 G: 1.404 NCE: 1.238 NCE_Y: 0.822 
(epoch: 37, iters: 3060, time: 0.053, data: 0.001) G_GAN: 0.264 D_real: 0.308 D_fake: 0.258 G: 1.190 NCE: 1.080 NCE_Y: 0.773 
(epoch: 37, iters: 3160, time: 0.054, data: 0.001) G_GAN: 0.246 D_real: 0.228 D_fake: 0.310 G: 1.228 NCE: 1.178 NCE_Y: 0.786 
(epoch: 37, iters: 3260, time: 0.053, data: 0.001) G_GAN: 0.307 D_real: 0.217 D_fake: 0.197 G: 1.245 NCE: 1.099 NCE_Y: 0.776 
(epoch: 37, iters: 3360, time: 0.053, data: 0.001) G_GAN: 0.353 D_real: 0.067 D_fake: 0.281 G: 1.330 NCE: 1.072 NCE_Y: 0.882 
(epoch: 37, iters: 3460, time: 0.053, data: 0.001) G_GAN: 0.331 D_real: 0.215 D_fake: 0.218 G: 1.279 NCE: 1.106 NCE_Y: 0.789 
(epoch: 37, iters: 3560, time: 0.053, data: 0.001) G_GAN: 0.288 D_real: 0.180 D_fake: 0.270 G: 1.293 NCE: 1.237 NCE_Y: 0.773 
(epoch: 37, iters: 3660, time: 0.054, data: 0.001) G_GAN: 0.263 D_real: 0.262 D_fake: 0.280 G: 1.294 NCE: 1.254 NCE_Y: 0.809 
(epoch: 37, iters: 3760, time: 0.054, data: 0.001) G_GAN: 0.152 D_real: 0.231 D_fake: 0.562 G: 1.144 NCE: 1.158 NCE_Y: 0.827 
(epoch: 37, iters: 3860, time: 0.054, data: 0.001) G_GAN: 0.322 D_real: 0.053 D_fake: 0.292 G: 1.342 NCE: 1.272 NCE_Y: 0.768 
(epoch: 37, iters: 3960, time: 0.054, data: 0.001) G_GAN: 0.275 D_real: 0.400 D_fake: 0.183 G: 1.293 NCE: 1.248 NCE_Y: 0.789 
(epoch: 37, iters: 4060, time: 0.053, data: 0.001) G_GAN: 0.280 D_real: 0.459 D_fake: 0.182 G: 1.321 NCE: 1.247 NCE_Y: 0.836 
(epoch: 37, iters: 4160, time: 0.052, data: 0.001) G_GAN: 0.273 D_real: 0.097 D_fake: 0.370 G: 1.206 NCE: 1.111 NCE_Y: 0.755 
(epoch: 37, iters: 4260, time: 0.053, data: 0.001) G_GAN: 0.425 D_real: 0.180 D_fake: 0.232 G: 1.433 NCE: 1.213 NCE_Y: 0.802 
(epoch: 37, iters: 4360, time: 0.053, data: 0.001) G_GAN: 0.444 D_real: 0.256 D_fake: 0.159 G: 1.391 NCE: 1.061 NCE_Y: 0.833 
(epoch: 37, iters: 4460, time: 0.054, data: 0.001) G_GAN: 0.902 D_real: 0.053 D_fake: 0.015 G: 1.867 NCE: 1.148 NCE_Y: 0.783 
(epoch: 37, iters: 4560, time: 0.053, data: 0.001) G_GAN: 0.331 D_real: 0.195 D_fake: 0.147 G: 1.243 NCE: 1.050 NCE_Y: 0.774 
(epoch: 37, iters: 4660, time: 0.053, data: 0.001) G_GAN: 0.256 D_real: 0.262 D_fake: 0.243 G: 1.225 NCE: 1.155 NCE_Y: 0.783 
(epoch: 37, iters: 4760, time: 0.053, data: 0.001) G_GAN: 0.196 D_real: 0.285 D_fake: 0.317 G: 1.164 NCE: 1.128 NCE_Y: 0.809 
(epoch: 37, iters: 4860, time: 0.053, data: 0.001) G_GAN: 0.375 D_real: 0.134 D_fake: 0.153 G: 1.299 NCE: 1.059 NCE_Y: 0.789 
(epoch: 37, iters: 4960, time: 0.053, data: 0.001) G_GAN: 0.379 D_real: 0.198 D_fake: 0.240 G: 1.295 NCE: 1.057 NCE_Y: 0.776 
(epoch: 37, iters: 5060, time: 0.053, data: 0.001) G_GAN: 0.330 D_real: 0.216 D_fake: 0.201 G: 1.290 NCE: 1.126 NCE_Y: 0.794 
(epoch: 37, iters: 5160, time: 0.054, data: 0.001) G_GAN: 0.284 D_real: 0.199 D_fake: 0.296 G: 1.227 NCE: 1.087 NCE_Y: 0.799 
(epoch: 37, iters: 5260, time: 0.054, data: 0.001) G_GAN: 0.195 D_real: 0.353 D_fake: 0.291 G: 1.171 NCE: 1.157 NCE_Y: 0.794 
(epoch: 37, iters: 5360, time: 0.054, data: 0.001) G_GAN: 0.373 D_real: 0.194 D_fake: 0.164 G: 1.336 NCE: 1.129 NCE_Y: 0.796 
(epoch: 37, iters: 5460, time: 0.053, data: 0.001) G_GAN: 0.306 D_real: 0.527 D_fake: 0.165 G: 1.339 NCE: 1.254 NCE_Y: 0.812 
(epoch: 37, iters: 5560, time: 0.054, data: 0.001) G_GAN: 0.311 D_real: 0.126 D_fake: 0.255 G: 1.300 NCE: 1.177 NCE_Y: 0.801 
saving the latest model (epoch 37, total_iters 295000)
doctr_SELFF_to_SD_fixed_nl2
(epoch: 37, iters: 5660, time: 0.053, data: 0.001) G_GAN: 0.274 D_real: 0.307 D_fake: 0.216 G: 1.223 NCE: 1.135 NCE_Y: 0.763 
(epoch: 37, iters: 5760, time: 0.053, data: 0.001) G_GAN: 0.262 D_real: 0.235 D_fake: 0.289 G: 1.193 NCE: 1.077 NCE_Y: 0.784 
(epoch: 37, iters: 5860, time: 0.053, data: 0.001) G_GAN: 0.373 D_real: 0.198 D_fake: 0.171 G: 1.354 NCE: 1.113 NCE_Y: 0.848 
(epoch: 37, iters: 5960, time: 0.053, data: 0.001) G_GAN: 0.268 D_real: 0.389 D_fake: 0.197 G: 1.249 NCE: 1.180 NCE_Y: 0.782 
(epoch: 37, iters: 6060, time: 0.054, data: 0.001) G_GAN: 0.268 D_real: 0.346 D_fake: 0.189 G: 1.242 NCE: 1.118 NCE_Y: 0.831 
(epoch: 37, iters: 6160, time: 0.053, data: 0.001) G_GAN: 0.499 D_real: 0.162 D_fake: 0.187 G: 1.467 NCE: 1.156 NCE_Y: 0.781 
(epoch: 37, iters: 6260, time: 0.053, data: 0.001) G_GAN: 0.302 D_real: 0.199 D_fake: 0.224 G: 1.221 NCE: 1.054 NCE_Y: 0.783 
(epoch: 37, iters: 6360, time: 0.053, data: 0.001) G_GAN: 0.357 D_real: 0.186 D_fake: 0.179 G: 1.303 NCE: 1.126 NCE_Y: 0.768 
(epoch: 37, iters: 6460, time: 0.054, data: 0.002) G_GAN: 0.277 D_real: 0.111 D_fake: 0.340 G: 1.312 NCE: 1.265 NCE_Y: 0.806 
(epoch: 37, iters: 6560, time: 0.053, data: 0.001) G_GAN: 0.239 D_real: 0.286 D_fake: 0.313 G: 1.287 NCE: 1.258 NCE_Y: 0.838 
(epoch: 37, iters: 6660, time: 0.053, data: 0.001) G_GAN: 0.319 D_real: 0.227 D_fake: 0.240 G: 1.354 NCE: 1.247 NCE_Y: 0.823 
(epoch: 37, iters: 6760, time: 0.053, data: 0.001) G_GAN: 0.512 D_real: 0.151 D_fake: 0.136 G: 1.451 NCE: 1.098 NCE_Y: 0.781 
(epoch: 37, iters: 6860, time: 0.053, data: 0.001) G_GAN: 0.325 D_real: 0.447 D_fake: 0.129 G: 1.253 NCE: 1.052 NCE_Y: 0.803 
(epoch: 37, iters: 6960, time: 0.054, data: 0.001) G_GAN: 1.012 D_real: 0.012 D_fake: 0.006 G: 2.086 NCE: 1.273 NCE_Y: 0.875 
(epoch: 37, iters: 7060, time: 0.053, data: 0.001) G_GAN: 1.012 D_real: 0.007 D_fake: 0.016 G: 2.308 NCE: 1.663 NCE_Y: 0.928 
(epoch: 37, iters: 7160, time: 0.053, data: 0.001) G_GAN: 0.987 D_real: 0.004 D_fake: 0.009 G: 2.223 NCE: 1.528 NCE_Y: 0.945 
(epoch: 37, iters: 7260, time: 0.053, data: 0.001) G_GAN: 1.018 D_real: 0.004 D_fake: 0.009 G: 2.279 NCE: 1.575 NCE_Y: 0.947 
(epoch: 37, iters: 7360, time: 0.054, data: 0.001) G_GAN: 0.994 D_real: 0.003 D_fake: 0.007 G: 2.263 NCE: 1.596 NCE_Y: 0.943 
(epoch: 37, iters: 7460, time: 0.054, data: 0.001) G_GAN: 0.972 D_real: 0.004 D_fake: 0.008 G: 2.225 NCE: 1.565 NCE_Y: 0.939 
(epoch: 37, iters: 7560, time: 0.054, data: 0.001) G_GAN: 0.995 D_real: 0.002 D_fake: 0.006 G: 2.192 NCE: 1.502 NCE_Y: 0.890 
(epoch: 37, iters: 7660, time: 0.053, data: 0.001) G_GAN: 0.993 D_real: 0.002 D_fake: 0.006 G: 2.140 NCE: 1.450 NCE_Y: 0.843 
(epoch: 37, iters: 7760, time: 0.053, data: 0.001) G_GAN: 1.036 D_real: 0.002 D_fake: 0.013 G: 2.181 NCE: 1.398 NCE_Y: 0.891 
(epoch: 37, iters: 7860, time: 0.053, data: 0.001) G_GAN: 0.965 D_real: 0.004 D_fake: 0.004 G: 2.119 NCE: 1.439 NCE_Y: 0.870 
(epoch: 37, iters: 7960, time: 0.053, data: 0.001) G_GAN: 1.048 D_real: 0.004 D_fake: 0.006 G: 2.160 NCE: 1.362 NCE_Y: 0.862 
End of epoch 37 / 60 	 Time Taken: 443 sec
learning rate = 0.0001484
(epoch: 38, iters: 20, time: 0.054, data: 0.001) G_GAN: 0.987 D_real: 0.004 D_fake: 0.003 G: 2.112 NCE: 1.334 NCE_Y: 0.917 
(epoch: 38, iters: 120, time: 0.053, data: 0.001) G_GAN: 0.999 D_real: 0.002 D_fake: 0.002 G: 2.159 NCE: 1.383 NCE_Y: 0.937 
(epoch: 38, iters: 220, time: 0.054, data: 0.001) G_GAN: 1.004 D_real: 0.002 D_fake: 0.004 G: 2.088 NCE: 1.343 NCE_Y: 0.826 
(epoch: 38, iters: 320, time: 0.054, data: 0.001) G_GAN: 1.006 D_real: 0.003 D_fake: 0.002 G: 2.155 NCE: 1.420 NCE_Y: 0.877 
(epoch: 38, iters: 420, time: 0.054, data: 0.001) G_GAN: 1.009 D_real: 0.002 D_fake: 0.003 G: 2.308 NCE: 1.788 NCE_Y: 0.810 
(epoch: 38, iters: 520, time: 0.053, data: 0.001) G_GAN: 0.981 D_real: 0.003 D_fake: 0.002 G: 2.165 NCE: 1.497 NCE_Y: 0.872 
(epoch: 38, iters: 620, time: 0.053, data: 0.001) G_GAN: 1.033 D_real: 0.003 D_fake: 0.002 G: 2.226 NCE: 1.544 NCE_Y: 0.844 
(epoch: 38, iters: 720, time: 0.054, data: 0.002) G_GAN: 0.963 D_real: 0.001 D_fake: 0.004 G: 2.094 NCE: 1.432 NCE_Y: 0.830 
(epoch: 38, iters: 820, time: 0.053, data: 0.001) G_GAN: 1.018 D_real: 0.001 D_fake: 0.010 G: 2.139 NCE: 1.449 NCE_Y: 0.794 
(epoch: 38, iters: 920, time: 0.053, data: 0.001) G_GAN: 1.001 D_real: 0.008 D_fake: 0.016 G: 2.103 NCE: 1.399 NCE_Y: 0.805 
(epoch: 38, iters: 1020, time: 0.053, data: 0.001) G_GAN: 0.963 D_real: 0.003 D_fake: 0.012 G: 2.043 NCE: 1.363 NCE_Y: 0.797 
(epoch: 38, iters: 1120, time: 0.053, data: 0.001) G_GAN: 1.003 D_real: 0.002 D_fake: 0.003 G: 2.101 NCE: 1.342 NCE_Y: 0.855 
(epoch: 38, iters: 1220, time: 0.053, data: 0.001) G_GAN: 0.984 D_real: 0.003 D_fake: 0.003 G: 2.130 NCE: 1.391 NCE_Y: 0.900 
(epoch: 38, iters: 1320, time: 0.053, data: 0.001) G_GAN: 0.997 D_real: 0.003 D_fake: 0.003 G: 2.113 NCE: 1.308 NCE_Y: 0.926 
(epoch: 38, iters: 1420, time: 0.053, data: 0.001) G_GAN: 1.017 D_real: 0.002 D_fake: 0.004 G: 2.118 NCE: 1.368 NCE_Y: 0.833 
(epoch: 38, iters: 1520, time: 0.053, data: 0.001) G_GAN: 0.709 D_real: 0.172 D_fake: 0.035 G: 1.806 NCE: 1.291 NCE_Y: 0.902 
(epoch: 38, iters: 1620, time: 0.053, data: 0.001) G_GAN: 0.492 D_real: 0.243 D_fake: 0.123 G: 1.480 NCE: 1.058 NCE_Y: 0.917 
(epoch: 38, iters: 1720, time: 0.054, data: 0.001) G_GAN: 1.260 D_real: 0.023 D_fake: 0.016 G: 2.239 NCE: 1.035 NCE_Y: 0.924 
(epoch: 38, iters: 1820, time: 0.053, data: 0.001) G_GAN: 1.120 D_real: 0.037 D_fake: 0.030 G: 2.089 NCE: 1.056 NCE_Y: 0.882 
(epoch: 38, iters: 1920, time: 0.053, data: 0.001) G_GAN: 0.561 D_real: 0.123 D_fake: 0.113 G: 1.602 NCE: 1.120 NCE_Y: 0.961 
(epoch: 38, iters: 2020, time: 0.053, data: 0.001) G_GAN: 0.270 D_real: 0.103 D_fake: 0.366 G: 1.234 NCE: 1.040 NCE_Y: 0.889 
(epoch: 38, iters: 2120, time: 0.053, data: 0.001) G_GAN: 0.207 D_real: 0.327 D_fake: 0.249 G: 1.191 NCE: 1.117 NCE_Y: 0.852 
(epoch: 38, iters: 2220, time: 0.053, data: 0.001) G_GAN: 0.312 D_real: 0.227 D_fake: 0.205 G: 1.235 NCE: 1.011 NCE_Y: 0.834 
(epoch: 38, iters: 2320, time: 0.053, data: 0.002) G_GAN: 0.249 D_real: 0.201 D_fake: 0.280 G: 1.246 NCE: 1.143 NCE_Y: 0.851 
(epoch: 38, iters: 2420, time: 0.053, data: 0.001) G_GAN: 0.294 D_real: 0.594 D_fake: 0.130 G: 1.239 NCE: 1.077 NCE_Y: 0.813 
(epoch: 38, iters: 2520, time: 0.053, data: 0.001) G_GAN: 0.335 D_real: 0.136 D_fake: 0.210 G: 1.320 NCE: 1.137 NCE_Y: 0.832 
saving the latest model (epoch 38, total_iters 300000)
doctr_SELFF_to_SD_fixed_nl2
(epoch: 38, iters: 2620, time: 0.053, data: 0.001) G_GAN: 0.247 D_real: 0.316 D_fake: 0.195 G: 1.251 NCE: 1.172 NCE_Y: 0.837 
(epoch: 38, iters: 2720, time: 0.053, data: 0.002) G_GAN: 0.353 D_real: 0.290 D_fake: 0.179 G: 1.397 NCE: 1.246 NCE_Y: 0.842 
(epoch: 38, iters: 2820, time: 0.053, data: 0.001) G_GAN: 0.312 D_real: 0.216 D_fake: 0.257 G: 1.321 NCE: 1.192 NCE_Y: 0.825 
(epoch: 38, iters: 2920, time: 0.053, data: 0.001) G_GAN: 0.250 D_real: 0.390 D_fake: 0.179 G: 1.232 NCE: 1.162 NCE_Y: 0.802 
(epoch: 38, iters: 3020, time: 0.053, data: 0.002) G_GAN: 0.342 D_real: 0.307 D_fake: 0.164 G: 1.275 NCE: 1.067 NCE_Y: 0.799 
(epoch: 38, iters: 3120, time: 0.053, data: 0.001) G_GAN: 0.782 D_real: 0.016 D_fake: 0.262 G: 1.843 NCE: 1.237 NCE_Y: 0.886 
(epoch: 38, iters: 3220, time: 0.053, data: 0.001) G_GAN: 1.469 D_real: 0.038 D_fake: 0.135 G: 2.420 NCE: 1.065 NCE_Y: 0.837 
(epoch: 38, iters: 3320, time: 0.053, data: 0.001) G_GAN: 0.319 D_real: 0.364 D_fake: 0.156 G: 1.321 NCE: 1.182 NCE_Y: 0.822 
(epoch: 38, iters: 3420, time: 0.053, data: 0.001) G_GAN: 0.366 D_real: 0.136 D_fake: 0.239 G: 1.318 NCE: 1.101 NCE_Y: 0.803 
(epoch: 38, iters: 3520, time: 0.053, data: 0.001) G_GAN: 0.223 D_real: 0.357 D_fake: 0.287 G: 1.246 NCE: 1.225 NCE_Y: 0.820 
(epoch: 38, iters: 3620, time: 0.053, data: 0.001) G_GAN: 0.271 D_real: 0.201 D_fake: 0.267 G: 1.250 NCE: 1.105 NCE_Y: 0.852 
(epoch: 38, iters: 3720, time: 0.053, data: 0.001) G_GAN: 0.337 D_real: 0.228 D_fake: 0.185 G: 1.251 NCE: 1.031 NCE_Y: 0.797 
(epoch: 38, iters: 3820, time: 0.053, data: 0.001) G_GAN: 0.385 D_real: 0.031 D_fake: 0.286 G: 1.333 NCE: 1.120 NCE_Y: 0.776 
(epoch: 38, iters: 3920, time: 0.053, data: 0.001) G_GAN: 0.336 D_real: 0.134 D_fake: 0.305 G: 1.280 NCE: 1.099 NCE_Y: 0.789 
(epoch: 38, iters: 4020, time: 0.053, data: 0.001) G_GAN: 0.266 D_real: 0.477 D_fake: 0.254 G: 1.284 NCE: 1.211 NCE_Y: 0.825 
(epoch: 38, iters: 4120, time: 0.053, data: 0.001) G_GAN: 0.281 D_real: 0.278 D_fake: 0.229 G: 1.254 NCE: 1.151 NCE_Y: 0.793 
(epoch: 38, iters: 4220, time: 0.053, data: 0.001) G_GAN: 0.848 D_real: 0.019 D_fake: 0.024 G: 1.962 NCE: 1.410 NCE_Y: 0.818 
(epoch: 38, iters: 4320, time: 0.053, data: 0.003) G_GAN: 1.085 D_real: 0.104 D_fake: 0.086 G: 2.035 NCE: 1.100 NCE_Y: 0.800 
(epoch: 38, iters: 4420, time: 0.053, data: 0.001) G_GAN: 0.270 D_real: 0.216 D_fake: 0.258 G: 1.262 NCE: 1.200 NCE_Y: 0.783 
(epoch: 38, iters: 4520, time: 0.053, data: 0.001) G_GAN: 0.327 D_real: 0.093 D_fake: 0.363 G: 1.278 NCE: 1.091 NCE_Y: 0.811 
(epoch: 38, iters: 4620, time: 0.053, data: 0.001) G_GAN: 0.245 D_real: 0.326 D_fake: 0.227 G: 1.208 NCE: 1.113 NCE_Y: 0.812 
(epoch: 38, iters: 4720, time: 0.053, data: 0.001) G_GAN: 0.380 D_real: 0.212 D_fake: 0.197 G: 1.386 NCE: 1.188 NCE_Y: 0.823 
(epoch: 38, iters: 4820, time: 0.054, data: 0.001) G_GAN: 0.379 D_real: 0.461 D_fake: 0.116 G: 1.371 NCE: 1.192 NCE_Y: 0.792 
(epoch: 38, iters: 4920, time: 0.053, data: 0.001) G_GAN: 0.248 D_real: 0.207 D_fake: 0.288 G: 1.264 NCE: 1.235 NCE_Y: 0.797 
(epoch: 38, iters: 5020, time: 0.052, data: 0.001) G_GAN: 0.296 D_real: 0.162 D_fake: 0.295 G: 1.288 NCE: 1.175 NCE_Y: 0.808 
(epoch: 38, iters: 5120, time: 0.053, data: 0.001) G_GAN: 0.284 D_real: 0.301 D_fake: 0.200 G: 1.274 NCE: 1.213 NCE_Y: 0.767 
(epoch: 38, iters: 5220, time: 0.053, data: 0.001) G_GAN: 0.402 D_real: 0.324 D_fake: 0.089 G: 1.340 NCE: 1.124 NCE_Y: 0.751 
(epoch: 38, iters: 5320, time: 0.053, data: 0.001) G_GAN: 0.300 D_real: 0.165 D_fake: 0.245 G: 1.216 NCE: 1.076 NCE_Y: 0.756 
(epoch: 38, iters: 5420, time: 0.053, data: 0.001) G_GAN: 0.264 D_real: 0.271 D_fake: 0.211 G: 1.180 NCE: 1.058 NCE_Y: 0.775 
(epoch: 38, iters: 5520, time: 0.053, data: 0.001) G_GAN: 0.254 D_real: 0.185 D_fake: 0.414 G: 1.281 NCE: 1.226 NCE_Y: 0.828 
(epoch: 38, iters: 5620, time: 0.053, data: 0.002) G_GAN: 0.338 D_real: 0.326 D_fake: 0.137 G: 1.271 NCE: 1.070 NCE_Y: 0.796 
(epoch: 38, iters: 5720, time: 0.053, data: 0.001) G_GAN: 0.357 D_real: 0.267 D_fake: 0.163 G: 1.278 NCE: 1.067 NCE_Y: 0.775 
(epoch: 38, iters: 5820, time: 0.054, data: 0.001) G_GAN: 0.326 D_real: 0.155 D_fake: 0.298 G: 1.285 NCE: 1.157 NCE_Y: 0.761 
(epoch: 38, iters: 5920, time: 0.053, data: 0.001) G_GAN: 0.311 D_real: 0.223 D_fake: 0.187 G: 1.237 NCE: 1.083 NCE_Y: 0.770 
(epoch: 38, iters: 6020, time: 0.053, data: 0.001) G_GAN: 0.415 D_real: 0.145 D_fake: 0.173 G: 1.353 NCE: 1.135 NCE_Y: 0.742 
(epoch: 38, iters: 6120, time: 0.053, data: 0.001) G_GAN: 0.252 D_real: 0.265 D_fake: 0.285 G: 1.232 NCE: 1.184 NCE_Y: 0.775 
(epoch: 38, iters: 6220, time: 0.053, data: 0.001) G_GAN: 0.245 D_real: 0.209 D_fake: 0.264 G: 1.174 NCE: 1.076 NCE_Y: 0.783 
(epoch: 38, iters: 6320, time: 0.053, data: 0.001) G_GAN: 0.305 D_real: 0.386 D_fake: 0.224 G: 1.247 NCE: 1.079 NCE_Y: 0.804 
(epoch: 38, iters: 6420, time: 0.053, data: 0.001) G_GAN: 0.305 D_real: 0.230 D_fake: 0.193 G: 1.280 NCE: 1.139 NCE_Y: 0.810 
(epoch: 38, iters: 6520, time: 0.053, data: 0.001) G_GAN: 0.338 D_real: 0.164 D_fake: 0.230 G: 1.304 NCE: 1.175 NCE_Y: 0.757 
(epoch: 38, iters: 6620, time: 0.053, data: 0.001) G_GAN: 0.434 D_real: 0.165 D_fake: 0.138 G: 1.386 NCE: 1.122 NCE_Y: 0.780 
(epoch: 38, iters: 6720, time: 0.053, data: 0.001) G_GAN: 0.309 D_real: 0.106 D_fake: 0.291 G: 1.236 NCE: 1.111 NCE_Y: 0.743 
(epoch: 38, iters: 6820, time: 0.053, data: 0.001) G_GAN: 0.847 D_real: 0.014 D_fake: 0.025 G: 1.797 NCE: 1.124 NCE_Y: 0.775 
(epoch: 38, iters: 6920, time: 0.053, data: 0.001) G_GAN: 1.051 D_real: 0.013 D_fake: 0.018 G: 1.994 NCE: 1.063 NCE_Y: 0.821 
(epoch: 38, iters: 7020, time: 0.053, data: 0.001) G_GAN: 0.340 D_real: 0.145 D_fake: 0.203 G: 1.278 NCE: 1.078 NCE_Y: 0.798 
(epoch: 38, iters: 7120, time: 0.053, data: 0.001) G_GAN: 0.318 D_real: 0.204 D_fake: 0.227 G: 1.290 NCE: 1.134 NCE_Y: 0.810 
(epoch: 38, iters: 7220, time: 0.053, data: 0.001) G_GAN: 0.298 D_real: 0.254 D_fake: 0.233 G: 1.248 NCE: 1.145 NCE_Y: 0.756 
(epoch: 38, iters: 7320, time: 0.053, data: 0.001) G_GAN: 0.346 D_real: 0.246 D_fake: 0.180 G: 1.290 NCE: 1.097 NCE_Y: 0.791 
(epoch: 38, iters: 7420, time: 0.053, data: 0.001) G_GAN: 0.389 D_real: 0.104 D_fake: 0.291 G: 1.429 NCE: 1.308 NCE_Y: 0.771 
(epoch: 38, iters: 7520, time: 0.053, data: 0.001) G_GAN: 0.326 D_real: 0.259 D_fake: 0.153 G: 1.278 NCE: 1.055 NCE_Y: 0.849 
saving the latest model (epoch 38, total_iters 305000)
doctr_SELFF_to_SD_fixed_nl2
(epoch: 38, iters: 7620, time: 0.053, data: 0.001) G_GAN: 0.245 D_real: 0.272 D_fake: 0.227 G: 1.180 NCE: 1.052 NCE_Y: 0.819 
(epoch: 38, iters: 7720, time: 0.053, data: 0.001) G_GAN: 0.706 D_real: 0.073 D_fake: 0.118 G: 1.649 NCE: 1.089 NCE_Y: 0.798 
(epoch: 38, iters: 7820, time: 0.053, data: 0.001) G_GAN: 0.407 D_real: 0.364 D_fake: 0.081 G: 1.342 NCE: 1.079 NCE_Y: 0.793 
(epoch: 38, iters: 7920, time: 0.052, data: 0.001) G_GAN: 0.343 D_real: 0.144 D_fake: 0.209 G: 1.264 NCE: 1.078 NCE_Y: 0.764 
(epoch: 38, iters: 8020, time: 0.052, data: 0.001) G_GAN: 0.308 D_real: 0.229 D_fake: 0.201 G: 1.257 NCE: 1.103 NCE_Y: 0.794 
End of epoch 38 / 60 	 Time Taken: 442 sec
learning rate = 0.0001419
(epoch: 39, iters: 80, time: 0.052, data: 0.001) G_GAN: 0.386 D_real: 0.312 D_fake: 0.133 G: 1.338 NCE: 1.124 NCE_Y: 0.780 
(epoch: 39, iters: 180, time: 0.053, data: 0.001) G_GAN: 0.304 D_real: 0.207 D_fake: 0.267 G: 1.318 NCE: 1.240 NCE_Y: 0.787 
(epoch: 39, iters: 280, time: 0.053, data: 0.001) G_GAN: 1.301 D_real: 0.366 D_fake: 0.120 G: 2.254 NCE: 1.097 NCE_Y: 0.810 
(epoch: 39, iters: 380, time: 0.054, data: 0.001) G_GAN: 0.698 D_real: 0.022 D_fake: 0.081 G: 1.651 NCE: 1.111 NCE_Y: 0.795 
(epoch: 39, iters: 480, time: 0.053, data: 0.001) G_GAN: 0.827 D_real: 0.007 D_fake: 0.050 G: 1.852 NCE: 1.209 NCE_Y: 0.840 
(epoch: 39, iters: 580, time: 0.054, data: 0.002) G_GAN: 0.437 D_real: 0.143 D_fake: 0.150 G: 1.397 NCE: 1.075 NCE_Y: 0.846 
(epoch: 39, iters: 680, time: 0.054, data: 0.001) G_GAN: 0.321 D_real: 0.345 D_fake: 0.185 G: 1.279 NCE: 1.134 NCE_Y: 0.781 
(epoch: 39, iters: 780, time: 0.053, data: 0.001) G_GAN: 0.280 D_real: 0.211 D_fake: 0.199 G: 1.213 NCE: 1.063 NCE_Y: 0.803 
(epoch: 39, iters: 880, time: 0.053, data: 0.001) G_GAN: 0.269 D_real: 0.203 D_fake: 0.267 G: 1.280 NCE: 1.233 NCE_Y: 0.788 
(epoch: 39, iters: 980, time: 0.053, data: 0.001) G_GAN: 0.284 D_real: 0.263 D_fake: 0.244 G: 1.222 NCE: 1.097 NCE_Y: 0.778 
(epoch: 39, iters: 1080, time: 0.053, data: 0.001) G_GAN: 0.264 D_real: 0.280 D_fake: 0.193 G: 1.186 NCE: 1.066 NCE_Y: 0.777 
(epoch: 39, iters: 1180, time: 0.052, data: 0.001) G_GAN: 0.351 D_real: 0.204 D_fake: 0.185 G: 1.250 NCE: 1.029 NCE_Y: 0.768 
(epoch: 39, iters: 1280, time: 0.052, data: 0.001) G_GAN: 0.317 D_real: 0.288 D_fake: 0.184 G: 1.315 NCE: 1.206 NCE_Y: 0.790 
(epoch: 39, iters: 1380, time: 0.053, data: 0.001) G_GAN: 0.363 D_real: 0.175 D_fake: 0.196 G: 1.323 NCE: 1.165 NCE_Y: 0.753 
(epoch: 39, iters: 1480, time: 0.053, data: 0.001) G_GAN: 0.494 D_real: 0.361 D_fake: 0.091 G: 1.404 NCE: 1.058 NCE_Y: 0.763 
(epoch: 39, iters: 1580, time: 0.053, data: 0.001) G_GAN: 0.251 D_real: 0.395 D_fake: 0.190 G: 1.230 NCE: 1.191 NCE_Y: 0.767 
(epoch: 39, iters: 1680, time: 0.053, data: 0.001) G_GAN: 0.261 D_real: 0.289 D_fake: 0.149 G: 1.192 NCE: 1.078 NCE_Y: 0.784 
(epoch: 39, iters: 1780, time: 0.053, data: 0.001) G_GAN: 0.340 D_real: 0.236 D_fake: 0.183 G: 1.374 NCE: 1.282 NCE_Y: 0.785 
(epoch: 39, iters: 1880, time: 0.054, data: 0.001) G_GAN: 0.204 D_real: 0.299 D_fake: 0.336 G: 1.271 NCE: 1.328 NCE_Y: 0.806 
(epoch: 39, iters: 1980, time: 0.054, data: 0.001) G_GAN: 0.295 D_real: 0.262 D_fake: 0.212 G: 1.253 NCE: 1.112 NCE_Y: 0.804 
(epoch: 39, iters: 2080, time: 0.054, data: 0.001) G_GAN: 0.382 D_real: 0.286 D_fake: 0.118 G: 1.344 NCE: 1.124 NCE_Y: 0.799 
(epoch: 39, iters: 2180, time: 0.053, data: 0.001) G_GAN: 0.318 D_real: 0.228 D_fake: 0.216 G: 1.253 NCE: 1.091 NCE_Y: 0.779 
(epoch: 39, iters: 2280, time: 0.053, data: 0.001) G_GAN: 0.304 D_real: 0.143 D_fake: 0.234 G: 1.281 NCE: 1.139 NCE_Y: 0.815 
(epoch: 39, iters: 2380, time: 0.053, data: 0.001) G_GAN: 0.360 D_real: 0.190 D_fake: 0.218 G: 1.311 NCE: 1.103 NCE_Y: 0.799 
(epoch: 39, iters: 2480, time: 0.053, data: 0.001) G_GAN: 0.340 D_real: 0.160 D_fake: 0.218 G: 1.271 NCE: 1.066 NCE_Y: 0.796 
(epoch: 39, iters: 2580, time: 0.053, data: 0.001) G_GAN: 0.382 D_real: 0.141 D_fake: 0.308 G: 1.358 NCE: 1.136 NCE_Y: 0.818 
(epoch: 39, iters: 2680, time: 0.053, data: 0.001) G_GAN: 0.267 D_real: 0.237 D_fake: 0.267 G: 1.219 NCE: 1.103 NCE_Y: 0.801 
(epoch: 39, iters: 2780, time: 0.053, data: 0.001) G_GAN: 0.362 D_real: 0.290 D_fake: 0.154 G: 1.317 NCE: 1.098 NCE_Y: 0.814 
(epoch: 39, iters: 2880, time: 0.053, data: 0.001) G_GAN: 0.260 D_real: 0.190 D_fake: 0.287 G: 1.150 NCE: 1.020 NCE_Y: 0.759 
(epoch: 39, iters: 2980, time: 0.053, data: 0.001) G_GAN: 0.340 D_real: 0.172 D_fake: 0.198 G: 1.270 NCE: 1.037 NCE_Y: 0.824 
(epoch: 39, iters: 3080, time: 0.053, data: 0.001) G_GAN: 0.307 D_real: 0.224 D_fake: 0.207 G: 1.269 NCE: 1.141 NCE_Y: 0.782 
(epoch: 39, iters: 3180, time: 0.053, data: 0.001) G_GAN: 0.307 D_real: 0.205 D_fake: 0.251 G: 1.224 NCE: 1.061 NCE_Y: 0.774 
(epoch: 39, iters: 3280, time: 0.052, data: 0.001) G_GAN: 0.317 D_real: 0.174 D_fake: 0.234 G: 1.246 NCE: 1.069 NCE_Y: 0.788 
(epoch: 39, iters: 3380, time: 0.053, data: 0.001) G_GAN: 0.302 D_real: 0.494 D_fake: 0.123 G: 1.264 NCE: 1.128 NCE_Y: 0.797 
(epoch: 39, iters: 3480, time: 0.053, data: 0.001) G_GAN: 0.368 D_real: 0.095 D_fake: 0.256 G: 1.327 NCE: 1.154 NCE_Y: 0.763 
(epoch: 39, iters: 3580, time: 0.054, data: 0.001) G_GAN: 0.273 D_real: 0.181 D_fake: 0.257 G: 1.290 NCE: 1.215 NCE_Y: 0.819 
(epoch: 39, iters: 3680, time: 0.053, data: 0.001) G_GAN: 0.352 D_real: 0.196 D_fake: 0.177 G: 1.303 NCE: 1.089 NCE_Y: 0.814 
(epoch: 39, iters: 3780, time: 0.054, data: 0.001) G_GAN: 0.402 D_real: 0.146 D_fake: 0.227 G: 1.356 NCE: 1.094 NCE_Y: 0.814 
(epoch: 39, iters: 3880, time: 0.054, data: 0.001) G_GAN: 0.260 D_real: 0.221 D_fake: 0.328 G: 1.205 NCE: 1.099 NCE_Y: 0.791 
(epoch: 39, iters: 3980, time: 0.053, data: 0.001) G_GAN: 0.284 D_real: 0.263 D_fake: 0.216 G: 1.264 NCE: 1.136 NCE_Y: 0.823 
(epoch: 39, iters: 4080, time: 0.053, data: 0.001) G_GAN: 0.962 D_real: 0.008 D_fake: 0.011 G: 2.055 NCE: 1.368 NCE_Y: 0.818 
(epoch: 39, iters: 4180, time: 0.053, data: 0.001) G_GAN: 0.496 D_real: 0.111 D_fake: 0.150 G: 1.467 NCE: 1.174 NCE_Y: 0.768 
(epoch: 39, iters: 4280, time: 0.054, data: 0.001) G_GAN: 0.351 D_real: 0.070 D_fake: 0.273 G: 1.315 NCE: 1.119 NCE_Y: 0.809 
(epoch: 39, iters: 4380, time: 0.053, data: 0.001) G_GAN: 0.332 D_real: 0.106 D_fake: 0.273 G: 1.292 NCE: 1.097 NCE_Y: 0.824 
(epoch: 39, iters: 4480, time: 0.054, data: 0.001) G_GAN: 0.454 D_real: 0.255 D_fake: 0.120 G: 1.461 NCE: 1.235 NCE_Y: 0.779 
saving the latest model (epoch 39, total_iters 310000)
doctr_SELFF_to_SD_fixed_nl2
(epoch: 39, iters: 4580, time: 0.053, data: 0.001) G_GAN: 0.300 D_real: 0.176 D_fake: 0.348 G: 1.300 NCE: 1.190 NCE_Y: 0.811 
(epoch: 39, iters: 4680, time: 0.053, data: 0.001) G_GAN: 0.309 D_real: 0.129 D_fake: 0.261 G: 1.249 NCE: 1.065 NCE_Y: 0.815 
(epoch: 39, iters: 4780, time: 0.053, data: 0.001) G_GAN: 0.360 D_real: 0.447 D_fake: 0.122 G: 1.460 NCE: 1.405 NCE_Y: 0.795 
(epoch: 39, iters: 4880, time: 0.053, data: 0.001) G_GAN: 0.323 D_real: 0.125 D_fake: 0.236 G: 1.289 NCE: 1.109 NCE_Y: 0.822 
(epoch: 39, iters: 4980, time: 0.053, data: 0.001) G_GAN: 0.201 D_real: 0.246 D_fake: 0.429 G: 1.220 NCE: 1.217 NCE_Y: 0.821 
(epoch: 39, iters: 5080, time: 0.054, data: 0.001) G_GAN: 0.418 D_real: 0.137 D_fake: 0.288 G: 1.344 NCE: 1.084 NCE_Y: 0.767 
(epoch: 39, iters: 5180, time: 0.053, data: 0.001) G_GAN: 0.311 D_real: 0.247 D_fake: 0.202 G: 1.223 NCE: 1.043 NCE_Y: 0.781 
(epoch: 39, iters: 5280, time: 0.053, data: 0.001) G_GAN: 0.250 D_real: 0.333 D_fake: 0.350 G: 1.329 NCE: 1.332 NCE_Y: 0.827 
(epoch: 39, iters: 5380, time: 0.053, data: 0.001) G_GAN: 0.431 D_real: 0.096 D_fake: 0.150 G: 1.401 NCE: 1.156 NCE_Y: 0.782 
(epoch: 39, iters: 5480, time: 0.053, data: 0.001) G_GAN: 0.197 D_real: 0.383 D_fake: 0.264 G: 1.163 NCE: 1.134 NCE_Y: 0.799 
(epoch: 39, iters: 5580, time: 0.053, data: 0.001) G_GAN: 0.315 D_real: 0.114 D_fake: 0.258 G: 1.283 NCE: 1.184 NCE_Y: 0.752 
(epoch: 39, iters: 5680, time: 0.054, data: 0.001) G_GAN: 0.285 D_real: 0.247 D_fake: 0.238 G: 1.216 NCE: 1.094 NCE_Y: 0.767 
(epoch: 39, iters: 5780, time: 0.053, data: 0.001) G_GAN: 0.869 D_real: 0.169 D_fake: 0.031 G: 1.779 NCE: 1.030 NCE_Y: 0.789 
(epoch: 39, iters: 5880, time: 0.053, data: 0.001) G_GAN: 0.407 D_real: 0.106 D_fake: 0.224 G: 1.344 NCE: 1.077 NCE_Y: 0.797 
(epoch: 39, iters: 5980, time: 0.053, data: 0.001) G_GAN: 0.540 D_real: 0.232 D_fake: 0.181 G: 1.492 NCE: 1.106 NCE_Y: 0.798 
(epoch: 39, iters: 6080, time: 0.053, data: 0.001) G_GAN: 0.483 D_real: 0.144 D_fake: 0.133 G: 1.434 NCE: 1.123 NCE_Y: 0.780 
(epoch: 39, iters: 6180, time: 0.053, data: 0.001) G_GAN: 0.283 D_real: 0.387 D_fake: 0.184 G: 1.289 NCE: 1.222 NCE_Y: 0.789 
(epoch: 39, iters: 6280, time: 0.053, data: 0.001) G_GAN: 0.511 D_real: 0.207 D_fake: 0.126 G: 1.461 NCE: 1.134 NCE_Y: 0.766 
(epoch: 39, iters: 6380, time: 0.053, data: 0.001) G_GAN: 0.609 D_real: 0.022 D_fake: 0.097 G: 1.589 NCE: 1.195 NCE_Y: 0.765 
(epoch: 39, iters: 6480, time: 0.053, data: 0.002) G_GAN: 1.075 D_real: 0.063 D_fake: 0.031 G: 2.093 NCE: 1.255 NCE_Y: 0.781 
(epoch: 39, iters: 6580, time: 0.054, data: 0.001) G_GAN: 0.539 D_real: 0.096 D_fake: 0.238 G: 1.558 NCE: 1.233 NCE_Y: 0.805 
(epoch: 39, iters: 6680, time: 0.054, data: 0.001) G_GAN: 0.631 D_real: 0.013 D_fake: 0.309 G: 1.584 NCE: 1.135 NCE_Y: 0.772 
(epoch: 39, iters: 6780, time: 0.054, data: 0.001) G_GAN: 1.306 D_real: 0.208 D_fake: 0.048 G: 2.237 NCE: 1.055 NCE_Y: 0.806 
(epoch: 39, iters: 6880, time: 0.054, data: 0.001) G_GAN: 0.920 D_real: 0.032 D_fake: 0.014 G: 1.903 NCE: 1.159 NCE_Y: 0.808 
(epoch: 39, iters: 6980, time: 0.054, data: 0.001) G_GAN: 0.811 D_real: 0.015 D_fake: 0.037 G: 1.787 NCE: 1.137 NCE_Y: 0.815 
(epoch: 39, iters: 7080, time: 0.054, data: 0.002) G_GAN: 0.570 D_real: 0.055 D_fake: 0.160 G: 1.517 NCE: 1.111 NCE_Y: 0.782 
(epoch: 39, iters: 7180, time: 0.054, data: 0.001) G_GAN: 0.338 D_real: 0.375 D_fake: 0.138 G: 1.305 NCE: 1.136 NCE_Y: 0.799 
(epoch: 39, iters: 7280, time: 0.053, data: 0.001) G_GAN: 0.227 D_real: 0.476 D_fake: 0.248 G: 1.264 NCE: 1.285 NCE_Y: 0.791 
(epoch: 39, iters: 7380, time: 0.053, data: 0.001) G_GAN: 0.256 D_real: 0.306 D_fake: 0.238 G: 1.227 NCE: 1.157 NCE_Y: 0.786 
(epoch: 39, iters: 7480, time: 0.053, data: 0.001) G_GAN: 0.318 D_real: 0.120 D_fake: 0.264 G: 1.252 NCE: 1.067 NCE_Y: 0.801 
(epoch: 39, iters: 7580, time: 0.053, data: 0.001) G_GAN: 0.297 D_real: 0.403 D_fake: 0.152 G: 1.255 NCE: 1.139 NCE_Y: 0.778 
(epoch: 39, iters: 7680, time: 0.053, data: 0.001) G_GAN: 0.241 D_real: 0.303 D_fake: 0.196 G: 1.188 NCE: 1.081 NCE_Y: 0.813 
(epoch: 39, iters: 7780, time: 0.053, data: 0.001) G_GAN: 0.384 D_real: 0.105 D_fake: 0.263 G: 1.378 NCE: 1.183 NCE_Y: 0.807 
(epoch: 39, iters: 7880, time: 0.053, data: 0.001) G_GAN: 0.215 D_real: 0.267 D_fake: 0.345 G: 1.299 NCE: 1.392 NCE_Y: 0.776 
(epoch: 39, iters: 7980, time: 0.053, data: 0.001) G_GAN: 0.317 D_real: 0.297 D_fake: 0.146 G: 1.319 NCE: 1.211 NCE_Y: 0.794 
End of epoch 39 / 60 	 Time Taken: 443 sec
learning rate = 0.0001355
(epoch: 40, iters: 40, time: 0.054, data: 0.001) G_GAN: 0.244 D_real: 0.167 D_fake: 0.361 G: 1.321 NCE: 1.317 NCE_Y: 0.836 
(epoch: 40, iters: 140, time: 0.054, data: 0.001) G_GAN: 0.369 D_real: 0.320 D_fake: 0.112 G: 1.345 NCE: 1.169 NCE_Y: 0.781 
(epoch: 40, iters: 240, time: 0.054, data: 0.001) G_GAN: 0.333 D_real: 0.277 D_fake: 0.179 G: 1.290 NCE: 1.139 NCE_Y: 0.775 
(epoch: 40, iters: 340, time: 0.053, data: 0.001) G_GAN: 0.278 D_real: 0.303 D_fake: 0.190 G: 1.212 NCE: 1.099 NCE_Y: 0.771 
(epoch: 40, iters: 440, time: 0.053, data: 0.001) G_GAN: 0.273 D_real: 0.436 D_fake: 0.172 G: 1.225 NCE: 1.115 NCE_Y: 0.789 
(epoch: 40, iters: 540, time: 0.053, data: 0.001) G_GAN: 0.259 D_real: 0.163 D_fake: 0.265 G: 1.212 NCE: 1.138 NCE_Y: 0.767 
(epoch: 40, iters: 640, time: 0.053, data: 0.001) G_GAN: 0.419 D_real: 0.112 D_fake: 0.134 G: 1.383 NCE: 1.146 NCE_Y: 0.783 
(epoch: 40, iters: 740, time: 0.054, data: 0.001) G_GAN: 0.314 D_real: 0.176 D_fake: 0.201 G: 1.236 NCE: 1.070 NCE_Y: 0.775 
(epoch: 40, iters: 840, time: 0.053, data: 0.001) G_GAN: 0.262 D_real: 0.188 D_fake: 0.331 G: 1.191 NCE: 1.028 NCE_Y: 0.830 
(epoch: 40, iters: 940, time: 0.053, data: 0.003) G_GAN: 0.423 D_real: 0.209 D_fake: 0.126 G: 1.354 NCE: 1.063 NCE_Y: 0.800 
(epoch: 40, iters: 1040, time: 0.053, data: 0.001) G_GAN: 0.278 D_real: 0.235 D_fake: 0.260 G: 1.277 NCE: 1.221 NCE_Y: 0.776 
(epoch: 40, iters: 1140, time: 0.053, data: 0.001) G_GAN: 0.216 D_real: 0.240 D_fake: 0.270 G: 1.153 NCE: 1.062 NCE_Y: 0.811 
(epoch: 40, iters: 1240, time: 0.053, data: 0.001) G_GAN: 0.288 D_real: 0.224 D_fake: 0.234 G: 1.253 NCE: 1.166 NCE_Y: 0.764 
(epoch: 40, iters: 1340, time: 0.053, data: 0.001) G_GAN: 0.321 D_real: 0.194 D_fake: 0.205 G: 1.245 NCE: 1.064 NCE_Y: 0.785 
(epoch: 40, iters: 1440, time: 0.053, data: 0.001) G_GAN: 0.309 D_real: 0.387 D_fake: 0.198 G: 1.266 NCE: 1.111 NCE_Y: 0.802 
saving the latest model (epoch 40, total_iters 315000)
doctr_SELFF_to_SD_fixed_nl2
(epoch: 40, iters: 1540, time: 0.053, data: 0.001) G_GAN: 0.349 D_real: 0.158 D_fake: 0.199 G: 1.327 NCE: 1.143 NCE_Y: 0.812 
(epoch: 40, iters: 1640, time: 0.054, data: 0.001) G_GAN: 0.252 D_real: 0.059 D_fake: 0.517 G: 1.229 NCE: 1.170 NCE_Y: 0.785 
(epoch: 40, iters: 1740, time: 0.054, data: 0.001) G_GAN: 0.311 D_real: 0.203 D_fake: 0.314 G: 1.241 NCE: 1.098 NCE_Y: 0.761 
(epoch: 40, iters: 1840, time: 0.053, data: 0.001) G_GAN: 1.062 D_real: 0.043 D_fake: 0.018 G: 2.093 NCE: 1.233 NCE_Y: 0.829 
(epoch: 40, iters: 1940, time: 0.053, data: 0.001) G_GAN: 0.321 D_real: 0.332 D_fake: 0.163 G: 1.277 NCE: 1.108 NCE_Y: 0.805 
(epoch: 40, iters: 2040, time: 0.053, data: 0.002) G_GAN: 0.347 D_real: 0.216 D_fake: 0.145 G: 1.401 NCE: 1.276 NCE_Y: 0.831 
(epoch: 40, iters: 2140, time: 0.053, data: 0.001) G_GAN: 0.357 D_real: 0.118 D_fake: 0.226 G: 1.348 NCE: 1.218 NCE_Y: 0.764 
(epoch: 40, iters: 2240, time: 0.053, data: 0.001) G_GAN: 0.252 D_real: 0.351 D_fake: 0.284 G: 1.230 NCE: 1.154 NCE_Y: 0.801 
(epoch: 40, iters: 2340, time: 0.053, data: 0.001) G_GAN: 0.329 D_real: 0.185 D_fake: 0.200 G: 1.296 NCE: 1.146 NCE_Y: 0.788 
(epoch: 40, iters: 2440, time: 0.053, data: 0.001) G_GAN: 0.380 D_real: 0.343 D_fake: 0.130 G: 1.346 NCE: 1.136 NCE_Y: 0.795 
(epoch: 40, iters: 2540, time: 0.053, data: 0.001) G_GAN: 0.344 D_real: 0.301 D_fake: 0.222 G: 1.396 NCE: 1.315 NCE_Y: 0.790 
(epoch: 40, iters: 2640, time: 0.053, data: 0.001) G_GAN: 0.247 D_real: 0.446 D_fake: 0.196 G: 1.195 NCE: 1.110 NCE_Y: 0.787 
(epoch: 40, iters: 2740, time: 0.053, data: 0.001) G_GAN: 0.235 D_real: 0.316 D_fake: 0.194 G: 1.190 NCE: 1.143 NCE_Y: 0.768 
(epoch: 40, iters: 2840, time: 0.053, data: 0.001) G_GAN: 0.280 D_real: 0.187 D_fake: 0.251 G: 1.226 NCE: 1.115 NCE_Y: 0.778 
(epoch: 40, iters: 2940, time: 0.053, data: 0.001) G_GAN: 0.379 D_real: 0.220 D_fake: 0.151 G: 1.342 NCE: 1.140 NCE_Y: 0.787 
(epoch: 40, iters: 3040, time: 0.053, data: 0.001) G_GAN: 0.308 D_real: 0.259 D_fake: 0.263 G: 1.288 NCE: 1.170 NCE_Y: 0.790 
(epoch: 40, iters: 3140, time: 0.055, data: 0.001) G_GAN: 0.278 D_real: 0.185 D_fake: 0.234 G: 1.240 NCE: 1.140 NCE_Y: 0.784 
(epoch: 40, iters: 3240, time: 0.054, data: 0.001) G_GAN: 0.311 D_real: 0.298 D_fake: 0.177 G: 1.230 NCE: 1.047 NCE_Y: 0.791 
(epoch: 40, iters: 3340, time: 0.053, data: 0.001) G_GAN: 0.326 D_real: 0.275 D_fake: 0.173 G: 1.257 NCE: 1.097 NCE_Y: 0.764 
(epoch: 40, iters: 3440, time: 0.053, data: 0.001) G_GAN: 0.282 D_real: 0.330 D_fake: 0.191 G: 1.243 NCE: 1.137 NCE_Y: 0.784 
(epoch: 40, iters: 3540, time: 0.053, data: 0.001) G_GAN: 0.247 D_real: 0.144 D_fake: 0.418 G: 1.206 NCE: 1.117 NCE_Y: 0.802 
(epoch: 40, iters: 3640, time: 0.053, data: 0.001) G_GAN: 0.230 D_real: 0.188 D_fake: 0.293 G: 1.189 NCE: 1.114 NCE_Y: 0.805 
(epoch: 40, iters: 3740, time: 0.053, data: 0.001) G_GAN: 0.293 D_real: 0.168 D_fake: 0.240 G: 1.268 NCE: 1.171 NCE_Y: 0.779 
(epoch: 40, iters: 3840, time: 0.053, data: 0.001) G_GAN: 0.485 D_real: 0.153 D_fake: 0.202 G: 1.514 NCE: 1.269 NCE_Y: 0.790 
(epoch: 40, iters: 3940, time: 0.053, data: 0.001) G_GAN: 0.390 D_real: 0.187 D_fake: 0.159 G: 1.326 NCE: 1.082 NCE_Y: 0.790 
(epoch: 40, iters: 4040, time: 0.053, data: 0.001) G_GAN: 0.437 D_real: 0.151 D_fake: 0.140 G: 1.356 NCE: 1.063 NCE_Y: 0.776 
(epoch: 40, iters: 4140, time: 0.053, data: 0.001) G_GAN: 0.302 D_real: 0.247 D_fake: 0.239 G: 1.186 NCE: 0.995 NCE_Y: 0.773 
(epoch: 40, iters: 4240, time: 0.053, data: 0.001) G_GAN: 0.284 D_real: 0.145 D_fake: 0.398 G: 1.296 NCE: 1.245 NCE_Y: 0.779 
(epoch: 40, iters: 4340, time: 0.053, data: 0.001) G_GAN: 0.220 D_real: 0.296 D_fake: 0.335 G: 1.197 NCE: 1.156 NCE_Y: 0.796 
(epoch: 40, iters: 4440, time: 0.053, data: 0.001) G_GAN: 0.277 D_real: 0.182 D_fake: 0.305 G: 1.296 NCE: 1.269 NCE_Y: 0.770 
(epoch: 40, iters: 4540, time: 0.053, data: 0.001) G_GAN: 0.461 D_real: 0.306 D_fake: 0.083 G: 1.407 NCE: 1.108 NCE_Y: 0.784 
(epoch: 40, iters: 4640, time: 0.054, data: 0.001) G_GAN: 0.305 D_real: 0.328 D_fake: 0.214 G: 1.267 NCE: 1.133 NCE_Y: 0.791 
(epoch: 40, iters: 4740, time: 0.054, data: 0.001) G_GAN: 0.286 D_real: 0.203 D_fake: 0.271 G: 1.207 NCE: 1.042 NCE_Y: 0.799 
(epoch: 40, iters: 4840, time: 0.054, data: 0.001) G_GAN: 0.354 D_real: 0.262 D_fake: 0.152 G: 1.374 NCE: 1.235 NCE_Y: 0.806 
(epoch: 40, iters: 4940, time: 0.054, data: 0.001) G_GAN: 0.333 D_real: 0.124 D_fake: 0.244 G: 1.334 NCE: 1.216 NCE_Y: 0.784 
(epoch: 40, iters: 5040, time: 0.054, data: 0.001) G_GAN: 0.240 D_real: 0.467 D_fake: 0.173 G: 1.176 NCE: 1.064 NCE_Y: 0.808 
(epoch: 40, iters: 5140, time: 0.054, data: 0.001) G_GAN: 0.284 D_real: 0.158 D_fake: 0.274 G: 1.255 NCE: 1.136 NCE_Y: 0.806 
(epoch: 40, iters: 5240, time: 0.053, data: 0.001) G_GAN: 0.266 D_real: 0.284 D_fake: 0.215 G: 1.245 NCE: 1.173 NCE_Y: 0.783 
(epoch: 40, iters: 5340, time: 0.053, data: 0.001) G_GAN: 0.218 D_real: 0.314 D_fake: 0.349 G: 1.289 NCE: 1.349 NCE_Y: 0.794 
(epoch: 40, iters: 5440, time: 0.053, data: 0.001) G_GAN: 0.336 D_real: 0.378 D_fake: 0.148 G: 1.277 NCE: 1.091 NCE_Y: 0.792 
(epoch: 40, iters: 5540, time: 0.053, data: 0.001) G_GAN: 0.321 D_real: 0.364 D_fake: 0.191 G: 1.323 NCE: 1.182 NCE_Y: 0.823 
(epoch: 40, iters: 5640, time: 0.053, data: 0.001) G_GAN: 0.336 D_real: 0.189 D_fake: 0.239 G: 1.247 NCE: 1.014 NCE_Y: 0.809 
(epoch: 40, iters: 5740, time: 0.053, data: 0.001) G_GAN: 0.353 D_real: 0.165 D_fake: 0.245 G: 1.299 NCE: 1.081 NCE_Y: 0.811 
(epoch: 40, iters: 5840, time: 0.053, data: 0.001) G_GAN: 0.298 D_real: 0.138 D_fake: 0.284 G: 1.246 NCE: 1.098 NCE_Y: 0.797 
(epoch: 40, iters: 5940, time: 0.053, data: 0.001) G_GAN: 0.292 D_real: 0.166 D_fake: 0.314 G: 1.360 NCE: 1.261 NCE_Y: 0.876 
(epoch: 40, iters: 6040, time: 0.053, data: 0.001) G_GAN: 0.939 D_real: 0.032 D_fake: 0.207 G: 1.945 NCE: 1.092 NCE_Y: 0.920 
(epoch: 40, iters: 6140, time: 0.053, data: 0.001) G_GAN: 0.697 D_real: 0.144 D_fake: 0.062 G: 1.703 NCE: 1.207 NCE_Y: 0.806 
(epoch: 40, iters: 6240, time: 0.053, data: 0.001) G_GAN: 0.244 D_real: 0.104 D_fake: 0.422 G: 1.221 NCE: 1.163 NCE_Y: 0.792 
(epoch: 40, iters: 6340, time: 0.053, data: 0.001) G_GAN: 0.328 D_real: 0.131 D_fake: 0.273 G: 1.283 NCE: 1.110 NCE_Y: 0.801 
(epoch: 40, iters: 6440, time: 0.053, data: 0.001) G_GAN: 0.319 D_real: 0.168 D_fake: 0.255 G: 1.317 NCE: 1.194 NCE_Y: 0.802 
saving the latest model (epoch 40, total_iters 320000)
doctr_SELFF_to_SD_fixed_nl2
(epoch: 40, iters: 6540, time: 0.053, data: 0.001) G_GAN: 0.777 D_real: 0.015 D_fake: 0.106 G: 1.708 NCE: 1.064 NCE_Y: 0.798 
(epoch: 40, iters: 6640, time: 0.053, data: 0.001) G_GAN: 1.047 D_real: 0.015 D_fake: 0.008 G: 2.026 NCE: 1.081 NCE_Y: 0.877 
(epoch: 40, iters: 6740, time: 0.053, data: 0.001) G_GAN: 1.021 D_real: 0.005 D_fake: 0.005 G: 2.047 NCE: 1.106 NCE_Y: 0.946 
(epoch: 40, iters: 6840, time: 0.053, data: 0.001) G_GAN: 1.072 D_real: 0.004 D_fake: 0.005 G: 2.126 NCE: 1.184 NCE_Y: 0.924 
(epoch: 40, iters: 6940, time: 0.053, data: 0.001) G_GAN: 1.066 D_real: 0.011 D_fake: 0.017 G: 2.133 NCE: 1.214 NCE_Y: 0.920 
(epoch: 40, iters: 7040, time: 0.054, data: 0.001) G_GAN: 0.989 D_real: 0.004 D_fake: 0.006 G: 2.005 NCE: 1.107 NCE_Y: 0.924 
(epoch: 40, iters: 7140, time: 0.053, data: 0.001) G_GAN: 1.024 D_real: 0.004 D_fake: 0.003 G: 2.044 NCE: 1.093 NCE_Y: 0.947 
(epoch: 40, iters: 7240, time: 0.053, data: 0.001) G_GAN: 1.002 D_real: 0.002 D_fake: 0.002 G: 2.084 NCE: 1.138 NCE_Y: 1.025 
(epoch: 40, iters: 7340, time: 0.053, data: 0.001) G_GAN: 1.092 D_real: 0.052 D_fake: 0.106 G: 2.022 NCE: 1.011 NCE_Y: 0.848 
(epoch: 40, iters: 7440, time: 0.053, data: 0.001) G_GAN: 0.386 D_real: 0.164 D_fake: 0.276 G: 1.366 NCE: 1.138 NCE_Y: 0.822 
(epoch: 40, iters: 7540, time: 0.053, data: 0.001) G_GAN: 0.298 D_real: 0.275 D_fake: 0.214 G: 1.276 NCE: 1.119 NCE_Y: 0.836 
(epoch: 40, iters: 7640, time: 0.054, data: 0.001) G_GAN: 0.443 D_real: 0.078 D_fake: 0.234 G: 1.413 NCE: 1.101 NCE_Y: 0.839 
(epoch: 40, iters: 7740, time: 0.053, data: 0.001) G_GAN: 0.413 D_real: 0.120 D_fake: 0.173 G: 1.378 NCE: 1.111 NCE_Y: 0.819 
(epoch: 40, iters: 7840, time: 0.053, data: 0.001) G_GAN: 0.432 D_real: 0.328 D_fake: 0.087 G: 1.414 NCE: 1.141 NCE_Y: 0.823 
(epoch: 40, iters: 7940, time: 0.053, data: 0.001) G_GAN: 0.297 D_real: 0.113 D_fake: 0.279 G: 1.294 NCE: 1.226 NCE_Y: 0.768 
(epoch: 40, iters: 8040, time: 0.053, data: 0.001) G_GAN: 0.145 D_real: 0.340 D_fake: 0.485 G: 1.181 NCE: 1.245 NCE_Y: 0.827 
saving the model at the end of epoch 40, iters 321600
End of epoch 40 / 60 	 Time Taken: 443 sec
learning rate = 0.0001290
(epoch: 41, iters: 100, time: 0.053, data: 0.163) G_GAN: 0.273 D_real: 0.415 D_fake: 0.152 G: 1.261 NCE: 1.167 NCE_Y: 0.808 
(epoch: 41, iters: 200, time: 0.053, data: 0.001) G_GAN: 0.376 D_real: 0.340 D_fake: 0.159 G: 1.300 NCE: 1.062 NCE_Y: 0.787 
(epoch: 41, iters: 300, time: 0.053, data: 0.001) G_GAN: 0.339 D_real: 0.199 D_fake: 0.365 G: 1.323 NCE: 1.172 NCE_Y: 0.796 
(epoch: 41, iters: 400, time: 0.053, data: 0.002) G_GAN: 0.213 D_real: 0.207 D_fake: 0.309 G: 1.191 NCE: 1.147 NCE_Y: 0.808 
(epoch: 41, iters: 500, time: 0.053, data: 0.001) G_GAN: 0.260 D_real: 0.335 D_fake: 0.292 G: 1.263 NCE: 1.187 NCE_Y: 0.820 
(epoch: 41, iters: 600, time: 0.052, data: 0.001) G_GAN: 0.292 D_real: 0.191 D_fake: 0.216 G: 1.254 NCE: 1.133 NCE_Y: 0.791 
(epoch: 41, iters: 700, time: 0.053, data: 0.001) G_GAN: 0.277 D_real: 0.214 D_fake: 0.292 G: 1.209 NCE: 1.063 NCE_Y: 0.800 
(epoch: 41, iters: 800, time: 0.052, data: 0.001) G_GAN: 0.326 D_real: 0.279 D_fake: 0.213 G: 1.244 NCE: 1.058 NCE_Y: 0.777 
(epoch: 41, iters: 900, time: 0.053, data: 0.001) G_GAN: 0.397 D_real: 0.186 D_fake: 0.229 G: 1.339 NCE: 1.084 NCE_Y: 0.799 
(epoch: 41, iters: 1000, time: 0.053, data: 0.001) G_GAN: 0.470 D_real: 0.124 D_fake: 0.264 G: 1.449 NCE: 1.132 NCE_Y: 0.828 
(epoch: 41, iters: 1100, time: 0.052, data: 0.001) G_GAN: 0.211 D_real: 0.435 D_fake: 0.091 G: 1.196 NCE: 1.091 NCE_Y: 0.880 
(epoch: 41, iters: 1200, time: 0.053, data: 0.001) G_GAN: 0.995 D_real: 0.009 D_fake: 0.005 G: 2.028 NCE: 1.155 NCE_Y: 0.912 
(epoch: 41, iters: 1300, time: 0.053, data: 0.001) G_GAN: 1.005 D_real: 0.005 D_fake: 0.006 G: 2.094 NCE: 1.306 NCE_Y: 0.872 
(epoch: 41, iters: 1400, time: 0.053, data: 0.001) G_GAN: 0.987 D_real: 0.006 D_fake: 0.003 G: 2.077 NCE: 1.286 NCE_Y: 0.894 
(epoch: 41, iters: 1500, time: 0.053, data: 0.001) G_GAN: 1.017 D_real: 0.003 D_fake: 0.004 G: 2.072 NCE: 1.237 NCE_Y: 0.873 
(epoch: 41, iters: 1600, time: 0.053, data: 0.001) G_GAN: 1.088 D_real: 0.004 D_fake: 0.029 G: 2.143 NCE: 1.219 NCE_Y: 0.891 
(epoch: 41, iters: 1700, time: 0.054, data: 0.001) G_GAN: 0.959 D_real: 0.006 D_fake: 0.010 G: 1.972 NCE: 1.143 NCE_Y: 0.882 
(epoch: 41, iters: 1800, time: 0.054, data: 0.001) G_GAN: 0.961 D_real: 0.010 D_fake: 0.003 G: 2.030 NCE: 1.261 NCE_Y: 0.877 
(epoch: 41, iters: 1900, time: 0.054, data: 0.001) G_GAN: 1.024 D_real: 0.003 D_fake: 0.010 G: 2.090 NCE: 1.255 NCE_Y: 0.877 
(epoch: 41, iters: 2000, time: 0.053, data: 0.001) G_GAN: 0.979 D_real: 0.004 D_fake: 0.005 G: 2.051 NCE: 1.307 NCE_Y: 0.835 
(epoch: 41, iters: 2100, time: 0.054, data: 0.001) G_GAN: 1.001 D_real: 0.002 D_fake: 0.005 G: 2.014 NCE: 1.176 NCE_Y: 0.849 
(epoch: 41, iters: 2200, time: 0.054, data: 0.001) G_GAN: 0.996 D_real: 0.002 D_fake: 0.003 G: 1.984 NCE: 1.109 NCE_Y: 0.868 
(epoch: 41, iters: 2300, time: 0.053, data: 0.001) G_GAN: 1.030 D_real: 0.002 D_fake: 0.004 G: 2.062 NCE: 1.232 NCE_Y: 0.832 
(epoch: 41, iters: 2400, time: 0.053, data: 0.001) G_GAN: 0.982 D_real: 0.003 D_fake: 0.003 G: 1.975 NCE: 1.171 NCE_Y: 0.815 
(epoch: 41, iters: 2500, time: 0.053, data: 0.002) G_GAN: 0.982 D_real: 0.006 D_fake: 0.004 G: 1.982 NCE: 1.119 NCE_Y: 0.881 
(epoch: 41, iters: 2600, time: 0.053, data: 0.001) G_GAN: 1.000 D_real: 0.002 D_fake: 0.002 G: 2.046 NCE: 1.241 NCE_Y: 0.850 
(epoch: 41, iters: 2700, time: 0.054, data: 0.001) G_GAN: 1.021 D_real: 0.005 D_fake: 0.004 G: 2.031 NCE: 1.162 NCE_Y: 0.859 
(epoch: 41, iters: 2800, time: 0.053, data: 0.001) G_GAN: 0.974 D_real: 0.003 D_fake: 0.001 G: 2.011 NCE: 1.177 NCE_Y: 0.896 
(epoch: 41, iters: 2900, time: 0.053, data: 0.001) G_GAN: 0.979 D_real: 0.002 D_fake: 0.002 G: 1.976 NCE: 1.168 NCE_Y: 0.825 
(epoch: 41, iters: 3000, time: 0.053, data: 0.001) G_GAN: 0.992 D_real: 0.003 D_fake: 0.002 G: 2.028 NCE: 1.217 NCE_Y: 0.856 
(epoch: 41, iters: 3100, time: 0.053, data: 0.001) G_GAN: 0.965 D_real: 0.004 D_fake: 0.005 G: 1.991 NCE: 1.218 NCE_Y: 0.835 
(epoch: 41, iters: 3200, time: 0.053, data: 0.001) G_GAN: 0.997 D_real: 0.002 D_fake: 0.001 G: 1.983 NCE: 1.180 NCE_Y: 0.792 
(epoch: 41, iters: 3300, time: 0.053, data: 0.001) G_GAN: 0.993 D_real: 0.001 D_fake: 0.002 G: 2.002 NCE: 1.162 NCE_Y: 0.856 
(epoch: 41, iters: 3400, time: 0.053, data: 0.001) G_GAN: 1.004 D_real: 0.002 D_fake: 0.005 G: 2.055 NCE: 1.284 NCE_Y: 0.818 
saving the latest model (epoch 41, total_iters 325000)
doctr_SELFF_to_SD_fixed_nl2
(epoch: 41, iters: 3500, time: 0.054, data: 0.001) G_GAN: 0.996 D_real: 0.002 D_fake: 0.007 G: 2.099 NCE: 1.409 NCE_Y: 0.797 
(epoch: 41, iters: 3600, time: 0.053, data: 0.001) G_GAN: 1.015 D_real: 0.002 D_fake: 0.007 G: 2.096 NCE: 1.352 NCE_Y: 0.811 
(epoch: 41, iters: 3700, time: 0.053, data: 0.001) G_GAN: 1.011 D_real: 0.001 D_fake: 0.002 G: 2.224 NCE: 1.635 NCE_Y: 0.791 
(epoch: 41, iters: 3800, time: 0.053, data: 0.001) G_GAN: 0.985 D_real: 0.002 D_fake: 0.002 G: 2.112 NCE: 1.409 NCE_Y: 0.845 
(epoch: 41, iters: 3900, time: 0.053, data: 0.001) G_GAN: 1.025 D_real: 0.003 D_fake: 0.003 G: 2.128 NCE: 1.385 NCE_Y: 0.822 
(epoch: 41, iters: 4000, time: 0.053, data: 0.001) G_GAN: 1.041 D_real: 0.007 D_fake: 0.005 G: 2.133 NCE: 1.404 NCE_Y: 0.781 
(epoch: 41, iters: 4100, time: 0.053, data: 0.001) G_GAN: 0.977 D_real: 0.002 D_fake: 0.001 G: 2.043 NCE: 1.326 NCE_Y: 0.804 
(epoch: 41, iters: 4200, time: 0.053, data: 0.001) G_GAN: 0.998 D_real: 0.001 D_fake: 0.002 G: 2.107 NCE: 1.401 NCE_Y: 0.816 
(epoch: 41, iters: 4300, time: 0.053, data: 0.001) G_GAN: 0.981 D_real: 0.003 D_fake: 0.004 G: 2.115 NCE: 1.454 NCE_Y: 0.813 
(epoch: 41, iters: 4400, time: 0.053, data: 0.001) G_GAN: 0.998 D_real: 0.002 D_fake: 0.003 G: 2.134 NCE: 1.491 NCE_Y: 0.781 
(epoch: 41, iters: 4500, time: 0.053, data: 0.001) G_GAN: 0.989 D_real: 0.002 D_fake: 0.005 G: 2.030 NCE: 1.294 NCE_Y: 0.786 
(epoch: 41, iters: 4600, time: 0.053, data: 0.001) G_GAN: 1.003 D_real: 0.002 D_fake: 0.002 G: 2.107 NCE: 1.435 NCE_Y: 0.774 
(epoch: 41, iters: 4700, time: 0.053, data: 0.001) G_GAN: 0.970 D_real: 0.002 D_fake: 0.002 G: 2.110 NCE: 1.503 NCE_Y: 0.778 
(epoch: 41, iters: 4800, time: 0.053, data: 0.001) G_GAN: 0.980 D_real: 0.003 D_fake: 0.004 G: 2.121 NCE: 1.486 NCE_Y: 0.797 
(epoch: 41, iters: 4900, time: 0.053, data: 0.001) G_GAN: 1.020 D_real: 0.001 D_fake: 0.005 G: 2.232 NCE: 1.649 NCE_Y: 0.775 
(epoch: 41, iters: 5000, time: 0.053, data: 0.001) G_GAN: 1.031 D_real: 0.002 D_fake: 0.003 G: 2.163 NCE: 1.497 NCE_Y: 0.768 
(epoch: 41, iters: 5100, time: 0.053, data: 0.001) G_GAN: 0.371 D_real: 0.187 D_fake: 0.219 G: 1.387 NCE: 1.186 NCE_Y: 0.846 
(epoch: 41, iters: 5200, time: 0.053, data: 0.001) G_GAN: 0.993 D_real: 0.021 D_fake: 0.010 G: 2.053 NCE: 1.271 NCE_Y: 0.848 
(epoch: 41, iters: 5300, time: 0.053, data: 0.001) G_GAN: 0.485 D_real: 0.040 D_fake: 0.204 G: 1.472 NCE: 1.069 NCE_Y: 0.904 
(epoch: 41, iters: 5400, time: 0.053, data: 0.001) G_GAN: 0.354 D_real: 0.311 D_fake: 0.154 G: 1.370 NCE: 1.173 NCE_Y: 0.858 
(epoch: 41, iters: 5500, time: 0.053, data: 0.001) G_GAN: 0.314 D_real: 0.457 D_fake: 0.150 G: 1.250 NCE: 1.015 NCE_Y: 0.858 
(epoch: 41, iters: 5600, time: 0.053, data: 0.001) G_GAN: 0.395 D_real: 0.248 D_fake: 0.143 G: 1.326 NCE: 1.024 NCE_Y: 0.839 
(epoch: 41, iters: 5700, time: 0.053, data: 0.001) G_GAN: 0.367 D_real: 0.139 D_fake: 0.253 G: 1.368 NCE: 1.188 NCE_Y: 0.813 
(epoch: 41, iters: 5800, time: 0.053, data: 0.001) G_GAN: 0.313 D_real: 0.242 D_fake: 0.198 G: 1.260 NCE: 1.046 NCE_Y: 0.849 
(epoch: 41, iters: 5900, time: 0.053, data: 0.001) G_GAN: 0.392 D_real: 0.129 D_fake: 0.190 G: 1.428 NCE: 1.232 NCE_Y: 0.840 
(epoch: 41, iters: 6000, time: 0.052, data: 0.001) G_GAN: 0.250 D_real: 0.257 D_fake: 0.341 G: 1.257 NCE: 1.138 NCE_Y: 0.874 
(epoch: 41, iters: 6100, time: 0.052, data: 0.001) G_GAN: 0.481 D_real: 0.169 D_fake: 0.201 G: 1.431 NCE: 1.069 NCE_Y: 0.831 
(epoch: 41, iters: 6200, time: 0.053, data: 0.001) G_GAN: 0.266 D_real: 0.179 D_fake: 0.244 G: 1.286 NCE: 1.222 NCE_Y: 0.817 
(epoch: 41, iters: 6300, time: 0.053, data: 0.001) G_GAN: 0.289 D_real: 0.236 D_fake: 0.254 G: 1.319 NCE: 1.201 NCE_Y: 0.858 
(epoch: 41, iters: 6400, time: 0.054, data: 0.001) G_GAN: 0.409 D_real: 0.141 D_fake: 0.170 G: 1.345 NCE: 1.055 NCE_Y: 0.817 
(epoch: 41, iters: 6500, time: 0.053, data: 0.001) G_GAN: 0.295 D_real: 0.292 D_fake: 0.183 G: 1.239 NCE: 1.089 NCE_Y: 0.799 
(epoch: 41, iters: 6600, time: 0.053, data: 0.001) G_GAN: 0.307 D_real: 0.200 D_fake: 0.274 G: 1.287 NCE: 1.141 NCE_Y: 0.819 
(epoch: 41, iters: 6700, time: 0.053, data: 0.001) G_GAN: 0.211 D_real: 0.284 D_fake: 0.275 G: 1.180 NCE: 1.130 NCE_Y: 0.809 
(epoch: 41, iters: 6800, time: 0.053, data: 0.001) G_GAN: 0.700 D_real: 0.070 D_fake: 0.067 G: 1.737 NCE: 1.257 NCE_Y: 0.817 
(epoch: 41, iters: 6900, time: 0.053, data: 0.001) G_GAN: 1.667 D_real: 0.091 D_fake: 0.184 G: 2.675 NCE: 1.230 NCE_Y: 0.787 
(epoch: 41, iters: 7000, time: 0.053, data: 0.001) G_GAN: 1.062 D_real: 0.064 D_fake: 0.025 G: 2.068 NCE: 1.197 NCE_Y: 0.814 
(epoch: 41, iters: 7100, time: 0.053, data: 0.001) G_GAN: 0.398 D_real: 0.062 D_fake: 0.248 G: 1.401 NCE: 1.176 NCE_Y: 0.831 
(epoch: 41, iters: 7200, time: 0.053, data: 0.001) G_GAN: 0.495 D_real: 0.179 D_fake: 0.149 G: 1.460 NCE: 1.119 NCE_Y: 0.811 
(epoch: 41, iters: 7300, time: 0.054, data: 0.001) G_GAN: 0.247 D_real: 0.298 D_fake: 0.249 G: 1.311 NCE: 1.325 NCE_Y: 0.802 
(epoch: 41, iters: 7400, time: 0.054, data: 0.001) G_GAN: 0.250 D_real: 0.393 D_fake: 0.227 G: 1.256 NCE: 1.205 NCE_Y: 0.807 
(epoch: 41, iters: 7500, time: 0.054, data: 0.001) G_GAN: 0.331 D_real: 0.373 D_fake: 0.173 G: 1.332 NCE: 1.166 NCE_Y: 0.837 
(epoch: 41, iters: 7600, time: 0.053, data: 0.001) G_GAN: 0.337 D_real: 0.207 D_fake: 0.191 G: 1.364 NCE: 1.207 NCE_Y: 0.847 
(epoch: 41, iters: 7700, time: 0.053, data: 0.003) G_GAN: 0.294 D_real: 0.237 D_fake: 0.263 G: 1.231 NCE: 1.072 NCE_Y: 0.801 
(epoch: 41, iters: 7800, time: 0.053, data: 0.001) G_GAN: 0.914 D_real: 0.010 D_fake: 0.009 G: 1.883 NCE: 1.104 NCE_Y: 0.833 
(epoch: 41, iters: 7900, time: 0.053, data: 0.001) G_GAN: 0.706 D_real: 0.062 D_fake: 0.056 G: 1.679 NCE: 1.119 NCE_Y: 0.827 
(epoch: 41, iters: 8000, time: 0.053, data: 0.001) G_GAN: 0.282 D_real: 0.253 D_fake: 0.245 G: 1.224 NCE: 1.066 NCE_Y: 0.818 
End of epoch 41 / 60 	 Time Taken: 442 sec
learning rate = 0.0001226
(epoch: 42, iters: 60, time: 0.053, data: 0.001) G_GAN: 0.300 D_real: 0.113 D_fake: 0.339 G: 1.279 NCE: 1.171 NCE_Y: 0.787 
(epoch: 42, iters: 160, time: 0.053, data: 0.001) G_GAN: 0.339 D_real: 0.222 D_fake: 0.218 G: 1.258 NCE: 1.031 NCE_Y: 0.806 
(epoch: 42, iters: 260, time: 0.053, data: 0.001) G_GAN: 0.223 D_real: 0.305 D_fake: 0.310 G: 1.187 NCE: 1.120 NCE_Y: 0.807 
(epoch: 42, iters: 360, time: 0.052, data: 0.001) G_GAN: 0.300 D_real: 0.257 D_fake: 0.204 G: 1.262 NCE: 1.112 NCE_Y: 0.813 
saving the latest model (epoch 42, total_iters 330000)
doctr_SELFF_to_SD_fixed_nl2
(epoch: 42, iters: 460, time: 0.053, data: 0.001) G_GAN: 0.234 D_real: 0.256 D_fake: 0.275 G: 1.164 NCE: 1.056 NCE_Y: 0.805 
(epoch: 42, iters: 560, time: 0.053, data: 0.001) G_GAN: 0.222 D_real: 0.208 D_fake: 0.370 G: 1.291 NCE: 1.293 NCE_Y: 0.846 
(epoch: 42, iters: 660, time: 0.053, data: 0.001) G_GAN: 0.261 D_real: 0.407 D_fake: 0.194 G: 1.228 NCE: 1.088 NCE_Y: 0.845 
(epoch: 42, iters: 760, time: 0.053, data: 0.001) G_GAN: 0.235 D_real: 0.182 D_fake: 0.263 G: 1.188 NCE: 1.068 NCE_Y: 0.837 
(epoch: 42, iters: 860, time: 0.053, data: 0.001) G_GAN: 0.327 D_real: 0.122 D_fake: 0.273 G: 1.252 NCE: 1.056 NCE_Y: 0.794 
(epoch: 42, iters: 960, time: 0.053, data: 0.001) G_GAN: 0.315 D_real: 0.376 D_fake: 0.187 G: 1.251 NCE: 1.063 NCE_Y: 0.809 
(epoch: 42, iters: 1060, time: 0.053, data: 0.001) G_GAN: 0.464 D_real: 0.078 D_fake: 0.143 G: 1.406 NCE: 1.085 NCE_Y: 0.799 
(epoch: 42, iters: 1160, time: 0.053, data: 0.001) G_GAN: 0.300 D_real: 0.192 D_fake: 0.259 G: 1.238 NCE: 1.037 NCE_Y: 0.839 
(epoch: 42, iters: 1260, time: 0.053, data: 0.001) G_GAN: 0.248 D_real: 0.301 D_fake: 0.233 G: 1.237 NCE: 1.142 NCE_Y: 0.836 
(epoch: 42, iters: 1360, time: 0.053, data: 0.001) G_GAN: 0.213 D_real: 0.212 D_fake: 0.361 G: 1.212 NCE: 1.212 NCE_Y: 0.785 
(epoch: 42, iters: 1460, time: 0.053, data: 0.001) G_GAN: 0.643 D_real: 0.057 D_fake: 0.087 G: 1.591 NCE: 1.082 NCE_Y: 0.815 
(epoch: 42, iters: 1560, time: 0.053, data: 0.001) G_GAN: 0.271 D_real: 0.173 D_fake: 0.292 G: 1.207 NCE: 1.063 NCE_Y: 0.809 
(epoch: 42, iters: 1660, time: 0.053, data: 0.001) G_GAN: 0.561 D_real: 0.036 D_fake: 0.268 G: 1.509 NCE: 1.086 NCE_Y: 0.810 
(epoch: 42, iters: 1760, time: 0.053, data: 0.001) G_GAN: 0.501 D_real: 0.472 D_fake: 0.044 G: 1.478 NCE: 1.103 NCE_Y: 0.850 
(epoch: 42, iters: 1860, time: 0.053, data: 0.001) G_GAN: 1.137 D_real: 0.555 D_fake: 0.048 G: 2.098 NCE: 1.097 NCE_Y: 0.826 
(epoch: 42, iters: 1960, time: 0.053, data: 0.001) G_GAN: 0.868 D_real: 0.010 D_fake: 0.011 G: 1.877 NCE: 1.168 NCE_Y: 0.851 
(epoch: 42, iters: 2060, time: 0.053, data: 0.001) G_GAN: 0.781 D_real: 0.022 D_fake: 0.039 G: 1.727 NCE: 1.074 NCE_Y: 0.819 
(epoch: 42, iters: 2160, time: 0.053, data: 0.005) G_GAN: 0.312 D_real: 0.273 D_fake: 0.175 G: 1.288 NCE: 1.116 NCE_Y: 0.837 
(epoch: 42, iters: 2260, time: 0.054, data: 0.001) G_GAN: 0.241 D_real: 0.105 D_fake: 0.349 G: 1.210 NCE: 1.108 NCE_Y: 0.831 
(epoch: 42, iters: 2360, time: 0.054, data: 0.001) G_GAN: 0.361 D_real: 0.318 D_fake: 0.146 G: 1.291 NCE: 1.071 NCE_Y: 0.788 
(epoch: 42, iters: 2460, time: 0.054, data: 0.001) G_GAN: 0.312 D_real: 0.314 D_fake: 0.182 G: 1.237 NCE: 1.050 NCE_Y: 0.800 
(epoch: 42, iters: 2560, time: 0.054, data: 0.001) G_GAN: 0.266 D_real: 0.495 D_fake: 0.207 G: 1.236 NCE: 1.131 NCE_Y: 0.809 
(epoch: 42, iters: 2660, time: 0.054, data: 0.001) G_GAN: 0.283 D_real: 0.348 D_fake: 0.213 G: 1.213 NCE: 1.058 NCE_Y: 0.803 
(epoch: 42, iters: 2760, time: 0.053, data: 0.001) G_GAN: 0.279 D_real: 0.287 D_fake: 0.197 G: 1.242 NCE: 1.104 NCE_Y: 0.823 
(epoch: 42, iters: 2860, time: 0.054, data: 0.001) G_GAN: 0.253 D_real: 0.286 D_fake: 0.263 G: 1.201 NCE: 1.071 NCE_Y: 0.824 
(epoch: 42, iters: 2960, time: 0.053, data: 0.001) G_GAN: 0.229 D_real: 0.173 D_fake: 0.353 G: 1.176 NCE: 1.099 NCE_Y: 0.793 
(epoch: 42, iters: 3060, time: 0.053, data: 0.001) G_GAN: 0.276 D_real: 0.576 D_fake: 0.101 G: 1.241 NCE: 1.120 NCE_Y: 0.812 
(epoch: 42, iters: 3160, time: 0.053, data: 0.001) G_GAN: 0.284 D_real: 0.363 D_fake: 0.168 G: 1.244 NCE: 1.087 NCE_Y: 0.833 
(epoch: 42, iters: 3260, time: 0.053, data: 0.002) G_GAN: 0.278 D_real: 0.278 D_fake: 0.271 G: 1.223 NCE: 1.078 NCE_Y: 0.813 
(epoch: 42, iters: 3360, time: 0.053, data: 0.001) G_GAN: 0.288 D_real: 0.211 D_fake: 0.237 G: 1.202 NCE: 1.025 NCE_Y: 0.803 
(epoch: 42, iters: 3460, time: 0.053, data: 0.002) G_GAN: 0.731 D_real: 0.048 D_fake: 0.078 G: 1.694 NCE: 1.120 NCE_Y: 0.807 
(epoch: 42, iters: 3560, time: 0.053, data: 0.001) G_GAN: 1.327 D_real: 0.018 D_fake: 0.096 G: 2.275 NCE: 1.029 NCE_Y: 0.868 
(epoch: 42, iters: 3660, time: 0.053, data: 0.001) G_GAN: 0.852 D_real: 0.014 D_fake: 0.037 G: 1.825 NCE: 1.140 NCE_Y: 0.806 
(epoch: 42, iters: 3760, time: 0.053, data: 0.001) G_GAN: 0.307 D_real: 0.280 D_fake: 0.184 G: 1.262 NCE: 1.112 NCE_Y: 0.798 
(epoch: 42, iters: 3860, time: 0.053, data: 0.001) G_GAN: 0.298 D_real: 0.162 D_fake: 0.331 G: 1.237 NCE: 1.087 NCE_Y: 0.791 
(epoch: 42, iters: 3960, time: 0.053, data: 0.001) G_GAN: 0.335 D_real: 0.284 D_fake: 0.166 G: 1.298 NCE: 1.102 NCE_Y: 0.825 
(epoch: 42, iters: 4060, time: 0.053, data: 0.001) G_GAN: 0.317 D_real: 0.232 D_fake: 0.170 G: 1.272 NCE: 1.099 NCE_Y: 0.811 
(epoch: 42, iters: 4160, time: 0.053, data: 0.001) G_GAN: 0.324 D_real: 0.350 D_fake: 0.159 G: 1.305 NCE: 1.128 NCE_Y: 0.833 
(epoch: 42, iters: 4260, time: 0.053, data: 0.001) G_GAN: 0.252 D_real: 0.313 D_fake: 0.185 G: 1.182 NCE: 1.062 NCE_Y: 0.797 
(epoch: 42, iters: 4360, time: 0.052, data: 0.001) G_GAN: 0.264 D_real: 0.185 D_fake: 0.286 G: 1.198 NCE: 1.056 NCE_Y: 0.812 
(epoch: 42, iters: 4460, time: 0.052, data: 0.001) G_GAN: 0.258 D_real: 0.209 D_fake: 0.309 G: 1.226 NCE: 1.138 NCE_Y: 0.799 
(epoch: 42, iters: 4560, time: 0.053, data: 0.002) G_GAN: 0.321 D_real: 0.218 D_fake: 0.188 G: 1.293 NCE: 1.163 NCE_Y: 0.780 
(epoch: 42, iters: 4660, time: 0.053, data: 0.001) G_GAN: 0.329 D_real: 0.183 D_fake: 0.243 G: 1.277 NCE: 1.105 NCE_Y: 0.791 
(epoch: 42, iters: 4760, time: 0.053, data: 0.001) G_GAN: 0.298 D_real: 0.314 D_fake: 0.211 G: 1.220 NCE: 1.070 NCE_Y: 0.775 
(epoch: 42, iters: 4860, time: 0.053, data: 0.001) G_GAN: 0.354 D_real: 0.067 D_fake: 0.323 G: 1.308 NCE: 1.066 NCE_Y: 0.841 
(epoch: 42, iters: 4960, time: 0.053, data: 0.001) G_GAN: 0.412 D_real: 0.035 D_fake: 0.247 G: 1.336 NCE: 1.103 NCE_Y: 0.745 
(epoch: 42, iters: 5060, time: 0.053, data: 0.001) G_GAN: 0.239 D_real: 0.332 D_fake: 0.243 G: 1.193 NCE: 1.106 NCE_Y: 0.802 
(epoch: 42, iters: 5160, time: 0.053, data: 0.002) G_GAN: 0.296 D_real: 0.311 D_fake: 0.196 G: 1.234 NCE: 1.083 NCE_Y: 0.793 
(epoch: 42, iters: 5260, time: 0.054, data: 0.001) G_GAN: 0.246 D_real: 0.342 D_fake: 0.274 G: 1.234 NCE: 1.162 NCE_Y: 0.813 
(epoch: 42, iters: 5360, time: 0.054, data: 0.001) G_GAN: 0.281 D_real: 0.448 D_fake: 0.146 G: 1.206 NCE: 1.068 NCE_Y: 0.782 
saving the latest model (epoch 42, total_iters 335000)
doctr_SELFF_to_SD_fixed_nl2
(epoch: 42, iters: 5460, time: 0.054, data: 0.001) G_GAN: 0.230 D_real: 0.244 D_fake: 0.320 G: 1.157 NCE: 1.044 NCE_Y: 0.809 
(epoch: 42, iters: 5560, time: 0.054, data: 0.001) G_GAN: 0.290 D_real: 0.254 D_fake: 0.150 G: 1.267 NCE: 1.176 NCE_Y: 0.778 
(epoch: 42, iters: 5660, time: 0.054, data: 0.001) G_GAN: 0.273 D_real: 0.200 D_fake: 0.318 G: 1.234 NCE: 1.130 NCE_Y: 0.791 
(epoch: 42, iters: 5760, time: 0.054, data: 0.001) G_GAN: 0.442 D_real: 0.086 D_fake: 0.224 G: 1.412 NCE: 1.196 NCE_Y: 0.744 
(epoch: 42, iters: 5860, time: 0.053, data: 0.001) G_GAN: 0.987 D_real: 0.008 D_fake: 0.006 G: 2.122 NCE: 1.332 NCE_Y: 0.938 
(epoch: 42, iters: 5960, time: 0.053, data: 0.001) G_GAN: 1.002 D_real: 0.006 D_fake: 0.004 G: 2.142 NCE: 1.326 NCE_Y: 0.954 
(epoch: 42, iters: 6060, time: 0.053, data: 0.001) G_GAN: 0.986 D_real: 0.004 D_fake: 0.003 G: 2.159 NCE: 1.479 NCE_Y: 0.867 
(epoch: 42, iters: 6160, time: 0.053, data: 0.005) G_GAN: 0.954 D_real: 0.004 D_fake: 0.003 G: 2.118 NCE: 1.475 NCE_Y: 0.852 
(epoch: 42, iters: 6260, time: 0.053, data: 0.001) G_GAN: 0.977 D_real: 0.002 D_fake: 0.004 G: 2.067 NCE: 1.369 NCE_Y: 0.811 
(epoch: 42, iters: 6360, time: 0.053, data: 0.004) G_GAN: 1.051 D_real: 0.004 D_fake: 0.006 G: 2.162 NCE: 1.410 NCE_Y: 0.814 
(epoch: 42, iters: 6460, time: 0.053, data: 0.001) G_GAN: 0.270 D_real: 0.294 D_fake: 0.219 G: 1.235 NCE: 1.117 NCE_Y: 0.813 
(epoch: 42, iters: 6560, time: 0.053, data: 0.001) G_GAN: 0.291 D_real: 0.242 D_fake: 0.217 G: 1.226 NCE: 1.064 NCE_Y: 0.806 
(epoch: 42, iters: 6660, time: 0.053, data: 0.001) G_GAN: 0.272 D_real: 0.322 D_fake: 0.183 G: 1.197 NCE: 1.067 NCE_Y: 0.782 
(epoch: 42, iters: 6760, time: 0.053, data: 0.001) G_GAN: 0.286 D_real: 0.367 D_fake: 0.188 G: 1.316 NCE: 1.217 NCE_Y: 0.843 
(epoch: 42, iters: 6860, time: 0.053, data: 0.001) G_GAN: 0.327 D_real: 0.229 D_fake: 0.210 G: 1.313 NCE: 1.159 NCE_Y: 0.812 
(epoch: 42, iters: 6960, time: 0.053, data: 0.001) G_GAN: 0.265 D_real: 0.273 D_fake: 0.237 G: 1.255 NCE: 1.195 NCE_Y: 0.785 
(epoch: 42, iters: 7060, time: 0.053, data: 0.001) G_GAN: 0.206 D_real: 0.327 D_fake: 0.299 G: 1.160 NCE: 1.134 NCE_Y: 0.774 
(epoch: 42, iters: 7160, time: 0.053, data: 0.001) G_GAN: 0.240 D_real: 0.174 D_fake: 0.369 G: 1.208 NCE: 1.137 NCE_Y: 0.799 
(epoch: 42, iters: 7260, time: 0.053, data: 0.001) G_GAN: 1.100 D_real: 0.017 D_fake: 0.012 G: 2.070 NCE: 1.125 NCE_Y: 0.814 
(epoch: 42, iters: 7360, time: 0.053, data: 0.001) G_GAN: 0.644 D_real: 0.055 D_fake: 0.485 G: 1.648 NCE: 1.198 NCE_Y: 0.810 
(epoch: 42, iters: 7460, time: 0.053, data: 0.001) G_GAN: 0.704 D_real: 0.023 D_fake: 0.095 G: 1.630 NCE: 1.073 NCE_Y: 0.779 
(epoch: 42, iters: 7560, time: 0.053, data: 0.001) G_GAN: 0.606 D_real: 0.060 D_fake: 0.105 G: 1.603 NCE: 1.196 NCE_Y: 0.799 
(epoch: 42, iters: 7660, time: 0.054, data: 0.001) G_GAN: 1.089 D_real: 0.039 D_fake: 0.037 G: 2.009 NCE: 1.043 NCE_Y: 0.798 
(epoch: 42, iters: 7760, time: 0.054, data: 0.001) G_GAN: 0.825 D_real: 0.042 D_fake: 0.044 G: 1.749 NCE: 1.052 NCE_Y: 0.794 
(epoch: 42, iters: 7860, time: 0.053, data: 0.001) G_GAN: 0.872 D_real: 0.098 D_fake: 0.116 G: 1.815 NCE: 1.100 NCE_Y: 0.787 
(epoch: 42, iters: 7960, time: 0.053, data: 0.001) G_GAN: 0.936 D_real: 0.060 D_fake: 0.019 G: 1.901 NCE: 1.102 NCE_Y: 0.827 
End of epoch 42 / 60 	 Time Taken: 442 sec
learning rate = 0.0001161
(epoch: 43, iters: 20, time: 0.053, data: 0.001) G_GAN: 1.004 D_real: 0.011 D_fake: 0.007 G: 2.002 NCE: 1.172 NCE_Y: 0.822 
(epoch: 43, iters: 120, time: 0.053, data: 0.001) G_GAN: 0.378 D_real: 0.186 D_fake: 0.181 G: 1.340 NCE: 1.136 NCE_Y: 0.788 
(epoch: 43, iters: 220, time: 0.053, data: 0.001) G_GAN: 0.250 D_real: 0.217 D_fake: 0.255 G: 1.207 NCE: 1.128 NCE_Y: 0.787 
(epoch: 43, iters: 320, time: 0.053, data: 0.001) G_GAN: 0.294 D_real: 0.313 D_fake: 0.274 G: 1.200 NCE: 1.029 NCE_Y: 0.784 
(epoch: 43, iters: 420, time: 0.054, data: 0.002) G_GAN: 0.297 D_real: 0.112 D_fake: 0.498 G: 1.315 NCE: 1.196 NCE_Y: 0.840 
(epoch: 43, iters: 520, time: 0.053, data: 0.001) G_GAN: 0.387 D_real: 0.283 D_fake: 0.131 G: 1.331 NCE: 1.114 NCE_Y: 0.774 
(epoch: 43, iters: 620, time: 0.053, data: 0.001) G_GAN: 0.332 D_real: 0.217 D_fake: 0.179 G: 1.284 NCE: 1.145 NCE_Y: 0.761 
(epoch: 43, iters: 720, time: 0.054, data: 0.001) G_GAN: 0.291 D_real: 0.041 D_fake: 0.340 G: 1.212 NCE: 1.078 NCE_Y: 0.765 
(epoch: 43, iters: 820, time: 0.053, data: 0.001) G_GAN: 0.308 D_real: 0.127 D_fake: 0.280 G: 1.320 NCE: 1.224 NCE_Y: 0.801 
(epoch: 43, iters: 920, time: 0.053, data: 0.001) G_GAN: 0.218 D_real: 0.165 D_fake: 0.398 G: 1.183 NCE: 1.143 NCE_Y: 0.788 
(epoch: 43, iters: 1020, time: 0.053, data: 0.001) G_GAN: 0.385 D_real: 0.300 D_fake: 0.137 G: 1.345 NCE: 1.123 NCE_Y: 0.797 
(epoch: 43, iters: 1120, time: 0.053, data: 0.001) G_GAN: 0.233 D_real: 0.229 D_fake: 0.273 G: 1.153 NCE: 1.054 NCE_Y: 0.786 
(epoch: 43, iters: 1220, time: 0.054, data: 0.001) G_GAN: 0.322 D_real: 0.162 D_fake: 0.240 G: 1.323 NCE: 1.227 NCE_Y: 0.775 
(epoch: 43, iters: 1320, time: 0.054, data: 0.001) G_GAN: 0.243 D_real: 0.285 D_fake: 0.285 G: 1.217 NCE: 1.141 NCE_Y: 0.806 
(epoch: 43, iters: 1420, time: 0.054, data: 0.001) G_GAN: 0.278 D_real: 0.338 D_fake: 0.242 G: 1.296 NCE: 1.253 NCE_Y: 0.785 
(epoch: 43, iters: 1520, time: 0.054, data: 0.001) G_GAN: 0.329 D_real: 0.207 D_fake: 0.208 G: 1.275 NCE: 1.104 NCE_Y: 0.787 
(epoch: 43, iters: 1620, time: 0.054, data: 0.001) G_GAN: 0.313 D_real: 0.245 D_fake: 0.230 G: 1.254 NCE: 1.118 NCE_Y: 0.762 
(epoch: 43, iters: 1720, time: 0.053, data: 0.001) G_GAN: 0.332 D_real: 0.345 D_fake: 0.158 G: 1.319 NCE: 1.166 NCE_Y: 0.808 
(epoch: 43, iters: 1820, time: 0.053, data: 0.001) G_GAN: 0.302 D_real: 0.253 D_fake: 0.201 G: 1.273 NCE: 1.173 NCE_Y: 0.769 
(epoch: 43, iters: 1920, time: 0.053, data: 0.001) G_GAN: 0.310 D_real: 0.274 D_fake: 0.196 G: 1.255 NCE: 1.110 NCE_Y: 0.779 
(epoch: 43, iters: 2020, time: 0.053, data: 0.001) G_GAN: 0.408 D_real: 0.049 D_fake: 0.226 G: 1.358 NCE: 1.140 NCE_Y: 0.760 
(epoch: 43, iters: 2120, time: 0.053, data: 0.001) G_GAN: 0.279 D_real: 0.221 D_fake: 0.233 G: 1.311 NCE: 1.299 NCE_Y: 0.765 
(epoch: 43, iters: 2220, time: 0.053, data: 0.001) G_GAN: 0.312 D_real: 0.395 D_fake: 0.188 G: 1.308 NCE: 1.168 NCE_Y: 0.824 
(epoch: 43, iters: 2320, time: 0.053, data: 0.002) G_GAN: 0.251 D_real: 0.325 D_fake: 0.236 G: 1.249 NCE: 1.203 NCE_Y: 0.794 
saving the latest model (epoch 43, total_iters 340000)
doctr_SELFF_to_SD_fixed_nl2
(epoch: 43, iters: 2420, time: 0.053, data: 0.001) G_GAN: 0.376 D_real: 0.226 D_fake: 0.148 G: 1.346 NCE: 1.175 NCE_Y: 0.765 
(epoch: 43, iters: 2520, time: 0.053, data: 0.001) G_GAN: 0.341 D_real: 0.207 D_fake: 0.189 G: 1.333 NCE: 1.230 NCE_Y: 0.755 
(epoch: 43, iters: 2620, time: 0.053, data: 0.001) G_GAN: 0.237 D_real: 0.318 D_fake: 0.251 G: 1.183 NCE: 1.048 NCE_Y: 0.842 
(epoch: 43, iters: 2720, time: 0.053, data: 0.001) G_GAN: 0.274 D_real: 0.257 D_fake: 0.230 G: 1.229 NCE: 1.130 NCE_Y: 0.780 
(epoch: 43, iters: 2820, time: 0.053, data: 0.001) G_GAN: 0.332 D_real: 0.058 D_fake: 0.292 G: 1.301 NCE: 1.168 NCE_Y: 0.771 
(epoch: 43, iters: 2920, time: 0.053, data: 0.001) G_GAN: 0.338 D_real: 0.204 D_fake: 0.206 G: 1.282 NCE: 1.078 NCE_Y: 0.811 
(epoch: 43, iters: 3020, time: 0.053, data: 0.001) G_GAN: 0.242 D_real: 0.248 D_fake: 0.279 G: 1.239 NCE: 1.178 NCE_Y: 0.816 
(epoch: 43, iters: 3120, time: 0.053, data: 0.001) G_GAN: 0.351 D_real: 0.054 D_fake: 0.287 G: 1.255 NCE: 1.061 NCE_Y: 0.748 
(epoch: 43, iters: 3220, time: 0.053, data: 0.001) G_GAN: 0.341 D_real: 0.228 D_fake: 0.188 G: 1.216 NCE: 0.985 NCE_Y: 0.766 
(epoch: 43, iters: 3320, time: 0.053, data: 0.001) G_GAN: 0.900 D_real: 0.024 D_fake: 0.075 G: 2.001 NCE: 1.371 NCE_Y: 0.831 
(epoch: 43, iters: 3420, time: 0.053, data: 0.001) G_GAN: 1.047 D_real: 0.018 D_fake: 0.010 G: 2.013 NCE: 1.121 NCE_Y: 0.812 
(epoch: 43, iters: 3520, time: 0.054, data: 0.001) G_GAN: 0.450 D_real: 0.130 D_fake: 0.229 G: 1.406 NCE: 1.080 NCE_Y: 0.831 
(epoch: 43, iters: 3620, time: 0.054, data: 0.001) G_GAN: 0.368 D_real: 0.255 D_fake: 0.184 G: 1.332 NCE: 1.136 NCE_Y: 0.791 
(epoch: 43, iters: 3720, time: 0.054, data: 0.001) G_GAN: 0.333 D_real: 0.148 D_fake: 0.248 G: 1.275 NCE: 1.072 NCE_Y: 0.812 
(epoch: 43, iters: 3820, time: 0.053, data: 0.001) G_GAN: 0.259 D_real: 0.285 D_fake: 0.226 G: 1.208 NCE: 1.088 NCE_Y: 0.812 
(epoch: 43, iters: 3920, time: 0.053, data: 0.001) G_GAN: 0.261 D_real: 0.337 D_fake: 0.252 G: 1.231 NCE: 1.129 NCE_Y: 0.812 
(epoch: 43, iters: 4020, time: 0.053, data: 0.001) G_GAN: 0.294 D_real: 0.139 D_fake: 0.266 G: 1.317 NCE: 1.249 NCE_Y: 0.798 
(epoch: 43, iters: 4120, time: 0.053, data: 0.001) G_GAN: 0.218 D_real: 0.150 D_fake: 0.380 G: 1.251 NCE: 1.232 NCE_Y: 0.834 
(epoch: 43, iters: 4220, time: 0.053, data: 0.001) G_GAN: 0.345 D_real: 0.256 D_fake: 0.230 G: 1.281 NCE: 1.106 NCE_Y: 0.767 
(epoch: 43, iters: 4320, time: 0.053, data: 0.001) G_GAN: 0.237 D_real: 0.409 D_fake: 0.284 G: 1.219 NCE: 1.136 NCE_Y: 0.828 
(epoch: 43, iters: 4420, time: 0.053, data: 0.001) G_GAN: 0.305 D_real: 0.200 D_fake: 0.246 G: 1.313 NCE: 1.236 NCE_Y: 0.779 
(epoch: 43, iters: 4520, time: 0.053, data: 0.001) G_GAN: 0.345 D_real: 0.104 D_fake: 0.231 G: 1.291 NCE: 1.076 NCE_Y: 0.817 
(epoch: 43, iters: 4620, time: 0.053, data: 0.001) G_GAN: 0.298 D_real: 0.187 D_fake: 0.251 G: 1.234 NCE: 1.075 NCE_Y: 0.797 
(epoch: 43, iters: 4720, time: 0.053, data: 0.001) G_GAN: 0.274 D_real: 0.240 D_fake: 0.274 G: 1.200 NCE: 1.085 NCE_Y: 0.767 
(epoch: 43, iters: 4820, time: 0.053, data: 0.001) G_GAN: 0.279 D_real: 0.095 D_fake: 0.284 G: 1.222 NCE: 1.109 NCE_Y: 0.778 
(epoch: 43, iters: 4920, time: 0.053, data: 0.001) G_GAN: 0.453 D_real: 0.251 D_fake: 0.098 G: 1.402 NCE: 1.105 NCE_Y: 0.792 
(epoch: 43, iters: 5020, time: 0.053, data: 0.001) G_GAN: 0.292 D_real: 0.142 D_fake: 0.270 G: 1.315 NCE: 1.231 NCE_Y: 0.816 
(epoch: 43, iters: 5120, time: 0.053, data: 0.001) G_GAN: 0.294 D_real: 0.288 D_fake: 0.199 G: 1.234 NCE: 1.085 NCE_Y: 0.794 
(epoch: 43, iters: 5220, time: 0.053, data: 0.001) G_GAN: 0.342 D_real: 0.144 D_fake: 0.285 G: 1.299 NCE: 1.115 NCE_Y: 0.800 
(epoch: 43, iters: 5320, time: 0.053, data: 0.001) G_GAN: 0.321 D_real: 0.177 D_fake: 0.215 G: 1.264 NCE: 1.100 NCE_Y: 0.786 
(epoch: 43, iters: 5420, time: 0.052, data: 0.001) G_GAN: 0.395 D_real: 0.257 D_fake: 0.219 G: 1.426 NCE: 1.197 NCE_Y: 0.865 
(epoch: 43, iters: 5520, time: 0.052, data: 0.001) G_GAN: 0.329 D_real: 0.142 D_fake: 0.245 G: 1.294 NCE: 1.130 NCE_Y: 0.801 
(epoch: 43, iters: 5620, time: 0.053, data: 0.001) G_GAN: 0.302 D_real: 0.215 D_fake: 0.192 G: 1.264 NCE: 1.156 NCE_Y: 0.768 
(epoch: 43, iters: 5720, time: 0.053, data: 0.001) G_GAN: 0.296 D_real: 0.178 D_fake: 0.233 G: 1.214 NCE: 1.031 NCE_Y: 0.805 
(epoch: 43, iters: 5820, time: 0.053, data: 0.001) G_GAN: 0.303 D_real: 0.235 D_fake: 0.220 G: 1.224 NCE: 1.054 NCE_Y: 0.786 
(epoch: 43, iters: 5920, time: 0.053, data: 0.001) G_GAN: 0.238 D_real: 0.240 D_fake: 0.286 G: 1.208 NCE: 1.140 NCE_Y: 0.802 
(epoch: 43, iters: 6020, time: 0.053, data: 0.001) G_GAN: 0.355 D_real: 0.200 D_fake: 0.227 G: 1.333 NCE: 1.104 NCE_Y: 0.852 
(epoch: 43, iters: 6120, time: 0.053, data: 0.001) G_GAN: 0.738 D_real: 0.101 D_fake: 0.022 G: 1.711 NCE: 1.089 NCE_Y: 0.857 
(epoch: 43, iters: 6220, time: 0.053, data: 0.002) G_GAN: 0.983 D_real: 0.074 D_fake: 0.033 G: 1.975 NCE: 1.140 NCE_Y: 0.845 
(epoch: 43, iters: 6320, time: 0.053, data: 0.001) G_GAN: 0.928 D_real: 0.021 D_fake: 0.020 G: 1.960 NCE: 1.231 NCE_Y: 0.833 
(epoch: 43, iters: 6420, time: 0.053, data: 0.001) G_GAN: 0.386 D_real: 0.272 D_fake: 0.139 G: 1.369 NCE: 1.097 NCE_Y: 0.869 
(epoch: 43, iters: 6520, time: 0.053, data: 0.001) G_GAN: 0.315 D_real: 0.129 D_fake: 0.225 G: 1.312 NCE: 1.199 NCE_Y: 0.796 
(epoch: 43, iters: 6620, time: 0.053, data: 0.001) G_GAN: 0.328 D_real: 0.277 D_fake: 0.148 G: 1.279 NCE: 1.105 NCE_Y: 0.797 
(epoch: 43, iters: 6720, time: 0.053, data: 0.001) G_GAN: 0.299 D_real: 0.193 D_fake: 0.232 G: 1.273 NCE: 1.142 NCE_Y: 0.806 
(epoch: 43, iters: 6820, time: 0.053, data: 0.001) G_GAN: 0.224 D_real: 0.469 D_fake: 0.242 G: 1.265 NCE: 1.269 NCE_Y: 0.814 
(epoch: 43, iters: 6920, time: 0.053, data: 0.001) G_GAN: 0.277 D_real: 0.305 D_fake: 0.202 G: 1.267 NCE: 1.167 NCE_Y: 0.813 
(epoch: 43, iters: 7020, time: 0.053, data: 0.001) G_GAN: 0.184 D_real: 0.296 D_fake: 0.384 G: 1.194 NCE: 1.203 NCE_Y: 0.818 
(epoch: 43, iters: 7120, time: 0.053, data: 0.001) G_GAN: 0.352 D_real: 0.232 D_fake: 0.202 G: 1.274 NCE: 1.034 NCE_Y: 0.811 
(epoch: 43, iters: 7220, time: 0.054, data: 0.001) G_GAN: 0.396 D_real: 0.192 D_fake: 0.205 G: 1.356 NCE: 1.113 NCE_Y: 0.808 
(epoch: 43, iters: 7320, time: 0.054, data: 0.001) G_GAN: 0.284 D_real: 0.197 D_fake: 0.258 G: 1.259 NCE: 1.043 NCE_Y: 0.907 
saving the latest model (epoch 43, total_iters 345000)
doctr_SELFF_to_SD_fixed_nl2
(epoch: 43, iters: 7420, time: 0.053, data: 0.001) G_GAN: 0.271 D_real: 0.195 D_fake: 0.286 G: 1.241 NCE: 1.134 NCE_Y: 0.806 
(epoch: 43, iters: 7520, time: 0.053, data: 0.001) G_GAN: 0.386 D_real: 0.370 D_fake: 0.177 G: 1.445 NCE: 1.329 NCE_Y: 0.790 
(epoch: 43, iters: 7620, time: 0.053, data: 0.001) G_GAN: 0.373 D_real: 0.185 D_fake: 0.185 G: 1.330 NCE: 1.144 NCE_Y: 0.769 
(epoch: 43, iters: 7720, time: 0.053, data: 0.001) G_GAN: 0.281 D_real: 0.206 D_fake: 0.257 G: 1.215 NCE: 1.076 NCE_Y: 0.791 
(epoch: 43, iters: 7820, time: 0.053, data: 0.001) G_GAN: 0.255 D_real: 0.284 D_fake: 0.245 G: 1.228 NCE: 1.140 NCE_Y: 0.805 
(epoch: 43, iters: 7920, time: 0.053, data: 0.001) G_GAN: 0.279 D_real: 0.437 D_fake: 0.236 G: 1.248 NCE: 1.123 NCE_Y: 0.814 
(epoch: 43, iters: 8020, time: 0.053, data: 0.001) G_GAN: 0.294 D_real: 0.200 D_fake: 0.253 G: 1.269 NCE: 1.122 NCE_Y: 0.830 
End of epoch 43 / 60 	 Time Taken: 442 sec
learning rate = 0.0001097
(epoch: 44, iters: 80, time: 0.053, data: 0.001) G_GAN: 0.354 D_real: 0.195 D_fake: 0.183 G: 1.367 NCE: 1.167 NCE_Y: 0.858 
(epoch: 44, iters: 180, time: 0.053, data: 0.001) G_GAN: 0.270 D_real: 0.157 D_fake: 0.295 G: 1.240 NCE: 1.118 NCE_Y: 0.822 
(epoch: 44, iters: 280, time: 0.053, data: 0.001) G_GAN: 0.274 D_real: 0.318 D_fake: 0.197 G: 1.234 NCE: 1.114 NCE_Y: 0.805 
(epoch: 44, iters: 380, time: 0.053, data: 0.001) G_GAN: 0.277 D_real: 0.161 D_fake: 0.320 G: 1.326 NCE: 1.239 NCE_Y: 0.860 
(epoch: 44, iters: 480, time: 0.053, data: 0.001) G_GAN: 0.296 D_real: 0.332 D_fake: 0.168 G: 1.222 NCE: 1.072 NCE_Y: 0.779 
(epoch: 44, iters: 580, time: 0.053, data: 0.001) G_GAN: 0.351 D_real: 0.193 D_fake: 0.198 G: 1.466 NCE: 1.434 NCE_Y: 0.795 
(epoch: 44, iters: 680, time: 0.053, data: 0.001) G_GAN: 0.259 D_real: 0.146 D_fake: 0.321 G: 1.204 NCE: 1.114 NCE_Y: 0.776 
(epoch: 44, iters: 780, time: 0.054, data: 0.001) G_GAN: 0.262 D_real: 0.327 D_fake: 0.217 G: 1.262 NCE: 1.214 NCE_Y: 0.785 
(epoch: 44, iters: 880, time: 0.053, data: 0.001) G_GAN: 0.324 D_real: 0.128 D_fake: 0.231 G: 1.337 NCE: 1.219 NCE_Y: 0.807 
(epoch: 44, iters: 980, time: 0.053, data: 0.001) G_GAN: 0.354 D_real: 0.174 D_fake: 0.215 G: 1.346 NCE: 1.163 NCE_Y: 0.820 
(epoch: 44, iters: 1080, time: 0.053, data: 0.001) G_GAN: 0.339 D_real: 0.141 D_fake: 0.218 G: 1.296 NCE: 1.127 NCE_Y: 0.786 
(epoch: 44, iters: 1180, time: 0.053, data: 0.001) G_GAN: 0.391 D_real: 0.223 D_fake: 0.264 G: 1.290 NCE: 1.032 NCE_Y: 0.766 
(epoch: 44, iters: 1280, time: 0.054, data: 0.001) G_GAN: 0.241 D_real: 0.349 D_fake: 0.277 G: 1.223 NCE: 1.162 NCE_Y: 0.801 
(epoch: 44, iters: 1380, time: 0.053, data: 0.001) G_GAN: 1.051 D_real: 0.147 D_fake: 0.040 G: 2.146 NCE: 1.343 NCE_Y: 0.847 
(epoch: 44, iters: 1480, time: 0.053, data: 0.001) G_GAN: 1.065 D_real: 0.016 D_fake: 0.024 G: 2.039 NCE: 1.159 NCE_Y: 0.789 
(epoch: 44, iters: 1580, time: 0.053, data: 0.001) G_GAN: 0.903 D_real: 0.007 D_fake: 0.006 G: 1.968 NCE: 1.151 NCE_Y: 0.978 
(epoch: 44, iters: 1680, time: 0.053, data: 0.001) G_GAN: 1.019 D_real: 0.009 D_fake: 0.003 G: 2.161 NCE: 1.286 NCE_Y: 0.999 
(epoch: 44, iters: 1780, time: 0.054, data: 0.001) G_GAN: 1.011 D_real: 0.003 D_fake: 0.004 G: 2.201 NCE: 1.423 NCE_Y: 0.957 
(epoch: 44, iters: 1880, time: 0.054, data: 0.001) G_GAN: 0.995 D_real: 0.006 D_fake: 0.004 G: 2.115 NCE: 1.265 NCE_Y: 0.974 
(epoch: 44, iters: 1980, time: 0.054, data: 0.001) G_GAN: 0.977 D_real: 0.005 D_fake: 0.002 G: 2.151 NCE: 1.346 NCE_Y: 1.002 
(epoch: 44, iters: 2080, time: 0.053, data: 0.001) G_GAN: 0.984 D_real: 0.003 D_fake: 0.003 G: 2.130 NCE: 1.307 NCE_Y: 0.983 
(epoch: 44, iters: 2180, time: 0.053, data: 0.001) G_GAN: 1.016 D_real: 0.002 D_fake: 0.003 G: 2.129 NCE: 1.292 NCE_Y: 0.934 
(epoch: 44, iters: 2280, time: 0.053, data: 0.001) G_GAN: 1.051 D_real: 0.002 D_fake: 0.007 G: 2.149 NCE: 1.294 NCE_Y: 0.904 
(epoch: 44, iters: 2380, time: 0.053, data: 0.001) G_GAN: 1.003 D_real: 0.002 D_fake: 0.004 G: 2.138 NCE: 1.391 NCE_Y: 0.880 
(epoch: 44, iters: 2480, time: 0.054, data: 0.001) G_GAN: 1.030 D_real: 0.003 D_fake: 0.005 G: 2.163 NCE: 1.383 NCE_Y: 0.882 
(epoch: 44, iters: 2580, time: 0.053, data: 0.001) G_GAN: 0.943 D_real: 0.009 D_fake: 0.009 G: 2.087 NCE: 1.373 NCE_Y: 0.913 
(epoch: 44, iters: 2680, time: 0.053, data: 0.001) G_GAN: 1.016 D_real: 0.003 D_fake: 0.006 G: 2.176 NCE: 1.411 NCE_Y: 0.909 
(epoch: 44, iters: 2780, time: 0.053, data: 0.001) G_GAN: 0.976 D_real: 0.004 D_fake: 0.008 G: 2.116 NCE: 1.369 NCE_Y: 0.911 
(epoch: 44, iters: 2880, time: 0.054, data: 0.001) G_GAN: 0.979 D_real: 0.006 D_fake: 0.006 G: 2.127 NCE: 1.363 NCE_Y: 0.932 
(epoch: 44, iters: 2980, time: 0.054, data: 0.001) G_GAN: 1.049 D_real: 0.008 D_fake: 0.015 G: 2.172 NCE: 1.352 NCE_Y: 0.893 
(epoch: 44, iters: 3080, time: 0.053, data: 0.001) G_GAN: 1.003 D_real: 0.001 D_fake: 0.006 G: 2.111 NCE: 1.353 NCE_Y: 0.865 
(epoch: 44, iters: 3180, time: 0.053, data: 0.001) G_GAN: 1.089 D_real: 0.003 D_fake: 0.011 G: 2.212 NCE: 1.413 NCE_Y: 0.834 
(epoch: 44, iters: 3280, time: 0.053, data: 0.001) G_GAN: 0.957 D_real: 0.004 D_fake: 0.007 G: 2.039 NCE: 1.303 NCE_Y: 0.859 
(epoch: 44, iters: 3380, time: 0.053, data: 0.001) G_GAN: 1.031 D_real: 0.002 D_fake: 0.006 G: 2.088 NCE: 1.312 NCE_Y: 0.804 
(epoch: 44, iters: 3480, time: 0.053, data: 0.001) G_GAN: 1.066 D_real: 0.006 D_fake: 0.010 G: 2.139 NCE: 1.276 NCE_Y: 0.871 
(epoch: 44, iters: 3580, time: 0.053, data: 0.001) G_GAN: 0.758 D_real: 0.049 D_fake: 0.028 G: 1.749 NCE: 1.123 NCE_Y: 0.859 
(epoch: 44, iters: 3680, time: 0.053, data: 0.001) G_GAN: 0.536 D_real: 0.073 D_fake: 0.075 G: 1.506 NCE: 1.090 NCE_Y: 0.851 
(epoch: 44, iters: 3780, time: 0.053, data: 0.001) G_GAN: 0.380 D_real: 0.141 D_fake: 0.194 G: 1.331 NCE: 1.080 NCE_Y: 0.822 
(epoch: 44, iters: 3880, time: 0.054, data: 0.002) G_GAN: 0.262 D_real: 0.297 D_fake: 0.182 G: 1.231 NCE: 1.091 NCE_Y: 0.848 
(epoch: 44, iters: 3980, time: 0.054, data: 0.001) G_GAN: 0.263 D_real: 0.147 D_fake: 0.319 G: 1.215 NCE: 1.095 NCE_Y: 0.809 
(epoch: 44, iters: 4080, time: 0.054, data: 0.001) G_GAN: 0.377 D_real: 0.330 D_fake: 0.145 G: 1.360 NCE: 1.160 NCE_Y: 0.806 
(epoch: 44, iters: 4180, time: 0.054, data: 0.001) G_GAN: 0.446 D_real: 0.220 D_fake: 0.249 G: 1.428 NCE: 1.171 NCE_Y: 0.794 
(epoch: 44, iters: 4280, time: 0.053, data: 0.001) G_GAN: 0.342 D_real: 0.392 D_fake: 0.172 G: 1.310 NCE: 1.131 NCE_Y: 0.806 
saving the latest model (epoch 44, total_iters 350000)
doctr_SELFF_to_SD_fixed_nl2
(epoch: 44, iters: 4380, time: 0.054, data: 0.001) G_GAN: 0.298 D_real: 0.189 D_fake: 0.229 G: 1.237 NCE: 1.067 NCE_Y: 0.810 
(epoch: 44, iters: 4480, time: 0.054, data: 0.001) G_GAN: 0.292 D_real: 0.272 D_fake: 0.236 G: 1.331 NCE: 1.236 NCE_Y: 0.841 
(epoch: 44, iters: 4580, time: 0.054, data: 0.001) G_GAN: 0.243 D_real: 0.157 D_fake: 0.391 G: 1.248 NCE: 1.182 NCE_Y: 0.828 
(epoch: 44, iters: 4680, time: 0.054, data: 0.001) G_GAN: 0.380 D_real: 0.185 D_fake: 0.177 G: 1.392 NCE: 1.222 NCE_Y: 0.802 
(epoch: 44, iters: 4780, time: 0.054, data: 0.001) G_GAN: 0.376 D_real: 0.194 D_fake: 0.167 G: 1.319 NCE: 1.078 NCE_Y: 0.808 
(epoch: 44, iters: 4880, time: 0.054, data: 0.001) G_GAN: 0.259 D_real: 0.226 D_fake: 0.317 G: 1.233 NCE: 1.123 NCE_Y: 0.824 
(epoch: 44, iters: 4980, time: 0.053, data: 0.001) G_GAN: 0.277 D_real: 0.245 D_fake: 0.257 G: 1.216 NCE: 1.067 NCE_Y: 0.813 
(epoch: 44, iters: 5080, time: 0.053, data: 0.001) G_GAN: 0.289 D_real: 0.206 D_fake: 0.232 G: 1.261 NCE: 1.126 NCE_Y: 0.817 
(epoch: 44, iters: 5180, time: 0.054, data: 0.001) G_GAN: 0.310 D_real: 0.115 D_fake: 0.282 G: 1.239 NCE: 1.088 NCE_Y: 0.770 
(epoch: 44, iters: 5280, time: 0.054, data: 0.001) G_GAN: 0.348 D_real: 0.204 D_fake: 0.216 G: 1.352 NCE: 1.157 NCE_Y: 0.851 
(epoch: 44, iters: 5380, time: 0.054, data: 0.001) G_GAN: 0.240 D_real: 0.293 D_fake: 0.275 G: 1.241 NCE: 1.168 NCE_Y: 0.834 
(epoch: 44, iters: 5480, time: 0.053, data: 0.001) G_GAN: 0.242 D_real: 0.232 D_fake: 0.310 G: 1.248 NCE: 1.164 NCE_Y: 0.848 
(epoch: 44, iters: 5580, time: 0.053, data: 0.001) G_GAN: 0.242 D_real: 0.191 D_fake: 0.346 G: 1.205 NCE: 1.139 NCE_Y: 0.789 
(epoch: 44, iters: 5680, time: 0.053, data: 0.001) G_GAN: 0.276 D_real: 0.251 D_fake: 0.319 G: 1.305 NCE: 1.217 NCE_Y: 0.842 
(epoch: 44, iters: 5780, time: 0.053, data: 0.001) G_GAN: 0.794 D_real: 0.016 D_fake: 0.030 G: 1.751 NCE: 1.091 NCE_Y: 0.825 
(epoch: 44, iters: 5880, time: 0.053, data: 0.001) G_GAN: 0.605 D_real: 0.192 D_fake: 0.070 G: 1.559 NCE: 1.074 NCE_Y: 0.834 
(epoch: 44, iters: 5980, time: 0.053, data: 0.002) G_GAN: 0.291 D_real: 0.203 D_fake: 0.252 G: 1.308 NCE: 1.170 NCE_Y: 0.864 
(epoch: 44, iters: 6080, time: 0.053, data: 0.001) G_GAN: 0.331 D_real: 0.198 D_fake: 0.193 G: 1.310 NCE: 1.119 NCE_Y: 0.839 
(epoch: 44, iters: 6180, time: 0.053, data: 0.001) G_GAN: 0.260 D_real: 0.278 D_fake: 0.252 G: 1.220 NCE: 1.106 NCE_Y: 0.814 
(epoch: 44, iters: 6280, time: 0.053, data: 0.001) G_GAN: 0.309 D_real: 0.359 D_fake: 0.192 G: 1.249 NCE: 1.058 NCE_Y: 0.822 
(epoch: 44, iters: 6380, time: 0.053, data: 0.001) G_GAN: 0.283 D_real: 0.257 D_fake: 0.246 G: 1.255 NCE: 1.123 NCE_Y: 0.822 
(epoch: 44, iters: 6480, time: 0.052, data: 0.001) G_GAN: 0.266 D_real: 0.302 D_fake: 0.275 G: 1.217 NCE: 1.061 NCE_Y: 0.840 
(epoch: 44, iters: 6580, time: 0.052, data: 0.001) G_GAN: 0.280 D_real: 0.244 D_fake: 0.217 G: 1.207 NCE: 1.066 NCE_Y: 0.786 
(epoch: 44, iters: 6680, time: 0.052, data: 0.001) G_GAN: 0.303 D_real: 0.360 D_fake: 0.146 G: 1.252 NCE: 1.069 NCE_Y: 0.828 
(epoch: 44, iters: 6780, time: 0.053, data: 0.001) G_GAN: 0.385 D_real: 0.227 D_fake: 0.154 G: 1.433 NCE: 1.218 NCE_Y: 0.877 
(epoch: 44, iters: 6880, time: 0.053, data: 0.001) G_GAN: 0.267 D_real: 0.259 D_fake: 0.252 G: 1.269 NCE: 1.180 NCE_Y: 0.824 
(epoch: 44, iters: 6980, time: 0.053, data: 0.001) G_GAN: 0.287 D_real: 0.272 D_fake: 0.203 G: 1.254 NCE: 1.138 NCE_Y: 0.796 
(epoch: 44, iters: 7080, time: 0.053, data: 0.001) G_GAN: 0.264 D_real: 0.264 D_fake: 0.209 G: 1.199 NCE: 1.071 NCE_Y: 0.800 
(epoch: 44, iters: 7180, time: 0.053, data: 0.001) G_GAN: 0.361 D_real: 0.114 D_fake: 0.220 G: 1.308 NCE: 1.069 NCE_Y: 0.825 
(epoch: 44, iters: 7280, time: 0.053, data: 0.001) G_GAN: 1.161 D_real: 0.160 D_fake: 0.071 G: 2.119 NCE: 1.082 NCE_Y: 0.835 
(epoch: 44, iters: 7380, time: 0.053, data: 0.001) G_GAN: 1.052 D_real: 0.020 D_fake: 0.009 G: 2.041 NCE: 1.141 NCE_Y: 0.837 
(epoch: 44, iters: 7480, time: 0.054, data: 0.001) G_GAN: 0.382 D_real: 0.085 D_fake: 0.214 G: 1.345 NCE: 1.100 NCE_Y: 0.826 
(epoch: 44, iters: 7580, time: 0.053, data: 0.001) G_GAN: 0.857 D_real: 0.089 D_fake: 0.162 G: 1.826 NCE: 1.126 NCE_Y: 0.812 
(epoch: 44, iters: 7680, time: 0.053, data: 0.001) G_GAN: 0.770 D_real: 0.007 D_fake: 0.370 G: 1.786 NCE: 1.212 NCE_Y: 0.820 
(epoch: 44, iters: 7780, time: 0.053, data: 0.001) G_GAN: 0.308 D_real: 0.154 D_fake: 0.242 G: 1.296 NCE: 1.151 NCE_Y: 0.826 
(epoch: 44, iters: 7880, time: 0.053, data: 0.001) G_GAN: 0.265 D_real: 0.246 D_fake: 0.234 G: 1.250 NCE: 1.153 NCE_Y: 0.816 
(epoch: 44, iters: 7980, time: 0.053, data: 0.001) G_GAN: 0.270 D_real: 0.243 D_fake: 0.245 G: 1.187 NCE: 1.026 NCE_Y: 0.808 
End of epoch 44 / 60 	 Time Taken: 444 sec
learning rate = 0.0001032
(epoch: 45, iters: 40, time: 0.053, data: 0.001) G_GAN: 0.309 D_real: 0.212 D_fake: 0.223 G: 1.298 NCE: 1.143 NCE_Y: 0.836 
(epoch: 45, iters: 140, time: 0.053, data: 0.001) G_GAN: 0.370 D_real: 0.130 D_fake: 0.193 G: 1.337 NCE: 1.126 NCE_Y: 0.808 
(epoch: 45, iters: 240, time: 0.053, data: 0.002) G_GAN: 0.237 D_real: 0.232 D_fake: 0.301 G: 1.223 NCE: 1.124 NCE_Y: 0.848 
(epoch: 45, iters: 340, time: 0.053, data: 0.001) G_GAN: 0.267 D_real: 0.267 D_fake: 0.297 G: 1.295 NCE: 1.248 NCE_Y: 0.808 
(epoch: 45, iters: 440, time: 0.053, data: 0.001) G_GAN: 0.542 D_real: 0.100 D_fake: 0.068 G: 1.474 NCE: 1.023 NCE_Y: 0.841 
(epoch: 45, iters: 540, time: 0.053, data: 0.001) G_GAN: 0.393 D_real: 0.273 D_fake: 0.127 G: 1.327 NCE: 1.044 NCE_Y: 0.823 
(epoch: 45, iters: 640, time: 0.053, data: 0.001) G_GAN: 0.325 D_real: 0.248 D_fake: 0.199 G: 1.234 NCE: 1.008 NCE_Y: 0.810 
(epoch: 45, iters: 740, time: 0.053, data: 0.001) G_GAN: 0.240 D_real: 0.307 D_fake: 0.250 G: 1.171 NCE: 1.047 NCE_Y: 0.816 
(epoch: 45, iters: 840, time: 0.053, data: 0.001) G_GAN: 0.356 D_real: 0.220 D_fake: 0.167 G: 1.292 NCE: 1.015 NCE_Y: 0.857 
(epoch: 45, iters: 940, time: 0.053, data: 0.001) G_GAN: 0.271 D_real: 0.251 D_fake: 0.244 G: 1.232 NCE: 1.108 NCE_Y: 0.815 
(epoch: 45, iters: 1040, time: 0.053, data: 0.001) G_GAN: 0.294 D_real: 0.236 D_fake: 0.246 G: 1.249 NCE: 1.091 NCE_Y: 0.818 
(epoch: 45, iters: 1140, time: 0.053, data: 0.001) G_GAN: 0.198 D_real: 0.272 D_fake: 0.281 G: 1.134 NCE: 1.060 NCE_Y: 0.813 
(epoch: 45, iters: 1240, time: 0.053, data: 0.001) G_GAN: 0.341 D_real: 0.499 D_fake: 0.140 G: 1.312 NCE: 1.098 NCE_Y: 0.843 
saving the latest model (epoch 45, total_iters 355000)
doctr_SELFF_to_SD_fixed_nl2
(epoch: 45, iters: 1340, time: 0.053, data: 0.001) G_GAN: 0.347 D_real: 0.249 D_fake: 0.200 G: 1.297 NCE: 1.076 NCE_Y: 0.824 
(epoch: 45, iters: 1440, time: 0.053, data: 0.001) G_GAN: 0.276 D_real: 0.193 D_fake: 0.280 G: 1.238 NCE: 1.082 NCE_Y: 0.841 
(epoch: 45, iters: 1540, time: 0.053, data: 0.001) G_GAN: 0.249 D_real: 0.362 D_fake: 0.253 G: 1.229 NCE: 1.111 NCE_Y: 0.850 
(epoch: 45, iters: 1640, time: 0.053, data: 0.001) G_GAN: 0.282 D_real: 0.224 D_fake: 0.242 G: 1.245 NCE: 1.112 NCE_Y: 0.814 
(epoch: 45, iters: 1740, time: 0.053, data: 0.001) G_GAN: 0.878 D_real: 0.476 D_fake: 0.036 G: 1.825 NCE: 1.074 NCE_Y: 0.821 
(epoch: 45, iters: 1840, time: 0.052, data: 0.001) G_GAN: 0.349 D_real: 0.182 D_fake: 0.230 G: 1.341 NCE: 1.163 NCE_Y: 0.821 
(epoch: 45, iters: 1940, time: 0.053, data: 0.002) G_GAN: 0.308 D_real: 0.139 D_fake: 0.302 G: 1.341 NCE: 1.245 NCE_Y: 0.821 
(epoch: 45, iters: 2040, time: 0.052, data: 0.001) G_GAN: 0.382 D_real: 0.085 D_fake: 0.207 G: 1.320 NCE: 1.104 NCE_Y: 0.772 
(epoch: 45, iters: 2140, time: 0.053, data: 0.001) G_GAN: 0.223 D_real: 0.310 D_fake: 0.306 G: 1.148 NCE: 1.031 NCE_Y: 0.818 
(epoch: 45, iters: 2240, time: 0.053, data: 0.001) G_GAN: 0.278 D_real: 0.113 D_fake: 0.259 G: 1.203 NCE: 1.045 NCE_Y: 0.803 
(epoch: 45, iters: 2340, time: 0.053, data: 0.001) G_GAN: 0.291 D_real: 0.227 D_fake: 0.247 G: 1.238 NCE: 1.068 NCE_Y: 0.825 
(epoch: 45, iters: 2440, time: 0.053, data: 0.001) G_GAN: 0.216 D_real: 0.335 D_fake: 0.323 G: 1.224 NCE: 1.197 NCE_Y: 0.820 
(epoch: 45, iters: 2540, time: 0.053, data: 0.001) G_GAN: 0.290 D_real: 0.283 D_fake: 0.225 G: 1.259 NCE: 1.101 NCE_Y: 0.837 
(epoch: 45, iters: 2640, time: 0.053, data: 0.001) G_GAN: 0.201 D_real: 0.245 D_fake: 0.324 G: 1.097 NCE: 1.001 NCE_Y: 0.791 
(epoch: 45, iters: 2740, time: 0.053, data: 0.001) G_GAN: 0.280 D_real: 0.250 D_fake: 0.237 G: 1.223 NCE: 1.059 NCE_Y: 0.827 
(epoch: 45, iters: 2840, time: 0.052, data: 0.001) G_GAN: 0.313 D_real: 0.203 D_fake: 0.221 G: 1.263 NCE: 1.069 NCE_Y: 0.830 
(epoch: 45, iters: 2940, time: 0.052, data: 0.001) G_GAN: 0.304 D_real: 0.235 D_fake: 0.258 G: 1.241 NCE: 1.035 NCE_Y: 0.840 
(epoch: 45, iters: 3040, time: 0.052, data: 0.001) G_GAN: 0.347 D_real: 0.253 D_fake: 0.156 G: 1.268 NCE: 1.043 NCE_Y: 0.799 
(epoch: 45, iters: 3140, time: 0.053, data: 0.001) G_GAN: 0.290 D_real: 0.284 D_fake: 0.187 G: 1.236 NCE: 1.093 NCE_Y: 0.799 
(epoch: 45, iters: 3240, time: 0.053, data: 0.001) G_GAN: 0.339 D_real: 0.236 D_fake: 0.204 G: 1.336 NCE: 1.168 NCE_Y: 0.827 
(epoch: 45, iters: 3340, time: 0.053, data: 0.001) G_GAN: 0.306 D_real: 0.141 D_fake: 0.283 G: 1.280 NCE: 1.132 NCE_Y: 0.815 
(epoch: 45, iters: 3440, time: 0.053, data: 0.001) G_GAN: 0.369 D_real: 0.105 D_fake: 0.219 G: 1.288 NCE: 1.042 NCE_Y: 0.795 
(epoch: 45, iters: 3540, time: 0.053, data: 0.001) G_GAN: 0.290 D_real: 0.184 D_fake: 0.251 G: 1.215 NCE: 1.048 NCE_Y: 0.801 
(epoch: 45, iters: 3640, time: 0.053, data: 0.001) G_GAN: 0.260 D_real: 0.315 D_fake: 0.229 G: 1.268 NCE: 1.174 NCE_Y: 0.842 
(epoch: 45, iters: 3740, time: 0.053, data: 0.001) G_GAN: 0.196 D_real: 0.344 D_fake: 0.298 G: 1.137 NCE: 1.053 NCE_Y: 0.830 
(epoch: 45, iters: 3840, time: 0.053, data: 0.001) G_GAN: 0.302 D_real: 0.219 D_fake: 0.221 G: 1.229 NCE: 1.012 NCE_Y: 0.842 
(epoch: 45, iters: 3940, time: 0.053, data: 0.001) G_GAN: 0.978 D_real: 0.008 D_fake: 0.007 G: 1.996 NCE: 1.205 NCE_Y: 0.830 
(epoch: 45, iters: 4040, time: 0.053, data: 0.001) G_GAN: 1.009 D_real: 0.006 D_fake: 0.009 G: 2.052 NCE: 1.216 NCE_Y: 0.869 
(epoch: 45, iters: 4140, time: 0.053, data: 0.001) G_GAN: 0.998 D_real: 0.003 D_fake: 0.001 G: 2.054 NCE: 1.223 NCE_Y: 0.890 
(epoch: 45, iters: 4240, time: 0.053, data: 0.001) G_GAN: 1.002 D_real: 0.004 D_fake: 0.002 G: 2.075 NCE: 1.247 NCE_Y: 0.898 
(epoch: 45, iters: 4340, time: 0.054, data: 0.001) G_GAN: 0.996 D_real: 0.002 D_fake: 0.001 G: 2.062 NCE: 1.228 NCE_Y: 0.906 
(epoch: 45, iters: 4440, time: 0.053, data: 0.001) G_GAN: 0.992 D_real: 0.002 D_fake: 0.001 G: 2.058 NCE: 1.198 NCE_Y: 0.934 
(epoch: 45, iters: 4540, time: 0.053, data: 0.001) G_GAN: 0.988 D_real: 0.003 D_fake: 0.002 G: 2.069 NCE: 1.210 NCE_Y: 0.952 
(epoch: 45, iters: 4640, time: 0.054, data: 0.001) G_GAN: 0.965 D_real: 0.002 D_fake: 0.001 G: 2.086 NCE: 1.274 NCE_Y: 0.968 
(epoch: 45, iters: 4740, time: 0.054, data: 0.001) G_GAN: 0.980 D_real: 0.002 D_fake: 0.001 G: 2.058 NCE: 1.226 NCE_Y: 0.930 
(epoch: 45, iters: 4840, time: 0.054, data: 0.001) G_GAN: 1.001 D_real: 0.002 D_fake: 0.001 G: 2.065 NCE: 1.227 NCE_Y: 0.901 
(epoch: 45, iters: 4940, time: 0.053, data: 0.001) G_GAN: 1.013 D_real: 0.001 D_fake: 0.001 G: 2.093 NCE: 1.238 NCE_Y: 0.921 
(epoch: 45, iters: 5040, time: 0.053, data: 0.001) G_GAN: 1.006 D_real: 0.002 D_fake: 0.001 G: 2.071 NCE: 1.203 NCE_Y: 0.927 
(epoch: 45, iters: 5140, time: 0.053, data: 0.001) G_GAN: 1.006 D_real: 0.001 D_fake: 0.001 G: 2.105 NCE: 1.300 NCE_Y: 0.898 
(epoch: 45, iters: 5240, time: 0.053, data: 0.001) G_GAN: 1.024 D_real: 0.002 D_fake: 0.001 G: 2.075 NCE: 1.220 NCE_Y: 0.883 
(epoch: 45, iters: 5340, time: 0.053, data: 0.001) G_GAN: 0.994 D_real: 0.002 D_fake: 0.001 G: 2.043 NCE: 1.215 NCE_Y: 0.883 
(epoch: 45, iters: 5440, time: 0.053, data: 0.001) G_GAN: 0.985 D_real: 0.002 D_fake: 0.001 G: 2.019 NCE: 1.225 NCE_Y: 0.843 
(epoch: 45, iters: 5540, time: 0.053, data: 0.001) G_GAN: 0.994 D_real: 0.002 D_fake: 0.001 G: 2.053 NCE: 1.266 NCE_Y: 0.853 
(epoch: 45, iters: 5640, time: 0.053, data: 0.001) G_GAN: 0.996 D_real: 0.002 D_fake: 0.001 G: 2.068 NCE: 1.289 NCE_Y: 0.854 
(epoch: 45, iters: 5740, time: 0.053, data: 0.001) G_GAN: 0.982 D_real: 0.002 D_fake: 0.000 G: 2.048 NCE: 1.281 NCE_Y: 0.852 
(epoch: 45, iters: 5840, time: 0.054, data: 0.001) G_GAN: 0.992 D_real: 0.001 D_fake: 0.001 G: 2.049 NCE: 1.241 NCE_Y: 0.872 
(epoch: 45, iters: 5940, time: 0.054, data: 0.001) G_GAN: 1.014 D_real: 0.002 D_fake: 0.000 G: 2.036 NCE: 1.198 NCE_Y: 0.844 
(epoch: 45, iters: 6040, time: 0.054, data: 0.001) G_GAN: 0.992 D_real: 0.001 D_fake: 0.001 G: 2.012 NCE: 1.205 NCE_Y: 0.836 
(epoch: 45, iters: 6140, time: 0.053, data: 0.001) G_GAN: 1.020 D_real: 0.002 D_fake: 0.002 G: 2.004 NCE: 1.157 NCE_Y: 0.811 
(epoch: 45, iters: 6240, time: 0.053, data: 0.001) G_GAN: 0.980 D_real: 0.002 D_fake: 0.001 G: 2.019 NCE: 1.216 NCE_Y: 0.863 
saving the latest model (epoch 45, total_iters 360000)
doctr_SELFF_to_SD_fixed_nl2
(epoch: 45, iters: 6340, time: 0.054, data: 0.001) G_GAN: 0.983 D_real: 0.002 D_fake: 0.001 G: 2.005 NCE: 1.223 NCE_Y: 0.821 
(epoch: 45, iters: 6440, time: 0.054, data: 0.001) G_GAN: 0.989 D_real: 0.002 D_fake: 0.001 G: 1.987 NCE: 1.202 NCE_Y: 0.794 
(epoch: 45, iters: 6540, time: 0.054, data: 0.001) G_GAN: 1.021 D_real: 0.002 D_fake: 0.001 G: 2.059 NCE: 1.268 NCE_Y: 0.807 
(epoch: 45, iters: 6640, time: 0.053, data: 0.001) G_GAN: 0.987 D_real: 0.003 D_fake: 0.001 G: 2.001 NCE: 1.191 NCE_Y: 0.837 
(epoch: 45, iters: 6740, time: 0.053, data: 0.001) G_GAN: 1.008 D_real: 0.001 D_fake: 0.002 G: 2.002 NCE: 1.190 NCE_Y: 0.799 
(epoch: 45, iters: 6840, time: 0.053, data: 0.001) G_GAN: 0.981 D_real: 0.001 D_fake: 0.001 G: 2.009 NCE: 1.241 NCE_Y: 0.815 
(epoch: 45, iters: 6940, time: 0.053, data: 0.001) G_GAN: 1.017 D_real: 0.003 D_fake: 0.002 G: 1.990 NCE: 1.165 NCE_Y: 0.782 
(epoch: 45, iters: 7040, time: 0.053, data: 0.001) G_GAN: 0.967 D_real: 0.004 D_fake: 0.001 G: 1.958 NCE: 1.230 NCE_Y: 0.752 
(epoch: 45, iters: 7140, time: 0.053, data: 0.001) G_GAN: 0.537 D_real: 0.196 D_fake: 0.047 G: 1.573 NCE: 1.256 NCE_Y: 0.817 
(epoch: 45, iters: 7240, time: 0.053, data: 0.001) G_GAN: 0.427 D_real: 0.187 D_fake: 0.193 G: 1.402 NCE: 1.107 NCE_Y: 0.843 
(epoch: 45, iters: 7340, time: 0.052, data: 0.001) G_GAN: 0.252 D_real: 0.242 D_fake: 0.273 G: 1.217 NCE: 1.092 NCE_Y: 0.837 
(epoch: 45, iters: 7440, time: 0.053, data: 0.001) G_GAN: 0.300 D_real: 0.315 D_fake: 0.251 G: 1.274 NCE: 1.139 NCE_Y: 0.809 
(epoch: 45, iters: 7540, time: 0.053, data: 0.001) G_GAN: 0.287 D_real: 0.318 D_fake: 0.221 G: 1.229 NCE: 1.094 NCE_Y: 0.790 
(epoch: 45, iters: 7640, time: 0.053, data: 0.001) G_GAN: 0.316 D_real: 0.213 D_fake: 0.232 G: 1.262 NCE: 1.073 NCE_Y: 0.818 
(epoch: 45, iters: 7740, time: 0.053, data: 0.001) G_GAN: 0.403 D_real: 0.183 D_fake: 0.189 G: 1.346 NCE: 1.082 NCE_Y: 0.803 
(epoch: 45, iters: 7840, time: 0.054, data: 0.001) G_GAN: 0.686 D_real: 0.059 D_fake: 0.211 G: 1.628 NCE: 1.087 NCE_Y: 0.799 
(epoch: 45, iters: 7940, time: 0.054, data: 0.001) G_GAN: 0.866 D_real: 0.030 D_fake: 0.026 G: 1.818 NCE: 1.077 NCE_Y: 0.828 
(epoch: 45, iters: 8040, time: 0.054, data: 0.001) G_GAN: 0.922 D_real: 0.014 D_fake: 0.129 G: 1.860 NCE: 1.105 NCE_Y: 0.769 
saving the model at the end of epoch 45, iters 361800
End of epoch 45 / 60 	 Time Taken: 443 sec
learning rate = 0.0000968
(epoch: 46, iters: 100, time: 0.054, data: 0.170) G_GAN: 0.516 D_real: 0.084 D_fake: 0.108 G: 1.438 NCE: 1.067 NCE_Y: 0.776 
(epoch: 46, iters: 200, time: 0.054, data: 0.001) G_GAN: 0.324 D_real: 0.294 D_fake: 0.156 G: 1.348 NCE: 1.224 NCE_Y: 0.824 
(epoch: 46, iters: 300, time: 0.053, data: 0.001) G_GAN: 0.277 D_real: 0.272 D_fake: 0.186 G: 1.233 NCE: 1.125 NCE_Y: 0.787 
(epoch: 46, iters: 400, time: 0.054, data: 0.002) G_GAN: 0.364 D_real: 0.154 D_fake: 0.176 G: 1.324 NCE: 1.133 NCE_Y: 0.787 
(epoch: 46, iters: 500, time: 0.054, data: 0.001) G_GAN: 0.318 D_real: 0.249 D_fake: 0.200 G: 1.254 NCE: 1.114 NCE_Y: 0.757 
(epoch: 46, iters: 600, time: 0.054, data: 0.001) G_GAN: 0.371 D_real: 0.300 D_fake: 0.144 G: 1.315 NCE: 1.091 NCE_Y: 0.796 
(epoch: 46, iters: 700, time: 0.054, data: 0.001) G_GAN: 0.345 D_real: 0.323 D_fake: 0.176 G: 1.319 NCE: 1.184 NCE_Y: 0.763 
(epoch: 46, iters: 800, time: 0.053, data: 0.001) G_GAN: 0.361 D_real: 0.198 D_fake: 0.200 G: 1.329 NCE: 1.167 NCE_Y: 0.769 
(epoch: 46, iters: 900, time: 0.053, data: 0.001) G_GAN: 0.341 D_real: 0.288 D_fake: 0.222 G: 1.356 NCE: 1.238 NCE_Y: 0.791 
(epoch: 46, iters: 1000, time: 0.052, data: 0.001) G_GAN: 0.268 D_real: 0.093 D_fake: 0.425 G: 1.273 NCE: 1.228 NCE_Y: 0.783 
(epoch: 46, iters: 1100, time: 0.053, data: 0.001) G_GAN: 0.533 D_real: 0.041 D_fake: 0.158 G: 1.471 NCE: 1.142 NCE_Y: 0.734 
(epoch: 46, iters: 1200, time: 0.053, data: 0.001) G_GAN: 0.260 D_real: 0.183 D_fake: 0.251 G: 1.281 NCE: 1.184 NCE_Y: 0.858 
(epoch: 46, iters: 1300, time: 0.053, data: 0.001) G_GAN: 0.277 D_real: 0.241 D_fake: 0.263 G: 1.234 NCE: 1.130 NCE_Y: 0.785 
(epoch: 46, iters: 1400, time: 0.053, data: 0.001) G_GAN: 0.319 D_real: 0.264 D_fake: 0.203 G: 1.238 NCE: 1.074 NCE_Y: 0.764 
(epoch: 46, iters: 1500, time: 0.053, data: 0.001) G_GAN: 0.251 D_real: 0.332 D_fake: 0.322 G: 1.275 NCE: 1.285 NCE_Y: 0.764 
(epoch: 46, iters: 1600, time: 0.053, data: 0.001) G_GAN: 0.323 D_real: 0.175 D_fake: 0.217 G: 1.280 NCE: 1.150 NCE_Y: 0.763 
(epoch: 46, iters: 1700, time: 0.053, data: 0.001) G_GAN: 0.253 D_real: 0.327 D_fake: 0.234 G: 1.189 NCE: 1.103 NCE_Y: 0.768 
(epoch: 46, iters: 1800, time: 0.053, data: 0.001) G_GAN: 0.306 D_real: 0.241 D_fake: 0.175 G: 1.255 NCE: 1.139 NCE_Y: 0.759 
(epoch: 46, iters: 1900, time: 0.053, data: 0.001) G_GAN: 0.253 D_real: 0.210 D_fake: 0.264 G: 1.208 NCE: 1.094 NCE_Y: 0.816 
(epoch: 46, iters: 2000, time: 0.053, data: 0.001) G_GAN: 0.291 D_real: 0.204 D_fake: 0.272 G: 1.317 NCE: 1.260 NCE_Y: 0.793 
(epoch: 46, iters: 2100, time: 0.053, data: 0.001) G_GAN: 0.292 D_real: 0.307 D_fake: 0.196 G: 1.268 NCE: 1.178 NCE_Y: 0.774 
(epoch: 46, iters: 2200, time: 0.053, data: 0.001) G_GAN: 0.254 D_real: 0.092 D_fake: 0.378 G: 1.305 NCE: 1.335 NCE_Y: 0.765 
(epoch: 46, iters: 2300, time: 0.053, data: 0.001) G_GAN: 0.375 D_real: 0.197 D_fake: 0.158 G: 1.316 NCE: 1.107 NCE_Y: 0.775 
(epoch: 46, iters: 2400, time: 0.053, data: 0.001) G_GAN: 0.565 D_real: 0.334 D_fake: 0.061 G: 1.520 NCE: 1.073 NCE_Y: 0.838 
(epoch: 46, iters: 2500, time: 0.054, data: 0.001) G_GAN: 0.309 D_real: 0.265 D_fake: 0.199 G: 1.255 NCE: 1.105 NCE_Y: 0.786 
(epoch: 46, iters: 2600, time: 0.054, data: 0.001) G_GAN: 0.266 D_real: 0.239 D_fake: 0.254 G: 1.183 NCE: 1.057 NCE_Y: 0.778 
(epoch: 46, iters: 2700, time: 0.054, data: 0.001) G_GAN: 0.377 D_real: 0.187 D_fake: 0.217 G: 1.300 NCE: 1.055 NCE_Y: 0.789 
(epoch: 46, iters: 2800, time: 0.053, data: 0.001) G_GAN: 0.377 D_real: 0.139 D_fake: 0.196 G: 1.290 NCE: 1.074 NCE_Y: 0.752 
(epoch: 46, iters: 2900, time: 0.053, data: 0.001) G_GAN: 0.384 D_real: 0.144 D_fake: 0.150 G: 1.359 NCE: 1.151 NCE_Y: 0.800 
(epoch: 46, iters: 3000, time: 0.053, data: 0.001) G_GAN: 0.258 D_real: 0.307 D_fake: 0.223 G: 1.208 NCE: 1.106 NCE_Y: 0.793 
(epoch: 46, iters: 3100, time: 0.053, data: 0.001) G_GAN: 0.301 D_real: 0.142 D_fake: 0.313 G: 1.276 NCE: 1.196 NCE_Y: 0.754 
(epoch: 46, iters: 3200, time: 0.053, data: 0.001) G_GAN: 0.342 D_real: 0.204 D_fake: 0.192 G: 1.255 NCE: 1.051 NCE_Y: 0.775 
saving the latest model (epoch 46, total_iters 365000)
doctr_SELFF_to_SD_fixed_nl2
(epoch: 46, iters: 3300, time: 0.053, data: 0.001) G_GAN: 0.212 D_real: 0.373 D_fake: 0.234 G: 1.203 NCE: 1.190 NCE_Y: 0.792 
(epoch: 46, iters: 3400, time: 0.053, data: 0.001) G_GAN: 0.261 D_real: 0.284 D_fake: 0.251 G: 1.221 NCE: 1.123 NCE_Y: 0.798 
(epoch: 46, iters: 3500, time: 0.053, data: 0.001) G_GAN: 0.211 D_real: 0.343 D_fake: 0.272 G: 1.197 NCE: 1.217 NCE_Y: 0.757 
(epoch: 46, iters: 3600, time: 0.053, data: 0.001) G_GAN: 0.388 D_real: 0.204 D_fake: 0.130 G: 1.329 NCE: 1.123 NCE_Y: 0.758 
(epoch: 46, iters: 3700, time: 0.053, data: 0.001) G_GAN: 0.343 D_real: 0.364 D_fake: 0.150 G: 1.260 NCE: 1.061 NCE_Y: 0.772 
(epoch: 46, iters: 3800, time: 0.053, data: 0.001) G_GAN: 1.055 D_real: 0.006 D_fake: 0.005 G: 2.035 NCE: 1.089 NCE_Y: 0.872 
(epoch: 46, iters: 3900, time: 0.053, data: 0.002) G_GAN: 0.982 D_real: 0.004 D_fake: 0.002 G: 1.970 NCE: 1.097 NCE_Y: 0.880 
(epoch: 46, iters: 4000, time: 0.052, data: 0.001) G_GAN: 1.025 D_real: 0.005 D_fake: 0.001 G: 2.040 NCE: 1.107 NCE_Y: 0.923 
(epoch: 46, iters: 4100, time: 0.052, data: 0.001) G_GAN: 0.978 D_real: 0.005 D_fake: 0.002 G: 1.998 NCE: 1.145 NCE_Y: 0.896 
(epoch: 46, iters: 4200, time: 0.052, data: 0.001) G_GAN: 0.971 D_real: 0.002 D_fake: 0.001 G: 1.995 NCE: 1.127 NCE_Y: 0.920 
(epoch: 46, iters: 4300, time: 0.052, data: 0.001) G_GAN: 0.991 D_real: 0.002 D_fake: 0.001 G: 1.985 NCE: 1.096 NCE_Y: 0.893 
(epoch: 46, iters: 4400, time: 0.052, data: 0.001) G_GAN: 0.991 D_real: 0.002 D_fake: 0.001 G: 1.973 NCE: 1.062 NCE_Y: 0.902 
(epoch: 46, iters: 4500, time: 0.053, data: 0.001) G_GAN: 0.965 D_real: 0.001 D_fake: 0.010 G: 1.968 NCE: 1.084 NCE_Y: 0.921 
(epoch: 46, iters: 4600, time: 0.053, data: 0.001) G_GAN: 1.002 D_real: 0.002 D_fake: 0.003 G: 1.999 NCE: 1.068 NCE_Y: 0.926 
(epoch: 46, iters: 4700, time: 0.053, data: 0.001) G_GAN: 1.009 D_real: 0.002 D_fake: 0.001 G: 2.026 NCE: 1.132 NCE_Y: 0.902 
(epoch: 46, iters: 4800, time: 0.053, data: 0.001) G_GAN: 0.989 D_real: 0.003 D_fake: 0.001 G: 2.011 NCE: 1.155 NCE_Y: 0.888 
(epoch: 46, iters: 4900, time: 0.053, data: 0.001) G_GAN: 1.025 D_real: 0.002 D_fake: 0.001 G: 2.071 NCE: 1.225 NCE_Y: 0.869 
(epoch: 46, iters: 5000, time: 0.053, data: 0.001) G_GAN: 1.014 D_real: 0.001 D_fake: 0.001 G: 1.992 NCE: 1.098 NCE_Y: 0.860 
(epoch: 46, iters: 5100, time: 0.053, data: 0.001) G_GAN: 1.006 D_real: 0.002 D_fake: 0.001 G: 1.980 NCE: 1.091 NCE_Y: 0.857 
(epoch: 46, iters: 5200, time: 0.053, data: 0.001) G_GAN: 1.003 D_real: 0.001 D_fake: 0.001 G: 1.969 NCE: 1.089 NCE_Y: 0.842 
(epoch: 46, iters: 5300, time: 0.053, data: 0.001) G_GAN: 1.017 D_real: 0.005 D_fake: 0.001 G: 2.021 NCE: 1.122 NCE_Y: 0.887 
(epoch: 46, iters: 5400, time: 0.053, data: 0.001) G_GAN: 0.987 D_real: 0.002 D_fake: 0.001 G: 2.050 NCE: 1.210 NCE_Y: 0.918 
(epoch: 46, iters: 5500, time: 0.053, data: 0.001) G_GAN: 0.973 D_real: 0.002 D_fake: 0.001 G: 1.983 NCE: 1.134 NCE_Y: 0.885 
(epoch: 46, iters: 5600, time: 0.053, data: 0.001) G_GAN: 1.013 D_real: 0.001 D_fake: 0.001 G: 2.092 NCE: 1.250 NCE_Y: 0.907 
(epoch: 46, iters: 5700, time: 0.053, data: 0.002) G_GAN: 0.995 D_real: 0.002 D_fake: 0.001 G: 2.015 NCE: 1.155 NCE_Y: 0.885 
(epoch: 46, iters: 5800, time: 0.053, data: 0.001) G_GAN: 0.986 D_real: 0.004 D_fake: 0.001 G: 2.047 NCE: 1.222 NCE_Y: 0.900 
(epoch: 46, iters: 5900, time: 0.053, data: 0.001) G_GAN: 1.004 D_real: 0.001 D_fake: 0.001 G: 2.033 NCE: 1.163 NCE_Y: 0.894 
(epoch: 46, iters: 6000, time: 0.053, data: 0.001) G_GAN: 0.970 D_real: 0.002 D_fake: 0.001 G: 1.986 NCE: 1.127 NCE_Y: 0.905 
(epoch: 46, iters: 6100, time: 0.053, data: 0.002) G_GAN: 0.985 D_real: 0.001 D_fake: 0.001 G: 2.030 NCE: 1.191 NCE_Y: 0.898 
(epoch: 46, iters: 6200, time: 0.053, data: 0.001) G_GAN: 0.977 D_real: 0.004 D_fake: 0.002 G: 2.025 NCE: 1.161 NCE_Y: 0.934 
(epoch: 46, iters: 6300, time: 0.053, data: 0.001) G_GAN: 0.986 D_real: 0.001 D_fake: 0.001 G: 1.989 NCE: 1.118 NCE_Y: 0.888 
(epoch: 46, iters: 6400, time: 0.053, data: 0.001) G_GAN: 1.019 D_real: 0.004 D_fake: 0.002 G: 2.060 NCE: 1.189 NCE_Y: 0.895 
(epoch: 46, iters: 6500, time: 0.053, data: 0.001) G_GAN: 0.969 D_real: 0.003 D_fake: 0.001 G: 1.998 NCE: 1.171 NCE_Y: 0.888 
(epoch: 46, iters: 6600, time: 0.053, data: 0.001) G_GAN: 0.998 D_real: 0.002 D_fake: 0.001 G: 2.023 NCE: 1.189 NCE_Y: 0.862 
(epoch: 46, iters: 6700, time: 0.053, data: 0.001) G_GAN: 0.997 D_real: 0.001 D_fake: 0.001 G: 2.009 NCE: 1.150 NCE_Y: 0.872 
(epoch: 46, iters: 6800, time: 0.053, data: 0.001) G_GAN: 0.994 D_real: 0.002 D_fake: 0.001 G: 2.034 NCE: 1.184 NCE_Y: 0.896 
(epoch: 46, iters: 6900, time: 0.053, data: 0.001) G_GAN: 1.008 D_real: 0.003 D_fake: 0.001 G: 2.074 NCE: 1.234 NCE_Y: 0.899 
(epoch: 46, iters: 7000, time: 0.053, data: 0.001) G_GAN: 0.990 D_real: 0.001 D_fake: 0.001 G: 2.035 NCE: 1.204 NCE_Y: 0.887 
(epoch: 46, iters: 7100, time: 0.053, data: 0.001) G_GAN: 1.123 D_real: 0.035 D_fake: 0.079 G: 2.152 NCE: 1.167 NCE_Y: 0.891 
(epoch: 46, iters: 7200, time: 0.053, data: 0.001) G_GAN: 0.269 D_real: 0.287 D_fake: 0.249 G: 1.253 NCE: 1.088 NCE_Y: 0.880 
(epoch: 46, iters: 7300, time: 0.053, data: 0.001) G_GAN: 0.372 D_real: 0.321 D_fake: 0.197 G: 1.379 NCE: 1.130 NCE_Y: 0.885 
(epoch: 46, iters: 7400, time: 0.053, data: 0.001) G_GAN: 0.401 D_real: 0.111 D_fake: 0.194 G: 1.377 NCE: 1.080 NCE_Y: 0.870 
(epoch: 46, iters: 7500, time: 0.052, data: 0.001) G_GAN: 0.363 D_real: 0.170 D_fake: 0.243 G: 1.390 NCE: 1.231 NCE_Y: 0.823 
(epoch: 46, iters: 7600, time: 0.053, data: 0.001) G_GAN: 0.232 D_real: 0.254 D_fake: 0.296 G: 1.225 NCE: 1.148 NCE_Y: 0.837 
(epoch: 46, iters: 7700, time: 0.053, data: 0.001) G_GAN: 0.491 D_real: 0.230 D_fake: 0.099 G: 1.417 NCE: 1.055 NCE_Y: 0.798 
(epoch: 46, iters: 7800, time: 0.053, data: 0.001) G_GAN: 0.803 D_real: 0.007 D_fake: 0.031 G: 1.761 NCE: 1.062 NCE_Y: 0.853 
(epoch: 46, iters: 7900, time: 0.053, data: 0.001) G_GAN: 0.547 D_real: 0.013 D_fake: 0.307 G: 1.534 NCE: 1.130 NCE_Y: 0.844 
(epoch: 46, iters: 8000, time: 0.054, data: 0.001) G_GAN: 0.868 D_real: 0.018 D_fake: 0.014 G: 1.828 NCE: 1.076 NCE_Y: 0.844 
End of epoch 46 / 60 	 Time Taken: 442 sec
learning rate = 0.0000903
(epoch: 47, iters: 60, time: 0.054, data: 0.001) G_GAN: 1.038 D_real: 0.018 D_fake: 0.022 G: 1.994 NCE: 1.090 NCE_Y: 0.824 
(epoch: 47, iters: 160, time: 0.053, data: 0.001) G_GAN: 0.852 D_real: 0.027 D_fake: 0.045 G: 1.793 NCE: 1.035 NCE_Y: 0.847 
saving the latest model (epoch 47, total_iters 370000)
doctr_SELFF_to_SD_fixed_nl2
(epoch: 47, iters: 260, time: 0.053, data: 0.001) G_GAN: 0.584 D_real: 0.012 D_fake: 0.519 G: 1.549 NCE: 1.099 NCE_Y: 0.831 
(epoch: 47, iters: 360, time: 0.053, data: 0.001) G_GAN: 0.889 D_real: 0.009 D_fake: 0.020 G: 1.814 NCE: 1.060 NCE_Y: 0.789 
(epoch: 47, iters: 460, time: 0.053, data: 0.001) G_GAN: 0.391 D_real: 0.239 D_fake: 0.132 G: 1.334 NCE: 1.068 NCE_Y: 0.818 
(epoch: 47, iters: 560, time: 0.054, data: 0.001) G_GAN: 0.234 D_real: 0.276 D_fake: 0.301 G: 1.214 NCE: 1.158 NCE_Y: 0.803 
(epoch: 47, iters: 660, time: 0.054, data: 0.001) G_GAN: 0.272 D_real: 0.276 D_fake: 0.182 G: 1.201 NCE: 1.048 NCE_Y: 0.809 
(epoch: 47, iters: 760, time: 0.053, data: 0.002) G_GAN: 0.233 D_real: 0.328 D_fake: 0.256 G: 1.170 NCE: 1.039 NCE_Y: 0.833 
(epoch: 47, iters: 860, time: 0.053, data: 0.001) G_GAN: 0.180 D_real: 0.371 D_fake: 0.416 G: 1.139 NCE: 1.083 NCE_Y: 0.835 
(epoch: 47, iters: 960, time: 0.054, data: 0.001) G_GAN: 0.228 D_real: 0.306 D_fake: 0.263 G: 1.242 NCE: 1.182 NCE_Y: 0.846 
(epoch: 47, iters: 1060, time: 0.055, data: 0.001) G_GAN: 0.292 D_real: 0.247 D_fake: 0.246 G: 1.274 NCE: 1.139 NCE_Y: 0.824 
(epoch: 47, iters: 1160, time: 0.054, data: 0.001) G_GAN: 0.317 D_real: 0.055 D_fake: 0.294 G: 1.247 NCE: 1.073 NCE_Y: 0.788 
(epoch: 47, iters: 1260, time: 0.055, data: 0.002) G_GAN: 0.360 D_real: 0.150 D_fake: 0.214 G: 1.300 NCE: 1.070 NCE_Y: 0.809 
(epoch: 47, iters: 1360, time: 0.054, data: 0.001) G_GAN: 0.242 D_real: 0.226 D_fake: 0.277 G: 1.199 NCE: 1.104 NCE_Y: 0.809 
(epoch: 47, iters: 1460, time: 0.054, data: 0.002) G_GAN: 0.344 D_real: 0.097 D_fake: 0.231 G: 1.301 NCE: 1.115 NCE_Y: 0.799 
(epoch: 47, iters: 1560, time: 0.053, data: 0.001) G_GAN: 0.255 D_real: 0.228 D_fake: 0.268 G: 1.198 NCE: 1.088 NCE_Y: 0.798 
(epoch: 47, iters: 1660, time: 0.053, data: 0.001) G_GAN: 0.385 D_real: 0.106 D_fake: 0.219 G: 1.359 NCE: 1.152 NCE_Y: 0.794 
(epoch: 47, iters: 1760, time: 0.053, data: 0.001) G_GAN: 0.221 D_real: 0.152 D_fake: 0.326 G: 1.163 NCE: 1.076 NCE_Y: 0.808 
(epoch: 47, iters: 1860, time: 0.053, data: 0.001) G_GAN: 0.302 D_real: 0.269 D_fake: 0.197 G: 1.266 NCE: 1.061 NCE_Y: 0.867 
(epoch: 47, iters: 1960, time: 0.053, data: 0.002) G_GAN: 0.282 D_real: 0.334 D_fake: 0.233 G: 1.324 NCE: 1.274 NCE_Y: 0.810 
(epoch: 47, iters: 2060, time: 0.053, data: 0.002) G_GAN: 0.318 D_real: 0.158 D_fake: 0.212 G: 1.242 NCE: 1.055 NCE_Y: 0.792 
(epoch: 47, iters: 2160, time: 0.053, data: 0.001) G_GAN: 0.324 D_real: 0.204 D_fake: 0.213 G: 1.234 NCE: 1.027 NCE_Y: 0.792 
(epoch: 47, iters: 2260, time: 0.053, data: 0.001) G_GAN: 0.302 D_real: 0.227 D_fake: 0.213 G: 1.254 NCE: 1.101 NCE_Y: 0.804 
(epoch: 47, iters: 2360, time: 0.053, data: 0.001) G_GAN: 0.217 D_real: 0.226 D_fake: 0.352 G: 1.168 NCE: 1.078 NCE_Y: 0.824 
(epoch: 47, iters: 2460, time: 0.053, data: 0.002) G_GAN: 0.300 D_real: 0.153 D_fake: 0.245 G: 1.225 NCE: 1.064 NCE_Y: 0.786 
(epoch: 47, iters: 2560, time: 0.053, data: 0.001) G_GAN: 0.232 D_real: 0.283 D_fake: 0.272 G: 1.151 NCE: 1.004 NCE_Y: 0.836 
(epoch: 47, iters: 2660, time: 0.053, data: 0.001) G_GAN: 0.306 D_real: 0.198 D_fake: 0.228 G: 1.216 NCE: 0.997 NCE_Y: 0.823 
(epoch: 47, iters: 2760, time: 0.053, data: 0.002) G_GAN: 0.276 D_real: 0.218 D_fake: 0.286 G: 1.226 NCE: 1.076 NCE_Y: 0.822 
(epoch: 47, iters: 2860, time: 0.053, data: 0.001) G_GAN: 0.416 D_real: 0.316 D_fake: 0.118 G: 1.409 NCE: 1.162 NCE_Y: 0.825 
(epoch: 47, iters: 2960, time: 0.053, data: 0.001) G_GAN: 0.339 D_real: 0.280 D_fake: 0.250 G: 1.278 NCE: 1.074 NCE_Y: 0.804 
(epoch: 47, iters: 3060, time: 0.053, data: 0.002) G_GAN: 0.282 D_real: 0.317 D_fake: 0.207 G: 1.235 NCE: 1.087 NCE_Y: 0.819 
(epoch: 47, iters: 3160, time: 0.053, data: 0.001) G_GAN: 0.540 D_real: 0.028 D_fake: 0.215 G: 1.482 NCE: 1.076 NCE_Y: 0.809 
(epoch: 47, iters: 3260, time: 0.053, data: 0.001) G_GAN: 0.337 D_real: 0.007 D_fake: 0.571 G: 1.339 NCE: 1.154 NCE_Y: 0.851 
(epoch: 47, iters: 3360, time: 0.053, data: 0.002) G_GAN: 0.282 D_real: 0.154 D_fake: 0.247 G: 1.216 NCE: 1.063 NCE_Y: 0.805 
(epoch: 47, iters: 3460, time: 0.053, data: 0.001) G_GAN: 0.332 D_real: 0.264 D_fake: 0.188 G: 1.246 NCE: 1.037 NCE_Y: 0.791 
(epoch: 47, iters: 3560, time: 0.053, data: 0.001) G_GAN: 0.310 D_real: 0.196 D_fake: 0.178 G: 1.261 NCE: 1.117 NCE_Y: 0.785 
(epoch: 47, iters: 3660, time: 0.054, data: 0.001) G_GAN: 0.280 D_real: 0.206 D_fake: 0.229 G: 1.263 NCE: 1.158 NCE_Y: 0.808 
(epoch: 47, iters: 3760, time: 0.053, data: 0.001) G_GAN: 0.232 D_real: 0.215 D_fake: 0.314 G: 1.178 NCE: 1.093 NCE_Y: 0.799 
(epoch: 47, iters: 3860, time: 0.053, data: 0.002) G_GAN: 0.283 D_real: 0.242 D_fake: 0.234 G: 1.227 NCE: 1.093 NCE_Y: 0.796 
(epoch: 47, iters: 3960, time: 0.053, data: 0.002) G_GAN: 0.245 D_real: 0.233 D_fake: 0.249 G: 1.238 NCE: 1.203 NCE_Y: 0.783 
(epoch: 47, iters: 4060, time: 0.053, data: 0.002) G_GAN: 0.322 D_real: 0.263 D_fake: 0.167 G: 1.286 NCE: 1.127 NCE_Y: 0.801 
(epoch: 47, iters: 4160, time: 0.053, data: 0.002) G_GAN: 0.326 D_real: 0.361 D_fake: 0.147 G: 1.298 NCE: 1.136 NCE_Y: 0.807 
(epoch: 47, iters: 4260, time: 0.053, data: 0.001) G_GAN: 0.270 D_real: 0.312 D_fake: 0.230 G: 1.241 NCE: 1.173 NCE_Y: 0.770 
(epoch: 47, iters: 4360, time: 0.053, data: 0.001) G_GAN: 0.250 D_real: 0.230 D_fake: 0.279 G: 1.166 NCE: 1.031 NCE_Y: 0.801 
(epoch: 47, iters: 4460, time: 0.053, data: 0.001) G_GAN: 0.293 D_real: 0.112 D_fake: 0.290 G: 1.253 NCE: 1.143 NCE_Y: 0.778 
(epoch: 47, iters: 4560, time: 0.053, data: 0.001) G_GAN: 0.282 D_real: 0.296 D_fake: 0.214 G: 1.197 NCE: 1.068 NCE_Y: 0.763 
(epoch: 47, iters: 4660, time: 0.053, data: 0.002) G_GAN: 0.229 D_real: 0.325 D_fake: 0.291 G: 1.168 NCE: 1.070 NCE_Y: 0.809 
(epoch: 47, iters: 4760, time: 0.053, data: 0.001) G_GAN: 0.385 D_real: 0.140 D_fake: 0.208 G: 1.273 NCE: 1.015 NCE_Y: 0.760 
(epoch: 47, iters: 4860, time: 0.053, data: 0.002) G_GAN: 0.305 D_real: 0.233 D_fake: 0.198 G: 1.235 NCE: 1.077 NCE_Y: 0.781 
(epoch: 47, iters: 4960, time: 0.053, data: 0.001) G_GAN: 0.258 D_real: 0.228 D_fake: 0.242 G: 1.213 NCE: 1.090 NCE_Y: 0.822 
(epoch: 47, iters: 5060, time: 0.053, data: 0.001) G_GAN: 0.313 D_real: 0.303 D_fake: 0.194 G: 1.264 NCE: 1.101 NCE_Y: 0.802 
(epoch: 47, iters: 5160, time: 0.053, data: 0.002) G_GAN: 0.287 D_real: 0.373 D_fake: 0.173 G: 1.234 NCE: 1.106 NCE_Y: 0.788 
saving the latest model (epoch 47, total_iters 375000)
doctr_SELFF_to_SD_fixed_nl2
(epoch: 47, iters: 5260, time: 0.053, data: 0.002) G_GAN: 0.282 D_real: 0.304 D_fake: 0.188 G: 1.242 NCE: 1.119 NCE_Y: 0.800 
(epoch: 47, iters: 5360, time: 0.053, data: 0.001) G_GAN: 0.360 D_real: 0.194 D_fake: 0.167 G: 1.316 NCE: 1.101 NCE_Y: 0.811 
(epoch: 47, iters: 5460, time: 0.053, data: 0.001) G_GAN: 0.213 D_real: 0.272 D_fake: 0.353 G: 1.318 NCE: 1.389 NCE_Y: 0.821 
(epoch: 47, iters: 5560, time: 0.052, data: 0.001) G_GAN: 0.328 D_real: 0.188 D_fake: 0.254 G: 1.318 NCE: 1.196 NCE_Y: 0.784 
(epoch: 47, iters: 5660, time: 0.052, data: 0.001) G_GAN: 0.328 D_real: 0.208 D_fake: 0.196 G: 1.241 NCE: 1.038 NCE_Y: 0.789 
(epoch: 47, iters: 5760, time: 0.051, data: 0.001) G_GAN: 0.251 D_real: 0.366 D_fake: 0.204 G: 1.170 NCE: 1.026 NCE_Y: 0.812 
(epoch: 47, iters: 5860, time: 0.052, data: 0.002) G_GAN: 0.224 D_real: 0.304 D_fake: 0.283 G: 1.164 NCE: 1.101 NCE_Y: 0.778 
(epoch: 47, iters: 5960, time: 0.052, data: 0.001) G_GAN: 0.329 D_real: 0.105 D_fake: 0.258 G: 1.282 NCE: 1.147 NCE_Y: 0.760 
(epoch: 47, iters: 6060, time: 0.052, data: 0.001) G_GAN: 0.283 D_real: 0.346 D_fake: 0.217 G: 1.259 NCE: 1.166 NCE_Y: 0.787 
(epoch: 47, iters: 6160, time: 0.052, data: 0.001) G_GAN: 0.256 D_real: 0.321 D_fake: 0.248 G: 1.220 NCE: 1.121 NCE_Y: 0.808 
(epoch: 47, iters: 6260, time: 0.053, data: 0.003) G_GAN: 0.247 D_real: 0.121 D_fake: 0.363 G: 1.212 NCE: 1.147 NCE_Y: 0.782 
(epoch: 47, iters: 6360, time: 0.053, data: 0.002) G_GAN: 0.429 D_real: 0.058 D_fake: 0.219 G: 1.350 NCE: 1.098 NCE_Y: 0.744 
(epoch: 47, iters: 6460, time: 0.053, data: 0.001) G_GAN: 0.258 D_real: 0.226 D_fake: 0.264 G: 1.238 NCE: 1.180 NCE_Y: 0.781 
(epoch: 47, iters: 6560, time: 0.053, data: 0.001) G_GAN: 0.305 D_real: 0.214 D_fake: 0.265 G: 1.307 NCE: 1.226 NCE_Y: 0.779 
(epoch: 47, iters: 6660, time: 0.053, data: 0.001) G_GAN: 0.256 D_real: 0.210 D_fake: 0.300 G: 1.210 NCE: 1.138 NCE_Y: 0.769 
(epoch: 47, iters: 6760, time: 0.053, data: 0.002) G_GAN: 0.286 D_real: 0.311 D_fake: 0.199 G: 1.227 NCE: 1.108 NCE_Y: 0.773 
(epoch: 47, iters: 6860, time: 0.053, data: 0.001) G_GAN: 0.985 D_real: 0.097 D_fake: 0.054 G: 1.939 NCE: 1.061 NCE_Y: 0.847 
(epoch: 47, iters: 6960, time: 0.053, data: 0.001) G_GAN: 1.043 D_real: 0.011 D_fake: 0.049 G: 2.143 NCE: 1.366 NCE_Y: 0.834 
(epoch: 47, iters: 7060, time: 0.053, data: 0.002) G_GAN: 0.999 D_real: 0.008 D_fake: 0.012 G: 2.109 NCE: 1.312 NCE_Y: 0.907 
(epoch: 47, iters: 7160, time: 0.053, data: 0.001) G_GAN: 0.823 D_real: 0.012 D_fake: 0.066 G: 1.887 NCE: 1.239 NCE_Y: 0.889 
(epoch: 47, iters: 7260, time: 0.053, data: 0.001) G_GAN: 1.045 D_real: 0.020 D_fake: 0.004 G: 2.094 NCE: 1.192 NCE_Y: 0.905 
(epoch: 47, iters: 7360, time: 0.053, data: 0.001) G_GAN: 0.752 D_real: 0.032 D_fake: 0.055 G: 1.777 NCE: 1.146 NCE_Y: 0.903 
(epoch: 47, iters: 7460, time: 0.053, data: 0.001) G_GAN: 0.266 D_real: 0.247 D_fake: 0.284 G: 1.254 NCE: 1.130 NCE_Y: 0.847 
(epoch: 47, iters: 7560, time: 0.053, data: 0.001) G_GAN: 0.340 D_real: 0.170 D_fake: 0.207 G: 1.342 NCE: 1.192 NCE_Y: 0.811 
(epoch: 47, iters: 7660, time: 0.053, data: 0.002) G_GAN: 0.238 D_real: 0.350 D_fake: 0.203 G: 1.209 NCE: 1.145 NCE_Y: 0.797 
(epoch: 47, iters: 7760, time: 0.053, data: 0.002) G_GAN: 0.241 D_real: 0.361 D_fake: 0.200 G: 1.216 NCE: 1.122 NCE_Y: 0.828 
(epoch: 47, iters: 7860, time: 0.052, data: 0.001) G_GAN: 0.317 D_real: 0.228 D_fake: 0.201 G: 1.296 NCE: 1.193 NCE_Y: 0.765 
(epoch: 47, iters: 7960, time: 0.052, data: 0.001) G_GAN: 0.310 D_real: 0.153 D_fake: 0.221 G: 1.250 NCE: 1.056 NCE_Y: 0.823 
End of epoch 47 / 60 	 Time Taken: 444 sec
learning rate = 0.0000839
(epoch: 48, iters: 20, time: 0.053, data: 0.001) G_GAN: 0.295 D_real: 0.148 D_fake: 0.255 G: 1.259 NCE: 1.128 NCE_Y: 0.799 
(epoch: 48, iters: 120, time: 0.053, data: 0.001) G_GAN: 0.362 D_real: 0.185 D_fake: 0.206 G: 1.297 NCE: 1.069 NCE_Y: 0.801 
(epoch: 48, iters: 220, time: 0.053, data: 0.001) G_GAN: 0.298 D_real: 0.323 D_fake: 0.171 G: 1.246 NCE: 1.084 NCE_Y: 0.812 
(epoch: 48, iters: 320, time: 0.053, data: 0.002) G_GAN: 0.329 D_real: 0.375 D_fake: 0.188 G: 1.312 NCE: 1.176 NCE_Y: 0.791 
(epoch: 48, iters: 420, time: 0.053, data: 0.001) G_GAN: 0.346 D_real: 0.201 D_fake: 0.189 G: 1.309 NCE: 1.112 NCE_Y: 0.813 
(epoch: 48, iters: 520, time: 0.054, data: 0.001) G_GAN: 0.325 D_real: 0.402 D_fake: 0.113 G: 1.296 NCE: 1.121 NCE_Y: 0.821 
(epoch: 48, iters: 620, time: 0.054, data: 0.002) G_GAN: 0.290 D_real: 0.172 D_fake: 0.314 G: 1.289 NCE: 1.217 NCE_Y: 0.780 
(epoch: 48, iters: 720, time: 0.054, data: 0.001) G_GAN: 0.786 D_real: 0.015 D_fake: 0.038 G: 1.883 NCE: 1.349 NCE_Y: 0.845 
(epoch: 48, iters: 820, time: 0.053, data: 0.001) G_GAN: 0.764 D_real: 0.054 D_fake: 0.010 G: 1.749 NCE: 1.121 NCE_Y: 0.850 
(epoch: 48, iters: 920, time: 0.053, data: 0.001) G_GAN: 1.097 D_real: 0.184 D_fake: 0.014 G: 2.032 NCE: 1.066 NCE_Y: 0.805 
(epoch: 48, iters: 1020, time: 0.053, data: 0.001) G_GAN: 0.393 D_real: 0.062 D_fake: 0.199 G: 1.311 NCE: 1.047 NCE_Y: 0.789 
(epoch: 48, iters: 1120, time: 0.053, data: 0.001) G_GAN: 0.295 D_real: 0.357 D_fake: 0.216 G: 1.235 NCE: 1.063 NCE_Y: 0.817 
(epoch: 48, iters: 1220, time: 0.053, data: 0.001) G_GAN: 0.322 D_real: 0.352 D_fake: 0.181 G: 1.301 NCE: 1.122 NCE_Y: 0.835 
(epoch: 48, iters: 1320, time: 0.053, data: 0.001) G_GAN: 0.282 D_real: 0.101 D_fake: 0.274 G: 1.240 NCE: 1.101 NCE_Y: 0.815 
(epoch: 48, iters: 1420, time: 0.053, data: 0.001) G_GAN: 0.266 D_real: 0.153 D_fake: 0.310 G: 1.237 NCE: 1.162 NCE_Y: 0.780 
(epoch: 48, iters: 1520, time: 0.053, data: 0.001) G_GAN: 0.314 D_real: 0.199 D_fake: 0.177 G: 1.293 NCE: 1.166 NCE_Y: 0.792 
(epoch: 48, iters: 1620, time: 0.053, data: 0.002) G_GAN: 0.281 D_real: 0.381 D_fake: 0.229 G: 1.251 NCE: 1.093 NCE_Y: 0.846 
(epoch: 48, iters: 1720, time: 0.053, data: 0.001) G_GAN: 0.297 D_real: 0.222 D_fake: 0.228 G: 1.240 NCE: 1.096 NCE_Y: 0.790 
(epoch: 48, iters: 1820, time: 0.053, data: 0.001) G_GAN: 0.332 D_real: 0.377 D_fake: 0.166 G: 1.298 NCE: 1.147 NCE_Y: 0.786 
(epoch: 48, iters: 1920, time: 0.053, data: 0.001) G_GAN: 0.280 D_real: 0.289 D_fake: 0.200 G: 1.210 NCE: 1.070 NCE_Y: 0.792 
(epoch: 48, iters: 2020, time: 0.053, data: 0.002) G_GAN: 0.237 D_real: 0.294 D_fake: 0.296 G: 1.177 NCE: 1.061 NCE_Y: 0.820 
(epoch: 48, iters: 2120, time: 0.053, data: 0.002) G_GAN: 0.188 D_real: 0.370 D_fake: 0.326 G: 1.212 NCE: 1.254 NCE_Y: 0.794 
saving the latest model (epoch 48, total_iters 380000)
doctr_SELFF_to_SD_fixed_nl2
(epoch: 48, iters: 2220, time: 0.052, data: 0.001) G_GAN: 0.199 D_real: 0.277 D_fake: 0.319 G: 1.139 NCE: 1.078 NCE_Y: 0.802 
(epoch: 48, iters: 2320, time: 0.052, data: 0.001) G_GAN: 0.399 D_real: 0.121 D_fake: 0.159 G: 1.374 NCE: 1.141 NCE_Y: 0.808 
(epoch: 48, iters: 2420, time: 0.053, data: 0.001) G_GAN: 0.327 D_real: 0.126 D_fake: 0.259 G: 1.271 NCE: 1.092 NCE_Y: 0.796 
(epoch: 48, iters: 2520, time: 0.053, data: 0.001) G_GAN: 0.399 D_real: 0.235 D_fake: 0.151 G: 1.345 NCE: 1.102 NCE_Y: 0.791 
(epoch: 48, iters: 2620, time: 0.053, data: 0.001) G_GAN: 0.272 D_real: 0.279 D_fake: 0.196 G: 1.201 NCE: 1.073 NCE_Y: 0.785 
(epoch: 48, iters: 2720, time: 0.053, data: 0.004) G_GAN: 0.314 D_real: 0.126 D_fake: 0.247 G: 1.248 NCE: 1.090 NCE_Y: 0.779 
(epoch: 48, iters: 2820, time: 0.053, data: 0.001) G_GAN: 0.338 D_real: 0.140 D_fake: 0.198 G: 1.264 NCE: 1.064 NCE_Y: 0.789 
(epoch: 48, iters: 2920, time: 0.054, data: 0.002) G_GAN: 0.273 D_real: 0.312 D_fake: 0.236 G: 1.226 NCE: 1.104 NCE_Y: 0.801 
(epoch: 48, iters: 3020, time: 0.053, data: 0.001) G_GAN: 0.278 D_real: 0.222 D_fake: 0.267 G: 1.190 NCE: 1.018 NCE_Y: 0.805 
(epoch: 48, iters: 3120, time: 0.053, data: 0.002) G_GAN: 0.272 D_real: 0.200 D_fake: 0.270 G: 1.254 NCE: 1.153 NCE_Y: 0.809 
(epoch: 48, iters: 3220, time: 0.053, data: 0.001) G_GAN: 0.326 D_real: 0.206 D_fake: 0.198 G: 1.274 NCE: 1.106 NCE_Y: 0.789 
(epoch: 48, iters: 3320, time: 0.053, data: 0.001) G_GAN: 0.290 D_real: 0.250 D_fake: 0.215 G: 1.218 NCE: 1.049 NCE_Y: 0.809 
(epoch: 48, iters: 3420, time: 0.053, data: 0.002) G_GAN: 0.214 D_real: 0.459 D_fake: 0.299 G: 1.179 NCE: 1.127 NCE_Y: 0.803 
(epoch: 48, iters: 3520, time: 0.052, data: 0.001) G_GAN: 0.263 D_real: 0.275 D_fake: 0.230 G: 1.181 NCE: 1.050 NCE_Y: 0.786 
(epoch: 48, iters: 3620, time: 0.053, data: 0.001) G_GAN: 0.271 D_real: 0.164 D_fake: 0.364 G: 1.278 NCE: 1.197 NCE_Y: 0.817 
(epoch: 48, iters: 3720, time: 0.053, data: 0.001) G_GAN: 0.312 D_real: 0.326 D_fake: 0.179 G: 1.246 NCE: 1.084 NCE_Y: 0.783 
(epoch: 48, iters: 3820, time: 0.053, data: 0.002) G_GAN: 0.443 D_real: 0.163 D_fake: 0.127 G: 1.409 NCE: 1.143 NCE_Y: 0.789 
(epoch: 48, iters: 3920, time: 0.053, data: 0.001) G_GAN: 0.301 D_real: 0.226 D_fake: 0.262 G: 1.227 NCE: 1.073 NCE_Y: 0.780 
(epoch: 48, iters: 4020, time: 0.053, data: 0.001) G_GAN: 0.208 D_real: 0.243 D_fake: 0.374 G: 1.163 NCE: 1.090 NCE_Y: 0.821 
(epoch: 48, iters: 4120, time: 0.052, data: 0.001) G_GAN: 0.333 D_real: 0.227 D_fake: 0.208 G: 1.300 NCE: 1.158 NCE_Y: 0.775 
(epoch: 48, iters: 4220, time: 0.052, data: 0.001) G_GAN: 0.232 D_real: 0.307 D_fake: 0.297 G: 1.213 NCE: 1.135 NCE_Y: 0.826 
(epoch: 48, iters: 4320, time: 0.053, data: 0.001) G_GAN: 0.316 D_real: 0.248 D_fake: 0.213 G: 1.356 NCE: 1.270 NCE_Y: 0.810 
(epoch: 48, iters: 4420, time: 0.053, data: 0.001) G_GAN: 0.264 D_real: 0.389 D_fake: 0.199 G: 1.221 NCE: 1.091 NCE_Y: 0.824 
(epoch: 48, iters: 4520, time: 0.053, data: 0.001) G_GAN: 0.327 D_real: 0.346 D_fake: 0.204 G: 1.247 NCE: 1.043 NCE_Y: 0.797 
(epoch: 48, iters: 4620, time: 0.053, data: 0.001) G_GAN: 0.329 D_real: 0.212 D_fake: 0.181 G: 1.299 NCE: 1.141 NCE_Y: 0.799 
(epoch: 48, iters: 4720, time: 0.053, data: 0.001) G_GAN: 0.520 D_real: 0.009 D_fake: 0.213 G: 1.546 NCE: 1.185 NCE_Y: 0.867 
(epoch: 48, iters: 4820, time: 0.053, data: 0.001) G_GAN: 1.113 D_real: 0.026 D_fake: 0.029 G: 2.088 NCE: 1.137 NCE_Y: 0.812 
(epoch: 48, iters: 4920, time: 0.054, data: 0.001) G_GAN: 0.948 D_real: 0.016 D_fake: 0.052 G: 1.970 NCE: 1.247 NCE_Y: 0.798 
(epoch: 48, iters: 5020, time: 0.054, data: 0.001) G_GAN: 0.622 D_real: 0.011 D_fake: 0.096 G: 1.557 NCE: 1.078 NCE_Y: 0.792 
(epoch: 48, iters: 5120, time: 0.054, data: 0.001) G_GAN: 1.136 D_real: 0.012 D_fake: 0.032 G: 2.116 NCE: 1.138 NCE_Y: 0.823 
(epoch: 48, iters: 5220, time: 0.053, data: 0.001) G_GAN: 0.418 D_real: 0.108 D_fake: 0.202 G: 1.313 NCE: 1.001 NCE_Y: 0.788 
(epoch: 48, iters: 5320, time: 0.053, data: 0.002) G_GAN: 0.253 D_real: 0.324 D_fake: 0.285 G: 1.243 NCE: 1.191 NCE_Y: 0.790 
(epoch: 48, iters: 5420, time: 0.053, data: 0.001) G_GAN: 0.275 D_real: 0.179 D_fake: 0.287 G: 1.208 NCE: 1.088 NCE_Y: 0.778 
(epoch: 48, iters: 5520, time: 0.054, data: 0.001) G_GAN: 0.322 D_real: 0.102 D_fake: 0.283 G: 1.262 NCE: 1.093 NCE_Y: 0.787 
(epoch: 48, iters: 5620, time: 0.053, data: 0.001) G_GAN: 0.346 D_real: 0.196 D_fake: 0.146 G: 1.283 NCE: 1.092 NCE_Y: 0.780 
(epoch: 48, iters: 5720, time: 0.053, data: 0.001) G_GAN: 0.230 D_real: 0.256 D_fake: 0.275 G: 1.186 NCE: 1.095 NCE_Y: 0.817 
(epoch: 48, iters: 5820, time: 0.053, data: 0.002) G_GAN: 0.258 D_real: 0.232 D_fake: 0.252 G: 1.204 NCE: 1.072 NCE_Y: 0.819 
(epoch: 48, iters: 5920, time: 0.053, data: 0.001) G_GAN: 0.325 D_real: 0.270 D_fake: 0.189 G: 1.299 NCE: 1.169 NCE_Y: 0.779 
(epoch: 48, iters: 6020, time: 0.053, data: 0.001) G_GAN: 0.288 D_real: 0.220 D_fake: 0.230 G: 1.254 NCE: 1.102 NCE_Y: 0.829 
(epoch: 48, iters: 6120, time: 0.053, data: 0.001) G_GAN: 0.309 D_real: 0.218 D_fake: 0.244 G: 1.237 NCE: 1.028 NCE_Y: 0.827 
(epoch: 48, iters: 6220, time: 0.053, data: 0.001) G_GAN: 0.289 D_real: 0.272 D_fake: 0.268 G: 1.361 NCE: 1.359 NCE_Y: 0.784 
(epoch: 48, iters: 6320, time: 0.053, data: 0.001) G_GAN: 0.223 D_real: 0.305 D_fake: 0.244 G: 1.180 NCE: 1.126 NCE_Y: 0.788 
(epoch: 48, iters: 6420, time: 0.053, data: 0.001) G_GAN: 0.296 D_real: 0.140 D_fake: 0.249 G: 1.275 NCE: 1.141 NCE_Y: 0.818 
(epoch: 48, iters: 6520, time: 0.053, data: 0.001) G_GAN: 0.347 D_real: 0.380 D_fake: 0.134 G: 1.357 NCE: 1.168 NCE_Y: 0.852 
(epoch: 48, iters: 6620, time: 0.053, data: 0.001) G_GAN: 0.326 D_real: 0.207 D_fake: 0.197 G: 1.284 NCE: 1.117 NCE_Y: 0.800 
(epoch: 48, iters: 6720, time: 0.053, data: 0.001) G_GAN: 0.297 D_real: 0.281 D_fake: 0.207 G: 1.233 NCE: 1.054 NCE_Y: 0.818 
(epoch: 48, iters: 6820, time: 0.053, data: 0.001) G_GAN: 0.321 D_real: 0.303 D_fake: 0.269 G: 1.289 NCE: 1.119 NCE_Y: 0.817 
(epoch: 48, iters: 6920, time: 0.053, data: 0.001) G_GAN: 0.306 D_real: 0.392 D_fake: 0.181 G: 1.259 NCE: 1.106 NCE_Y: 0.800 
(epoch: 48, iters: 7020, time: 0.053, data: 0.001) G_GAN: 0.385 D_real: 0.094 D_fake: 0.196 G: 1.352 NCE: 1.170 NCE_Y: 0.764 
(epoch: 48, iters: 7120, time: 0.053, data: 0.001) G_GAN: 0.227 D_real: 0.281 D_fake: 0.297 G: 1.153 NCE: 1.039 NCE_Y: 0.813 
saving the latest model (epoch 48, total_iters 385000)
doctr_SELFF_to_SD_fixed_nl2
(epoch: 48, iters: 7220, time: 0.053, data: 0.001) G_GAN: 0.263 D_real: 0.269 D_fake: 0.206 G: 1.248 NCE: 1.174 NCE_Y: 0.796 
(epoch: 48, iters: 7320, time: 0.053, data: 0.001) G_GAN: 0.336 D_real: 0.192 D_fake: 0.178 G: 1.295 NCE: 1.134 NCE_Y: 0.783 
(epoch: 48, iters: 7420, time: 0.053, data: 0.002) G_GAN: 0.394 D_real: 0.057 D_fake: 0.179 G: 1.324 NCE: 1.097 NCE_Y: 0.763 
(epoch: 48, iters: 7520, time: 0.053, data: 0.001) G_GAN: 1.322 D_real: 0.142 D_fake: 0.064 G: 2.288 NCE: 1.088 NCE_Y: 0.842 
(epoch: 48, iters: 7620, time: 0.053, data: 0.001) G_GAN: 0.862 D_real: 0.096 D_fake: 0.042 G: 1.812 NCE: 1.083 NCE_Y: 0.817 
(epoch: 48, iters: 7720, time: 0.052, data: 0.001) G_GAN: 0.291 D_real: 0.053 D_fake: 0.368 G: 1.251 NCE: 1.119 NCE_Y: 0.800 
(epoch: 48, iters: 7820, time: 0.052, data: 0.001) G_GAN: 0.915 D_real: 0.066 D_fake: 0.015 G: 1.870 NCE: 1.129 NCE_Y: 0.782 
(epoch: 48, iters: 7920, time: 0.052, data: 0.001) G_GAN: 1.007 D_real: 0.013 D_fake: 0.017 G: 2.003 NCE: 1.207 NCE_Y: 0.785 
(epoch: 48, iters: 8020, time: 0.052, data: 0.001) G_GAN: 0.367 D_real: 0.308 D_fake: 0.132 G: 1.300 NCE: 1.050 NCE_Y: 0.816 
End of epoch 48 / 60 	 Time Taken: 442 sec
learning rate = 0.0000774
(epoch: 49, iters: 80, time: 0.052, data: 0.001) G_GAN: 0.407 D_real: 0.223 D_fake: 0.133 G: 1.330 NCE: 1.046 NCE_Y: 0.799 
(epoch: 49, iters: 180, time: 0.053, data: 0.001) G_GAN: 0.317 D_real: 0.247 D_fake: 0.200 G: 1.238 NCE: 1.044 NCE_Y: 0.797 
(epoch: 49, iters: 280, time: 0.053, data: 0.001) G_GAN: 0.308 D_real: 0.389 D_fake: 0.172 G: 1.303 NCE: 1.168 NCE_Y: 0.820 
(epoch: 49, iters: 380, time: 0.053, data: 0.001) G_GAN: 0.256 D_real: 0.654 D_fake: 0.197 G: 1.244 NCE: 1.170 NCE_Y: 0.807 
(epoch: 49, iters: 480, time: 0.053, data: 0.001) G_GAN: 0.285 D_real: 0.174 D_fake: 0.240 G: 1.238 NCE: 1.121 NCE_Y: 0.785 
(epoch: 49, iters: 580, time: 0.053, data: 0.002) G_GAN: 0.286 D_real: 0.193 D_fake: 0.248 G: 1.234 NCE: 1.099 NCE_Y: 0.796 
(epoch: 49, iters: 680, time: 0.053, data: 0.001) G_GAN: 0.401 D_real: 0.130 D_fake: 0.181 G: 1.359 NCE: 1.144 NCE_Y: 0.772 
(epoch: 49, iters: 780, time: 0.054, data: 0.002) G_GAN: 0.270 D_real: 0.186 D_fake: 0.272 G: 1.190 NCE: 1.079 NCE_Y: 0.760 
(epoch: 49, iters: 880, time: 0.054, data: 0.001) G_GAN: 0.294 D_real: 0.404 D_fake: 0.197 G: 1.280 NCE: 1.170 NCE_Y: 0.802 
(epoch: 49, iters: 980, time: 0.055, data: 0.002) G_GAN: 0.266 D_real: 0.204 D_fake: 0.265 G: 1.223 NCE: 1.133 NCE_Y: 0.780 
(epoch: 49, iters: 1080, time: 0.055, data: 0.001) G_GAN: 0.497 D_real: 0.304 D_fake: 0.080 G: 1.460 NCE: 1.135 NCE_Y: 0.790 
(epoch: 49, iters: 1180, time: 0.055, data: 0.001) G_GAN: 0.207 D_real: 0.227 D_fake: 0.368 G: 1.219 NCE: 1.227 NCE_Y: 0.796 
(epoch: 49, iters: 1280, time: 0.054, data: 0.002) G_GAN: 0.262 D_real: 0.382 D_fake: 0.213 G: 1.247 NCE: 1.169 NCE_Y: 0.802 
(epoch: 49, iters: 1380, time: 0.053, data: 0.001) G_GAN: 0.220 D_real: 0.249 D_fake: 0.315 G: 1.226 NCE: 1.210 NCE_Y: 0.801 
(epoch: 49, iters: 1480, time: 0.053, data: 0.001) G_GAN: 0.374 D_real: 0.185 D_fake: 0.156 G: 1.373 NCE: 1.176 NCE_Y: 0.823 
(epoch: 49, iters: 1580, time: 0.054, data: 0.001) G_GAN: 0.448 D_real: 0.214 D_fake: 0.118 G: 1.411 NCE: 1.124 NCE_Y: 0.803 
(epoch: 49, iters: 1680, time: 0.054, data: 0.001) G_GAN: 0.375 D_real: 0.163 D_fake: 0.176 G: 1.323 NCE: 1.113 NCE_Y: 0.783 
(epoch: 49, iters: 1780, time: 0.054, data: 0.001) G_GAN: 0.298 D_real: 0.209 D_fake: 0.215 G: 1.260 NCE: 1.093 NCE_Y: 0.830 
(epoch: 49, iters: 1880, time: 0.054, data: 0.002) G_GAN: 0.357 D_real: 0.163 D_fake: 0.174 G: 1.274 NCE: 1.044 NCE_Y: 0.790 
(epoch: 49, iters: 1980, time: 0.055, data: 0.001) G_GAN: 0.343 D_real: 0.253 D_fake: 0.249 G: 1.322 NCE: 1.122 NCE_Y: 0.837 
(epoch: 49, iters: 2080, time: 0.054, data: 0.001) G_GAN: 0.288 D_real: 0.466 D_fake: 0.166 G: 1.249 NCE: 1.093 NCE_Y: 0.828 
(epoch: 49, iters: 2180, time: 0.054, data: 0.002) G_GAN: 0.302 D_real: 0.167 D_fake: 0.224 G: 1.244 NCE: 1.122 NCE_Y: 0.762 
(epoch: 49, iters: 2280, time: 0.055, data: 0.001) G_GAN: 0.390 D_real: 0.073 D_fake: 0.200 G: 1.352 NCE: 1.144 NCE_Y: 0.780 
(epoch: 49, iters: 2380, time: 0.055, data: 0.001) G_GAN: 0.286 D_real: 0.248 D_fake: 0.202 G: 1.260 NCE: 1.143 NCE_Y: 0.804 
(epoch: 49, iters: 2480, time: 0.054, data: 0.001) G_GAN: 0.236 D_real: 0.135 D_fake: 0.319 G: 1.249 NCE: 1.237 NCE_Y: 0.788 
(epoch: 49, iters: 2580, time: 0.054, data: 0.001) G_GAN: 0.311 D_real: 0.256 D_fake: 0.185 G: 1.224 NCE: 1.023 NCE_Y: 0.802 
(epoch: 49, iters: 2680, time: 0.054, data: 0.001) G_GAN: 0.248 D_real: 0.231 D_fake: 0.284 G: 1.198 NCE: 1.083 NCE_Y: 0.815 
(epoch: 49, iters: 2780, time: 0.054, data: 0.001) G_GAN: 0.334 D_real: 0.317 D_fake: 0.140 G: 1.246 NCE: 1.035 NCE_Y: 0.790 
(epoch: 49, iters: 2880, time: 0.055, data: 0.002) G_GAN: 0.296 D_real: 0.197 D_fake: 0.242 G: 1.278 NCE: 1.111 NCE_Y: 0.853 
(epoch: 49, iters: 2980, time: 0.055, data: 0.001) G_GAN: 0.137 D_real: 0.315 D_fake: 0.485 G: 1.158 NCE: 1.214 NCE_Y: 0.827 
(epoch: 49, iters: 3080, time: 0.055, data: 0.001) G_GAN: 0.241 D_real: 0.321 D_fake: 0.340 G: 1.252 NCE: 1.211 NCE_Y: 0.811 
(epoch: 49, iters: 3180, time: 0.055, data: 0.001) G_GAN: 0.287 D_real: 0.318 D_fake: 0.186 G: 1.196 NCE: 1.014 NCE_Y: 0.803 
(epoch: 49, iters: 3280, time: 0.054, data: 0.001) G_GAN: 0.299 D_real: 0.296 D_fake: 0.183 G: 1.265 NCE: 1.121 NCE_Y: 0.810 
(epoch: 49, iters: 3380, time: 0.054, data: 0.001) G_GAN: 0.260 D_real: 0.261 D_fake: 0.284 G: 1.232 NCE: 1.162 NCE_Y: 0.783 
(epoch: 49, iters: 3480, time: 0.054, data: 0.001) G_GAN: 0.803 D_real: 0.429 D_fake: 0.020 G: 1.706 NCE: 1.024 NCE_Y: 0.782 
(epoch: 49, iters: 3580, time: 0.054, data: 0.002) G_GAN: 0.936 D_real: 0.020 D_fake: 0.020 G: 1.898 NCE: 1.137 NCE_Y: 0.788 
(epoch: 49, iters: 3680, time: 0.054, data: 0.001) G_GAN: 1.196 D_real: 0.073 D_fake: 0.019 G: 2.268 NCE: 1.271 NCE_Y: 0.875 
(epoch: 49, iters: 3780, time: 0.054, data: 0.001) G_GAN: 0.970 D_real: 0.010 D_fake: 0.006 G: 1.934 NCE: 1.062 NCE_Y: 0.865 
(epoch: 49, iters: 3880, time: 0.054, data: 0.001) G_GAN: 0.689 D_real: 0.025 D_fake: 0.060 G: 1.653 NCE: 1.052 NCE_Y: 0.878 
(epoch: 49, iters: 3980, time: 0.054, data: 0.001) G_GAN: 0.429 D_real: 0.149 D_fake: 0.184 G: 1.362 NCE: 1.025 NCE_Y: 0.842 
(epoch: 49, iters: 4080, time: 0.054, data: 0.005) G_GAN: 0.269 D_real: 0.210 D_fake: 0.222 G: 1.248 NCE: 1.153 NCE_Y: 0.805 
saving the latest model (epoch 49, total_iters 390000)
doctr_SELFF_to_SD_fixed_nl2
(epoch: 49, iters: 4180, time: 0.054, data: 0.001) G_GAN: 0.206 D_real: 0.343 D_fake: 0.329 G: 1.224 NCE: 1.222 NCE_Y: 0.814 
(epoch: 49, iters: 4280, time: 0.054, data: 0.001) G_GAN: 0.344 D_real: 0.316 D_fake: 0.173 G: 1.374 NCE: 1.250 NCE_Y: 0.809 
(epoch: 49, iters: 4380, time: 0.054, data: 0.001) G_GAN: 0.354 D_real: 0.274 D_fake: 0.179 G: 1.333 NCE: 1.167 NCE_Y: 0.791 
(epoch: 49, iters: 4480, time: 0.054, data: 0.001) G_GAN: 0.308 D_real: 0.155 D_fake: 0.227 G: 1.262 NCE: 1.108 NCE_Y: 0.800 
(epoch: 49, iters: 4580, time: 0.054, data: 0.001) G_GAN: 0.293 D_real: 0.144 D_fake: 0.235 G: 1.257 NCE: 1.132 NCE_Y: 0.795 
(epoch: 49, iters: 4680, time: 0.054, data: 0.002) G_GAN: 0.230 D_real: 0.136 D_fake: 0.328 G: 1.180 NCE: 1.087 NCE_Y: 0.812 
(epoch: 49, iters: 4780, time: 0.054, data: 0.003) G_GAN: 0.245 D_real: 0.253 D_fake: 0.296 G: 1.195 NCE: 1.097 NCE_Y: 0.802 
(epoch: 49, iters: 4880, time: 0.054, data: 0.001) G_GAN: 0.287 D_real: 0.125 D_fake: 0.257 G: 1.230 NCE: 1.094 NCE_Y: 0.791 
(epoch: 49, iters: 4980, time: 0.054, data: 0.003) G_GAN: 0.293 D_real: 0.149 D_fake: 0.253 G: 1.232 NCE: 1.100 NCE_Y: 0.778 
(epoch: 49, iters: 5080, time: 0.053, data: 0.001) G_GAN: 0.283 D_real: 0.235 D_fake: 0.218 G: 1.169 NCE: 0.997 NCE_Y: 0.775 
(epoch: 49, iters: 5180, time: 0.053, data: 0.001) G_GAN: 0.277 D_real: 0.150 D_fake: 0.269 G: 1.201 NCE: 1.064 NCE_Y: 0.783 
(epoch: 49, iters: 5280, time: 0.053, data: 0.002) G_GAN: 0.375 D_real: 0.265 D_fake: 0.126 G: 1.270 NCE: 1.021 NCE_Y: 0.770 
(epoch: 49, iters: 5380, time: 0.052, data: 0.001) G_GAN: 0.371 D_real: 0.135 D_fake: 0.172 G: 1.305 NCE: 1.083 NCE_Y: 0.786 
(epoch: 49, iters: 5480, time: 0.053, data: 0.001) G_GAN: 0.230 D_real: 0.206 D_fake: 0.342 G: 1.189 NCE: 1.104 NCE_Y: 0.813 
(epoch: 49, iters: 5580, time: 0.053, data: 0.001) G_GAN: 0.291 D_real: 0.146 D_fake: 0.263 G: 1.244 NCE: 1.122 NCE_Y: 0.782 
(epoch: 49, iters: 5680, time: 0.053, data: 0.001) G_GAN: 0.332 D_real: 0.288 D_fake: 0.167 G: 1.243 NCE: 1.034 NCE_Y: 0.789 
(epoch: 49, iters: 5780, time: 0.053, data: 0.002) G_GAN: 0.306 D_real: 0.214 D_fake: 0.198 G: 1.260 NCE: 1.129 NCE_Y: 0.779 
(epoch: 49, iters: 5880, time: 0.053, data: 0.001) G_GAN: 0.356 D_real: 0.371 D_fake: 0.154 G: 1.316 NCE: 1.099 NCE_Y: 0.822 
(epoch: 49, iters: 5980, time: 0.053, data: 0.001) G_GAN: 0.287 D_real: 0.260 D_fake: 0.225 G: 1.305 NCE: 1.236 NCE_Y: 0.801 
(epoch: 49, iters: 6080, time: 0.053, data: 0.001) G_GAN: 0.399 D_real: 0.252 D_fake: 0.142 G: 1.315 NCE: 1.048 NCE_Y: 0.786 
(epoch: 49, iters: 6180, time: 0.052, data: 0.001) G_GAN: 0.302 D_real: 0.225 D_fake: 0.218 G: 1.217 NCE: 1.037 NCE_Y: 0.794 
(epoch: 49, iters: 6280, time: 0.053, data: 0.001) G_GAN: 0.307 D_real: 0.175 D_fake: 0.228 G: 1.265 NCE: 1.124 NCE_Y: 0.790 
(epoch: 49, iters: 6380, time: 0.053, data: 0.001) G_GAN: 0.278 D_real: 0.213 D_fake: 0.258 G: 1.238 NCE: 1.107 NCE_Y: 0.813 
(epoch: 49, iters: 6480, time: 0.052, data: 0.001) G_GAN: 0.306 D_real: 0.325 D_fake: 0.254 G: 1.280 NCE: 1.101 NCE_Y: 0.847 
(epoch: 49, iters: 6580, time: 0.052, data: 0.001) G_GAN: 0.236 D_real: 0.214 D_fake: 0.275 G: 1.171 NCE: 1.062 NCE_Y: 0.807 
(epoch: 49, iters: 6680, time: 0.053, data: 0.001) G_GAN: 0.280 D_real: 0.137 D_fake: 0.236 G: 1.168 NCE: 0.974 NCE_Y: 0.802 
(epoch: 49, iters: 6780, time: 0.053, data: 0.002) G_GAN: 0.369 D_real: 0.154 D_fake: 0.162 G: 1.305 NCE: 1.092 NCE_Y: 0.781 
(epoch: 49, iters: 6880, time: 0.053, data: 0.001) G_GAN: 0.410 D_real: 0.359 D_fake: 0.101 G: 1.335 NCE: 1.050 NCE_Y: 0.801 
(epoch: 49, iters: 6980, time: 0.053, data: 0.001) G_GAN: 0.268 D_real: 0.160 D_fake: 0.290 G: 1.268 NCE: 1.175 NCE_Y: 0.825 
(epoch: 49, iters: 7080, time: 0.053, data: 0.002) G_GAN: 0.268 D_real: 0.231 D_fake: 0.262 G: 1.250 NCE: 1.142 NCE_Y: 0.822 
(epoch: 49, iters: 7180, time: 0.053, data: 0.001) G_GAN: 1.087 D_real: 0.086 D_fake: 0.025 G: 2.030 NCE: 1.071 NCE_Y: 0.815 
(epoch: 49, iters: 7280, time: 0.053, data: 0.001) G_GAN: 0.429 D_real: 0.182 D_fake: 0.149 G: 1.452 NCE: 1.230 NCE_Y: 0.815 
(epoch: 49, iters: 7380, time: 0.053, data: 0.001) G_GAN: 0.345 D_real: 0.144 D_fake: 0.220 G: 1.318 NCE: 1.146 NCE_Y: 0.800 
(epoch: 49, iters: 7480, time: 0.053, data: 0.001) G_GAN: 0.243 D_real: 0.189 D_fake: 0.309 G: 1.176 NCE: 1.065 NCE_Y: 0.802 
(epoch: 49, iters: 7580, time: 0.053, data: 0.001) G_GAN: 0.233 D_real: 0.305 D_fake: 0.251 G: 1.165 NCE: 1.065 NCE_Y: 0.799 
(epoch: 49, iters: 7680, time: 0.053, data: 0.001) G_GAN: 0.237 D_real: 0.246 D_fake: 0.304 G: 1.217 NCE: 1.161 NCE_Y: 0.800 
(epoch: 49, iters: 7780, time: 0.054, data: 0.001) G_GAN: 0.179 D_real: 0.373 D_fake: 0.380 G: 1.238 NCE: 1.319 NCE_Y: 0.800 
(epoch: 49, iters: 7880, time: 0.053, data: 0.001) G_GAN: 0.273 D_real: 0.122 D_fake: 0.286 G: 1.267 NCE: 1.183 NCE_Y: 0.804 
(epoch: 49, iters: 7980, time: 0.053, data: 0.005) G_GAN: 0.254 D_real: 0.235 D_fake: 0.347 G: 1.318 NCE: 1.286 NCE_Y: 0.843 
End of epoch 49 / 60 	 Time Taken: 448 sec
learning rate = 0.0000710
(epoch: 50, iters: 40, time: 0.053, data: 0.001) G_GAN: 0.200 D_real: 0.255 D_fake: 0.299 G: 1.206 NCE: 1.220 NCE_Y: 0.794 
(epoch: 50, iters: 140, time: 0.053, data: 0.001) G_GAN: 0.227 D_real: 0.199 D_fake: 0.329 G: 1.165 NCE: 1.103 NCE_Y: 0.773 
(epoch: 50, iters: 240, time: 0.053, data: 0.001) G_GAN: 0.274 D_real: 0.361 D_fake: 0.196 G: 1.253 NCE: 1.135 NCE_Y: 0.825 
(epoch: 50, iters: 340, time: 0.053, data: 0.001) G_GAN: 0.340 D_real: 0.284 D_fake: 0.178 G: 1.286 NCE: 1.060 NCE_Y: 0.831 
(epoch: 50, iters: 440, time: 0.053, data: 0.001) G_GAN: 0.284 D_real: 0.224 D_fake: 0.249 G: 1.237 NCE: 1.071 NCE_Y: 0.835 
(epoch: 50, iters: 540, time: 0.052, data: 0.001) G_GAN: 0.841 D_real: 0.025 D_fake: 0.034 G: 1.787 NCE: 1.091 NCE_Y: 0.799 
(epoch: 50, iters: 640, time: 0.052, data: 0.001) G_GAN: 0.900 D_real: 0.014 D_fake: 0.164 G: 1.910 NCE: 1.191 NCE_Y: 0.829 
(epoch: 50, iters: 740, time: 0.053, data: 0.001) G_GAN: 0.407 D_real: 0.337 D_fake: 0.119 G: 1.376 NCE: 1.122 NCE_Y: 0.817 
(epoch: 50, iters: 840, time: 0.053, data: 0.001) G_GAN: 0.193 D_real: 0.185 D_fake: 0.375 G: 1.174 NCE: 1.168 NCE_Y: 0.795 
(epoch: 50, iters: 940, time: 0.052, data: 0.001) G_GAN: 0.236 D_real: 0.275 D_fake: 0.255 G: 1.177 NCE: 1.067 NCE_Y: 0.816 
(epoch: 50, iters: 1040, time: 0.053, data: 0.001) G_GAN: 0.312 D_real: 0.323 D_fake: 0.169 G: 1.274 NCE: 1.106 NCE_Y: 0.817 
saving the latest model (epoch 50, total_iters 395000)
doctr_SELFF_to_SD_fixed_nl2
(epoch: 50, iters: 1140, time: 0.052, data: 0.001) G_GAN: 0.298 D_real: 0.200 D_fake: 0.228 G: 1.243 NCE: 1.107 NCE_Y: 0.784 
(epoch: 50, iters: 1240, time: 0.053, data: 0.001) G_GAN: 0.979 D_real: 0.019 D_fake: 0.007 G: 1.953 NCE: 1.144 NCE_Y: 0.804 
(epoch: 50, iters: 1340, time: 0.053, data: 0.002) G_GAN: 1.206 D_real: 0.016 D_fake: 0.029 G: 2.309 NCE: 1.355 NCE_Y: 0.851 
(epoch: 50, iters: 1440, time: 0.053, data: 0.002) G_GAN: 0.928 D_real: 0.004 D_fake: 0.006 G: 2.075 NCE: 1.387 NCE_Y: 0.908 
(epoch: 50, iters: 1540, time: 0.053, data: 0.001) G_GAN: 0.962 D_real: 0.003 D_fake: 0.004 G: 2.106 NCE: 1.352 NCE_Y: 0.936 
(epoch: 50, iters: 1640, time: 0.053, data: 0.001) G_GAN: 0.981 D_real: 0.006 D_fake: 0.004 G: 2.203 NCE: 1.501 NCE_Y: 0.942 
(epoch: 50, iters: 1740, time: 0.053, data: 0.001) G_GAN: 0.971 D_real: 0.006 D_fake: 0.006 G: 2.235 NCE: 1.633 NCE_Y: 0.896 
(epoch: 50, iters: 1840, time: 0.053, data: 0.001) G_GAN: 0.995 D_real: 0.003 D_fake: 0.008 G: 2.156 NCE: 1.408 NCE_Y: 0.914 
(epoch: 50, iters: 1940, time: 0.053, data: 0.001) G_GAN: 0.964 D_real: 0.006 D_fake: 0.007 G: 2.198 NCE: 1.539 NCE_Y: 0.930 
(epoch: 50, iters: 2040, time: 0.053, data: 0.001) G_GAN: 0.987 D_real: 0.004 D_fake: 0.006 G: 2.222 NCE: 1.540 NCE_Y: 0.931 
(epoch: 50, iters: 2140, time: 0.053, data: 0.001) G_GAN: 0.947 D_real: 0.004 D_fake: 0.007 G: 2.191 NCE: 1.554 NCE_Y: 0.936 
(epoch: 50, iters: 2240, time: 0.053, data: 0.002) G_GAN: 0.977 D_real: 0.003 D_fake: 0.007 G: 2.216 NCE: 1.521 NCE_Y: 0.956 
(epoch: 50, iters: 2340, time: 0.052, data: 0.001) G_GAN: 1.035 D_real: 0.002 D_fake: 0.009 G: 2.296 NCE: 1.588 NCE_Y: 0.934 
(epoch: 50, iters: 2440, time: 0.053, data: 0.001) G_GAN: 1.005 D_real: 0.003 D_fake: 0.009 G: 2.306 NCE: 1.660 NCE_Y: 0.943 
(epoch: 50, iters: 2540, time: 0.053, data: 0.001) G_GAN: 0.975 D_real: 0.002 D_fake: 0.013 G: 2.304 NCE: 1.697 NCE_Y: 0.962 
(epoch: 50, iters: 2640, time: 0.053, data: 0.001) G_GAN: 1.006 D_real: 0.003 D_fake: 0.012 G: 2.239 NCE: 1.522 NCE_Y: 0.943 
(epoch: 50, iters: 2740, time: 0.053, data: 0.002) G_GAN: 1.017 D_real: 0.003 D_fake: 0.008 G: 2.241 NCE: 1.521 NCE_Y: 0.926 
(epoch: 50, iters: 2840, time: 0.053, data: 0.001) G_GAN: 1.041 D_real: 0.003 D_fake: 0.010 G: 2.233 NCE: 1.485 NCE_Y: 0.898 
(epoch: 50, iters: 2940, time: 0.054, data: 0.002) G_GAN: 1.009 D_real: 0.002 D_fake: 0.007 G: 2.201 NCE: 1.500 NCE_Y: 0.886 
(epoch: 50, iters: 3040, time: 0.053, data: 0.002) G_GAN: 1.015 D_real: 0.003 D_fake: 0.007 G: 2.197 NCE: 1.483 NCE_Y: 0.879 
(epoch: 50, iters: 3140, time: 0.052, data: 0.002) G_GAN: 1.003 D_real: 0.002 D_fake: 0.006 G: 2.183 NCE: 1.471 NCE_Y: 0.889 
(epoch: 50, iters: 3240, time: 0.052, data: 0.001) G_GAN: 0.987 D_real: 0.002 D_fake: 0.006 G: 2.213 NCE: 1.568 NCE_Y: 0.885 
(epoch: 50, iters: 3340, time: 0.052, data: 0.002) G_GAN: 1.008 D_real: 0.002 D_fake: 0.005 G: 2.225 NCE: 1.553 NCE_Y: 0.881 
(epoch: 50, iters: 3440, time: 0.052, data: 0.002) G_GAN: 1.015 D_real: 0.003 D_fake: 0.004 G: 2.183 NCE: 1.466 NCE_Y: 0.869 
(epoch: 50, iters: 3540, time: 0.053, data: 0.001) G_GAN: 0.996 D_real: 0.002 D_fake: 0.005 G: 2.148 NCE: 1.496 NCE_Y: 0.809 
(epoch: 50, iters: 3640, time: 0.053, data: 0.001) G_GAN: 0.994 D_real: 0.001 D_fake: 0.005 G: 2.119 NCE: 1.420 NCE_Y: 0.831 
(epoch: 50, iters: 3740, time: 0.053, data: 0.001) G_GAN: 1.033 D_real: 0.001 D_fake: 0.006 G: 2.174 NCE: 1.429 NCE_Y: 0.852 
(epoch: 50, iters: 3840, time: 0.053, data: 0.001) G_GAN: 0.999 D_real: 0.001 D_fake: 0.003 G: 2.112 NCE: 1.423 NCE_Y: 0.802 
(epoch: 50, iters: 3940, time: 0.053, data: 0.001) G_GAN: 1.014 D_real: 0.004 D_fake: 0.003 G: 2.172 NCE: 1.485 NCE_Y: 0.832 
(epoch: 50, iters: 4040, time: 0.053, data: 0.001) G_GAN: 1.005 D_real: 0.002 D_fake: 0.004 G: 2.147 NCE: 1.421 NCE_Y: 0.863 
(epoch: 50, iters: 4140, time: 0.053, data: 0.002) G_GAN: 1.007 D_real: 0.002 D_fake: 0.004 G: 2.165 NCE: 1.428 NCE_Y: 0.887 
(epoch: 50, iters: 4240, time: 0.053, data: 0.001) G_GAN: 1.019 D_real: 0.001 D_fake: 0.004 G: 2.162 NCE: 1.406 NCE_Y: 0.880 
(epoch: 50, iters: 4340, time: 0.053, data: 0.001) G_GAN: 1.019 D_real: 0.002 D_fake: 0.004 G: 2.166 NCE: 1.417 NCE_Y: 0.878 
(epoch: 50, iters: 4440, time: 0.053, data: 0.001) G_GAN: 0.993 D_real: 0.001 D_fake: 0.003 G: 2.148 NCE: 1.454 NCE_Y: 0.857 
(epoch: 50, iters: 4540, time: 0.053, data: 0.001) G_GAN: 1.007 D_real: 0.001 D_fake: 0.005 G: 2.148 NCE: 1.421 NCE_Y: 0.860 
(epoch: 50, iters: 4640, time: 0.052, data: 0.001) G_GAN: 1.013 D_real: 0.002 D_fake: 0.004 G: 2.147 NCE: 1.425 NCE_Y: 0.842 
(epoch: 50, iters: 4740, time: 0.052, data: 0.001) G_GAN: 1.020 D_real: 0.003 D_fake: 0.003 G: 2.136 NCE: 1.386 NCE_Y: 0.846 
(epoch: 50, iters: 4840, time: 0.053, data: 0.002) G_GAN: 1.010 D_real: 0.002 D_fake: 0.003 G: 2.125 NCE: 1.399 NCE_Y: 0.831 
(epoch: 50, iters: 4940, time: 0.053, data: 0.001) G_GAN: 0.993 D_real: 0.002 D_fake: 0.003 G: 2.163 NCE: 1.505 NCE_Y: 0.834 
(epoch: 50, iters: 5040, time: 0.053, data: 0.001) G_GAN: 1.001 D_real: 0.002 D_fake: 0.003 G: 2.156 NCE: 1.472 NCE_Y: 0.837 
(epoch: 50, iters: 5140, time: 0.053, data: 0.001) G_GAN: 0.981 D_real: 0.002 D_fake: 0.003 G: 2.171 NCE: 1.525 NCE_Y: 0.855 
(epoch: 50, iters: 5240, time: 0.052, data: 0.001) G_GAN: 0.988 D_real: 0.001 D_fake: 0.001 G: 2.156 NCE: 1.459 NCE_Y: 0.878 
(epoch: 50, iters: 5340, time: 0.052, data: 0.001) G_GAN: 0.989 D_real: 0.002 D_fake: 0.003 G: 2.152 NCE: 1.491 NCE_Y: 0.835 
(epoch: 50, iters: 5440, time: 0.052, data: 0.002) G_GAN: 0.985 D_real: 0.001 D_fake: 0.001 G: 2.261 NCE: 1.660 NCE_Y: 0.891 
(epoch: 50, iters: 5540, time: 0.053, data: 0.002) G_GAN: 1.021 D_real: 0.003 D_fake: 0.003 G: 2.267 NCE: 1.591 NCE_Y: 0.901 
(epoch: 50, iters: 5640, time: 0.054, data: 0.002) G_GAN: 0.998 D_real: 0.001 D_fake: 0.002 G: 2.241 NCE: 1.588 NCE_Y: 0.897 
(epoch: 50, iters: 5740, time: 0.053, data: 0.001) G_GAN: 0.979 D_real: 0.001 D_fake: 0.002 G: 2.154 NCE: 1.435 NCE_Y: 0.915 
(epoch: 50, iters: 5840, time: 0.053, data: 0.002) G_GAN: 0.997 D_real: 0.003 D_fake: 0.003 G: 2.177 NCE: 1.467 NCE_Y: 0.893 
(epoch: 50, iters: 5940, time: 0.053, data: 0.001) G_GAN: 0.946 D_real: 0.005 D_fake: 0.002 G: 2.123 NCE: 1.404 NCE_Y: 0.950 
(epoch: 50, iters: 6040, time: 0.053, data: 0.001) G_GAN: 1.015 D_real: 0.001 D_fake: 0.002 G: 2.144 NCE: 1.369 NCE_Y: 0.890 
saving the latest model (epoch 50, total_iters 400000)
doctr_SELFF_to_SD_fixed_nl2
(epoch: 50, iters: 6140, time: 0.052, data: 0.001) G_GAN: 0.990 D_real: 0.005 D_fake: 0.002 G: 2.168 NCE: 1.435 NCE_Y: 0.921 
(epoch: 50, iters: 6240, time: 0.052, data: 0.001) G_GAN: 0.980 D_real: 0.003 D_fake: 0.002 G: 2.073 NCE: 1.325 NCE_Y: 0.861 
(epoch: 50, iters: 6340, time: 0.052, data: 0.001) G_GAN: 1.020 D_real: 0.001 D_fake: 0.001 G: 2.105 NCE: 1.335 NCE_Y: 0.837 
(epoch: 50, iters: 6440, time: 0.053, data: 0.002) G_GAN: 0.978 D_real: 0.002 D_fake: 0.002 G: 2.078 NCE: 1.367 NCE_Y: 0.832 
(epoch: 50, iters: 6540, time: 0.053, data: 0.002) G_GAN: 1.011 D_real: 0.001 D_fake: 0.002 G: 2.153 NCE: 1.418 NCE_Y: 0.867 
(epoch: 50, iters: 6640, time: 0.052, data: 0.001) G_GAN: 1.004 D_real: 0.001 D_fake: 0.001 G: 2.140 NCE: 1.403 NCE_Y: 0.870 
(epoch: 50, iters: 6740, time: 0.052, data: 0.002) G_GAN: 0.986 D_real: 0.001 D_fake: 0.001 G: 2.257 NCE: 1.640 NCE_Y: 0.901 
(epoch: 50, iters: 6840, time: 0.052, data: 0.002) G_GAN: 1.005 D_real: 0.001 D_fake: 0.001 G: 2.268 NCE: 1.650 NCE_Y: 0.876 
(epoch: 50, iters: 6940, time: 0.053, data: 0.001) G_GAN: 1.005 D_real: 0.001 D_fake: 0.002 G: 2.228 NCE: 1.593 NCE_Y: 0.852 
(epoch: 50, iters: 7040, time: 0.053, data: 0.001) G_GAN: 1.068 D_real: 0.009 D_fake: 0.005 G: 2.359 NCE: 1.764 NCE_Y: 0.819 
(epoch: 50, iters: 7140, time: 0.053, data: 0.001) G_GAN: 1.007 D_real: 0.003 D_fake: 0.002 G: 2.356 NCE: 1.845 NCE_Y: 0.852 
(epoch: 50, iters: 7240, time: 0.053, data: 0.001) G_GAN: 1.032 D_real: 0.008 D_fake: 0.005 G: 2.339 NCE: 1.751 NCE_Y: 0.863 
(epoch: 50, iters: 7340, time: 0.053, data: 0.001) G_GAN: 0.950 D_real: 0.003 D_fake: 0.003 G: 2.316 NCE: 1.879 NCE_Y: 0.852 
(epoch: 50, iters: 7440, time: 0.053, data: 0.001) G_GAN: 1.005 D_real: 0.003 D_fake: 0.002 G: 2.380 NCE: 1.913 NCE_Y: 0.837 
(epoch: 50, iters: 7540, time: 0.053, data: 0.001) G_GAN: 1.027 D_real: 0.003 D_fake: 0.002 G: 2.297 NCE: 1.684 NCE_Y: 0.856 
(epoch: 50, iters: 7640, time: 0.052, data: 0.001) G_GAN: 1.025 D_real: 0.002 D_fake: 0.003 G: 2.300 NCE: 1.663 NCE_Y: 0.885 
(epoch: 50, iters: 7740, time: 0.052, data: 0.002) G_GAN: 0.992 D_real: 0.002 D_fake: 0.004 G: 2.169 NCE: 1.502 NCE_Y: 0.852 
(epoch: 50, iters: 7840, time: 0.052, data: 0.001) G_GAN: 0.968 D_real: 0.001 D_fake: 0.006 G: 2.203 NCE: 1.551 NCE_Y: 0.919 
(epoch: 50, iters: 7940, time: 0.053, data: 0.001) G_GAN: 1.010 D_real: 0.002 D_fake: 0.004 G: 2.170 NCE: 1.454 NCE_Y: 0.866 
(epoch: 50, iters: 8040, time: 0.053, data: 0.001) G_GAN: 1.025 D_real: 0.001 D_fake: 0.004 G: 2.225 NCE: 1.522 NCE_Y: 0.878 
saving the model at the end of epoch 50, iters 402000
End of epoch 50 / 60 	 Time Taken: 441 sec
learning rate = 0.0000645
(epoch: 51, iters: 100, time: 0.053, data: 0.146) G_GAN: 0.983 D_real: 0.002 D_fake: 0.003 G: 2.119 NCE: 1.414 NCE_Y: 0.858 
(epoch: 51, iters: 200, time: 0.053, data: 0.001) G_GAN: 1.035 D_real: 0.002 D_fake: 0.006 G: 2.192 NCE: 1.448 NCE_Y: 0.866 
(epoch: 51, iters: 300, time: 0.053, data: 0.001) G_GAN: 0.989 D_real: 0.001 D_fake: 0.004 G: 2.103 NCE: 1.316 NCE_Y: 0.911 
(epoch: 51, iters: 400, time: 0.053, data: 0.001) G_GAN: 1.007 D_real: 0.001 D_fake: 0.003 G: 2.144 NCE: 1.397 NCE_Y: 0.877 
(epoch: 51, iters: 500, time: 0.053, data: 0.001) G_GAN: 1.019 D_real: 0.001 D_fake: 0.003 G: 2.157 NCE: 1.400 NCE_Y: 0.876 
(epoch: 51, iters: 600, time: 0.052, data: 0.001) G_GAN: 0.982 D_real: 0.001 D_fake: 0.003 G: 2.082 NCE: 1.332 NCE_Y: 0.867 
(epoch: 51, iters: 700, time: 0.053, data: 0.002) G_GAN: 0.998 D_real: 0.002 D_fake: 0.003 G: 2.094 NCE: 1.330 NCE_Y: 0.863 
(epoch: 51, iters: 800, time: 0.053, data: 0.001) G_GAN: 0.999 D_real: 0.002 D_fake: 0.002 G: 2.149 NCE: 1.411 NCE_Y: 0.889 
(epoch: 51, iters: 900, time: 0.052, data: 0.001) G_GAN: 0.991 D_real: 0.002 D_fake: 0.002 G: 2.107 NCE: 1.350 NCE_Y: 0.882 
(epoch: 51, iters: 1000, time: 0.052, data: 0.001) G_GAN: 0.948 D_real: 0.005 D_fake: 0.042 G: 1.885 NCE: 0.977 NCE_Y: 0.899 
(epoch: 51, iters: 1100, time: 0.052, data: 0.001) G_GAN: 0.877 D_real: 0.027 D_fake: 0.017 G: 1.961 NCE: 1.138 NCE_Y: 1.030 
(epoch: 51, iters: 1200, time: 0.053, data: 0.001) G_GAN: 0.667 D_real: 0.105 D_fake: 0.039 G: 1.665 NCE: 1.055 NCE_Y: 0.940 
(epoch: 51, iters: 1300, time: 0.052, data: 0.001) G_GAN: 0.904 D_real: 0.022 D_fake: 0.019 G: 1.932 NCE: 1.133 NCE_Y: 0.924 
(epoch: 51, iters: 1400, time: 0.052, data: 0.001) G_GAN: 0.685 D_real: 0.019 D_fake: 0.104 G: 1.653 NCE: 1.042 NCE_Y: 0.895 
(epoch: 51, iters: 1500, time: 0.052, data: 0.001) G_GAN: 0.684 D_real: 0.027 D_fake: 0.090 G: 1.642 NCE: 1.012 NCE_Y: 0.902 
(epoch: 51, iters: 1600, time: 0.052, data: 0.001) G_GAN: 0.857 D_real: 0.043 D_fake: 0.040 G: 1.862 NCE: 1.105 NCE_Y: 0.904 
(epoch: 51, iters: 1700, time: 0.052, data: 0.002) G_GAN: 0.986 D_real: 0.013 D_fake: 0.009 G: 1.969 NCE: 1.056 NCE_Y: 0.909 
(epoch: 51, iters: 1800, time: 0.052, data: 0.002) G_GAN: 0.987 D_real: 0.016 D_fake: 0.006 G: 1.992 NCE: 1.066 NCE_Y: 0.943 
(epoch: 51, iters: 1900, time: 0.052, data: 0.001) G_GAN: 0.920 D_real: 0.013 D_fake: 0.005 G: 1.987 NCE: 1.158 NCE_Y: 0.976 
(epoch: 51, iters: 2000, time: 0.052, data: 0.001) G_GAN: 0.982 D_real: 0.004 D_fake: 0.005 G: 2.051 NCE: 1.176 NCE_Y: 0.962 
(epoch: 51, iters: 2100, time: 0.052, data: 0.001) G_GAN: 1.035 D_real: 0.016 D_fake: 0.006 G: 2.106 NCE: 1.142 NCE_Y: 1.001 
(epoch: 51, iters: 2200, time: 0.052, data: 0.001) G_GAN: 0.970 D_real: 0.004 D_fake: 0.003 G: 2.103 NCE: 1.292 NCE_Y: 0.973 
(epoch: 51, iters: 2300, time: 0.052, data: 0.001) G_GAN: 1.023 D_real: 0.006 D_fake: 0.002 G: 2.126 NCE: 1.214 NCE_Y: 0.992 
(epoch: 51, iters: 2400, time: 0.052, data: 0.001) G_GAN: 0.995 D_real: 0.005 D_fake: 0.003 G: 2.113 NCE: 1.226 NCE_Y: 1.010 
(epoch: 51, iters: 2500, time: 0.052, data: 0.001) G_GAN: 1.005 D_real: 0.004 D_fake: 0.002 G: 2.032 NCE: 1.097 NCE_Y: 0.956 
(epoch: 51, iters: 2600, time: 0.053, data: 0.001) G_GAN: 0.995 D_real: 0.006 D_fake: 0.002 G: 2.027 NCE: 1.069 NCE_Y: 0.995 
(epoch: 51, iters: 2700, time: 0.053, data: 0.001) G_GAN: 0.979 D_real: 0.005 D_fake: 0.002 G: 2.013 NCE: 1.072 NCE_Y: 0.997 
(epoch: 51, iters: 2800, time: 0.053, data: 0.001) G_GAN: 0.849 D_real: 0.048 D_fake: 0.048 G: 1.857 NCE: 1.030 NCE_Y: 0.985 
(epoch: 51, iters: 2900, time: 0.053, data: 0.001) G_GAN: 0.743 D_real: 0.111 D_fake: 0.023 G: 1.711 NCE: 1.044 NCE_Y: 0.893 
(epoch: 51, iters: 3000, time: 0.053, data: 0.001) G_GAN: 0.335 D_real: 0.213 D_fake: 0.059 G: 1.286 NCE: 1.046 NCE_Y: 0.857 
saving the latest model (epoch 51, total_iters 405000)
doctr_SELFF_to_SD_fixed_nl2
(epoch: 51, iters: 3100, time: 0.053, data: 0.001) G_GAN: 0.582 D_real: 0.096 D_fake: 0.072 G: 1.589 NCE: 1.125 NCE_Y: 0.889 
(epoch: 51, iters: 3200, time: 0.052, data: 0.001) G_GAN: 0.620 D_real: 0.089 D_fake: 0.041 G: 1.610 NCE: 1.091 NCE_Y: 0.889 
(epoch: 51, iters: 3300, time: 0.053, data: 0.002) G_GAN: 0.662 D_real: 0.061 D_fake: 0.071 G: 1.665 NCE: 1.107 NCE_Y: 0.898 
(epoch: 51, iters: 3400, time: 0.053, data: 0.001) G_GAN: 0.780 D_real: 0.076 D_fake: 0.023 G: 1.804 NCE: 1.154 NCE_Y: 0.895 
(epoch: 51, iters: 3500, time: 0.053, data: 0.001) G_GAN: 1.007 D_real: 0.029 D_fake: 0.031 G: 1.999 NCE: 1.128 NCE_Y: 0.857 
(epoch: 51, iters: 3600, time: 0.053, data: 0.001) G_GAN: 0.894 D_real: 0.084 D_fake: 0.020 G: 1.935 NCE: 1.183 NCE_Y: 0.899 
(epoch: 51, iters: 3700, time: 0.052, data: 0.001) G_GAN: 0.628 D_real: 0.110 D_fake: 0.078 G: 1.651 NCE: 1.166 NCE_Y: 0.880 
(epoch: 51, iters: 3800, time: 0.053, data: 0.001) G_GAN: 0.496 D_real: 0.128 D_fake: 0.217 G: 1.518 NCE: 1.150 NCE_Y: 0.895 
(epoch: 51, iters: 3900, time: 0.053, data: 0.001) G_GAN: 0.345 D_real: 0.332 D_fake: 0.127 G: 1.364 NCE: 1.150 NCE_Y: 0.887 
(epoch: 51, iters: 4000, time: 0.053, data: 0.001) G_GAN: 0.739 D_real: 0.219 D_fake: 0.046 G: 1.762 NCE: 1.159 NCE_Y: 0.886 
(epoch: 51, iters: 4100, time: 0.053, data: 0.001) G_GAN: 0.707 D_real: 0.379 D_fake: 0.041 G: 1.760 NCE: 1.188 NCE_Y: 0.917 
(epoch: 51, iters: 4200, time: 0.052, data: 0.002) G_GAN: 0.410 D_real: 0.083 D_fake: 0.209 G: 1.476 NCE: 1.237 NCE_Y: 0.896 
(epoch: 51, iters: 4300, time: 0.052, data: 0.001) G_GAN: 0.447 D_real: 0.121 D_fake: 0.166 G: 1.490 NCE: 1.198 NCE_Y: 0.887 
(epoch: 51, iters: 4400, time: 0.052, data: 0.001) G_GAN: 0.898 D_real: 0.030 D_fake: 0.041 G: 1.857 NCE: 1.066 NCE_Y: 0.852 
(epoch: 51, iters: 4500, time: 0.052, data: 0.001) G_GAN: 0.934 D_real: 0.025 D_fake: 0.015 G: 1.931 NCE: 1.140 NCE_Y: 0.854 
(epoch: 51, iters: 4600, time: 0.053, data: 0.001) G_GAN: 1.261 D_real: 0.023 D_fake: 0.047 G: 2.254 NCE: 1.138 NCE_Y: 0.848 
(epoch: 51, iters: 4700, time: 0.053, data: 0.001) G_GAN: 0.892 D_real: 0.012 D_fake: 0.012 G: 2.008 NCE: 1.374 NCE_Y: 0.858 
(epoch: 51, iters: 4800, time: 0.052, data: 0.002) G_GAN: 0.863 D_real: 0.033 D_fake: 0.064 G: 1.883 NCE: 1.194 NCE_Y: 0.846 
(epoch: 51, iters: 4900, time: 0.052, data: 0.001) G_GAN: 1.292 D_real: 0.044 D_fake: 0.051 G: 2.275 NCE: 1.146 NCE_Y: 0.819 
(epoch: 51, iters: 5000, time: 0.053, data: 0.001) G_GAN: 0.536 D_real: 0.184 D_fake: 0.205 G: 1.531 NCE: 1.142 NCE_Y: 0.847 
(epoch: 51, iters: 5100, time: 0.053, data: 0.001) G_GAN: 0.423 D_real: 0.186 D_fake: 0.157 G: 1.446 NCE: 1.206 NCE_Y: 0.841 
(epoch: 51, iters: 5200, time: 0.053, data: 0.001) G_GAN: 0.346 D_real: 0.248 D_fake: 0.201 G: 1.354 NCE: 1.181 NCE_Y: 0.836 
(epoch: 51, iters: 5300, time: 0.053, data: 0.001) G_GAN: 0.608 D_real: 0.078 D_fake: 0.074 G: 1.583 NCE: 1.085 NCE_Y: 0.865 
(epoch: 51, iters: 5400, time: 0.053, data: 0.001) G_GAN: 0.335 D_real: 0.219 D_fake: 0.218 G: 1.321 NCE: 1.148 NCE_Y: 0.825 
(epoch: 51, iters: 5500, time: 0.053, data: 0.002) G_GAN: 0.404 D_real: 0.131 D_fake: 0.223 G: 1.418 NCE: 1.165 NCE_Y: 0.862 
(epoch: 51, iters: 5600, time: 0.053, data: 0.001) G_GAN: 0.301 D_real: 0.336 D_fake: 0.206 G: 1.277 NCE: 1.089 NCE_Y: 0.862 
(epoch: 51, iters: 5700, time: 0.053, data: 0.001) G_GAN: 0.282 D_real: 0.349 D_fake: 0.213 G: 1.261 NCE: 1.097 NCE_Y: 0.860 
(epoch: 51, iters: 5800, time: 0.053, data: 0.001) G_GAN: 0.340 D_real: 0.162 D_fake: 0.249 G: 1.320 NCE: 1.109 NCE_Y: 0.851 
(epoch: 51, iters: 5900, time: 0.053, data: 0.001) G_GAN: 0.721 D_real: 0.182 D_fake: 0.100 G: 1.683 NCE: 1.109 NCE_Y: 0.817 
(epoch: 51, iters: 6000, time: 0.053, data: 0.001) G_GAN: 0.447 D_real: 0.076 D_fake: 0.152 G: 1.416 NCE: 1.107 NCE_Y: 0.831 
(epoch: 51, iters: 6100, time: 0.052, data: 0.002) G_GAN: 0.565 D_real: 0.161 D_fake: 0.080 G: 1.549 NCE: 1.135 NCE_Y: 0.833 
(epoch: 51, iters: 6200, time: 0.052, data: 0.001) G_GAN: 0.500 D_real: 0.184 D_fake: 0.110 G: 1.477 NCE: 1.117 NCE_Y: 0.837 
(epoch: 51, iters: 6300, time: 0.052, data: 0.001) G_GAN: 0.294 D_real: 0.104 D_fake: 0.287 G: 1.275 NCE: 1.119 NCE_Y: 0.843 
(epoch: 51, iters: 6400, time: 0.052, data: 0.002) G_GAN: 0.482 D_real: 0.257 D_fake: 0.088 G: 1.511 NCE: 1.218 NCE_Y: 0.840 
(epoch: 51, iters: 6500, time: 0.053, data: 0.001) G_GAN: 0.310 D_real: 0.373 D_fake: 0.179 G: 1.377 NCE: 1.276 NCE_Y: 0.858 
(epoch: 51, iters: 6600, time: 0.052, data: 0.001) G_GAN: 0.413 D_real: 0.212 D_fake: 0.149 G: 1.466 NCE: 1.231 NCE_Y: 0.876 
(epoch: 51, iters: 6700, time: 0.052, data: 0.001) G_GAN: 0.684 D_real: 0.137 D_fake: 0.024 G: 1.670 NCE: 1.130 NCE_Y: 0.842 
(epoch: 51, iters: 6800, time: 0.053, data: 0.001) G_GAN: 1.000 D_real: 0.018 D_fake: 0.009 G: 2.006 NCE: 1.128 NCE_Y: 0.884 
(epoch: 51, iters: 6900, time: 0.053, data: 0.001) G_GAN: 1.198 D_real: 0.015 D_fake: 0.064 G: 2.164 NCE: 1.112 NCE_Y: 0.820 
(epoch: 51, iters: 7000, time: 0.053, data: 0.001) G_GAN: 0.736 D_real: 0.014 D_fake: 0.200 G: 1.693 NCE: 1.101 NCE_Y: 0.813 
(epoch: 51, iters: 7100, time: 0.053, data: 0.001) G_GAN: 0.894 D_real: 0.098 D_fake: 0.023 G: 1.863 NCE: 1.085 NCE_Y: 0.853 
(epoch: 51, iters: 7200, time: 0.053, data: 0.002) G_GAN: 0.429 D_real: 0.202 D_fake: 0.156 G: 1.407 NCE: 1.127 NCE_Y: 0.829 
(epoch: 51, iters: 7300, time: 0.053, data: 0.002) G_GAN: 0.620 D_real: 0.155 D_fake: 0.093 G: 1.591 NCE: 1.099 NCE_Y: 0.843 
(epoch: 51, iters: 7400, time: 0.053, data: 0.001) G_GAN: 0.348 D_real: 0.128 D_fake: 0.229 G: 1.324 NCE: 1.128 NCE_Y: 0.823 
(epoch: 51, iters: 7500, time: 0.053, data: 0.001) G_GAN: 0.329 D_real: 0.281 D_fake: 0.192 G: 1.329 NCE: 1.178 NCE_Y: 0.822 
(epoch: 51, iters: 7600, time: 0.053, data: 0.002) G_GAN: 0.299 D_real: 0.339 D_fake: 0.269 G: 1.311 NCE: 1.180 NCE_Y: 0.844 
(epoch: 51, iters: 7700, time: 0.053, data: 0.002) G_GAN: 0.301 D_real: 0.102 D_fake: 0.300 G: 1.277 NCE: 1.139 NCE_Y: 0.814 
(epoch: 51, iters: 7800, time: 0.054, data: 0.002) G_GAN: 0.514 D_real: 0.299 D_fake: 0.181 G: 1.454 NCE: 1.031 NCE_Y: 0.849 
(epoch: 51, iters: 7900, time: 0.053, data: 0.001) G_GAN: 0.323 D_real: 0.205 D_fake: 0.188 G: 1.279 NCE: 1.119 NCE_Y: 0.792 
(epoch: 51, iters: 8000, time: 0.054, data: 0.002) G_GAN: 0.356 D_real: 0.033 D_fake: 0.354 G: 1.367 NCE: 1.204 NCE_Y: 0.819 
saving the latest model (epoch 51, total_iters 410000)
doctr_SELFF_to_SD_fixed_nl2
End of epoch 51 / 60 	 Time Taken: 440 sec
learning rate = 0.0000581
(epoch: 52, iters: 60, time: 0.053, data: 0.002) G_GAN: 0.324 D_real: 0.193 D_fake: 0.206 G: 1.295 NCE: 1.109 NCE_Y: 0.834 
(epoch: 52, iters: 160, time: 0.053, data: 0.001) G_GAN: 0.303 D_real: 0.210 D_fake: 0.222 G: 1.273 NCE: 1.139 NCE_Y: 0.801 
(epoch: 52, iters: 260, time: 0.053, data: 0.001) G_GAN: 0.445 D_real: 0.018 D_fake: 0.244 G: 1.502 NCE: 1.331 NCE_Y: 0.782 
(epoch: 52, iters: 360, time: 0.053, data: 0.001) G_GAN: 0.317 D_real: 0.273 D_fake: 0.179 G: 1.286 NCE: 1.141 NCE_Y: 0.796 
(epoch: 52, iters: 460, time: 0.053, data: 0.002) G_GAN: 0.344 D_real: 0.329 D_fake: 0.147 G: 1.324 NCE: 1.163 NCE_Y: 0.798 
(epoch: 52, iters: 560, time: 0.053, data: 0.002) G_GAN: 0.369 D_real: 0.208 D_fake: 0.178 G: 1.425 NCE: 1.312 NCE_Y: 0.800 
(epoch: 52, iters: 660, time: 0.053, data: 0.002) G_GAN: 0.485 D_real: 0.139 D_fake: 0.132 G: 1.506 NCE: 1.203 NCE_Y: 0.839 
(epoch: 52, iters: 760, time: 0.052, data: 0.001) G_GAN: 0.429 D_real: 0.335 D_fake: 0.103 G: 1.404 NCE: 1.123 NCE_Y: 0.826 
(epoch: 52, iters: 860, time: 0.052, data: 0.001) G_GAN: 0.750 D_real: 0.023 D_fake: 0.072 G: 1.718 NCE: 1.132 NCE_Y: 0.805 
(epoch: 52, iters: 960, time: 0.052, data: 0.001) G_GAN: 0.997 D_real: 0.022 D_fake: 0.025 G: 1.986 NCE: 1.143 NCE_Y: 0.835 
(epoch: 52, iters: 1060, time: 0.052, data: 0.001) G_GAN: 0.937 D_real: 0.009 D_fake: 0.013 G: 1.944 NCE: 1.142 NCE_Y: 0.872 
(epoch: 52, iters: 1160, time: 0.052, data: 0.001) G_GAN: 0.714 D_real: 0.052 D_fake: 0.069 G: 1.727 NCE: 1.170 NCE_Y: 0.855 
(epoch: 52, iters: 1260, time: 0.052, data: 0.001) G_GAN: 0.998 D_real: 0.131 D_fake: 0.027 G: 1.997 NCE: 1.175 NCE_Y: 0.824 
(epoch: 52, iters: 1360, time: 0.052, data: 0.001) G_GAN: 0.886 D_real: 0.120 D_fake: 0.009 G: 1.884 NCE: 1.166 NCE_Y: 0.829 
(epoch: 52, iters: 1460, time: 0.052, data: 0.001) G_GAN: 0.972 D_real: 0.008 D_fake: 0.015 G: 1.941 NCE: 1.119 NCE_Y: 0.819 
(epoch: 52, iters: 1560, time: 0.052, data: 0.001) G_GAN: 0.501 D_real: 0.071 D_fake: 0.178 G: 1.461 NCE: 1.079 NCE_Y: 0.841 
(epoch: 52, iters: 1660, time: 0.052, data: 0.001) G_GAN: 0.589 D_real: 0.125 D_fake: 0.052 G: 1.593 NCE: 1.195 NCE_Y: 0.814 
(epoch: 52, iters: 1760, time: 0.052, data: 0.001) G_GAN: 0.332 D_real: 0.224 D_fake: 0.178 G: 1.325 NCE: 1.165 NCE_Y: 0.821 
(epoch: 52, iters: 1860, time: 0.052, data: 0.001) G_GAN: 0.360 D_real: 0.187 D_fake: 0.179 G: 1.321 NCE: 1.115 NCE_Y: 0.807 
(epoch: 52, iters: 1960, time: 0.053, data: 0.001) G_GAN: 0.296 D_real: 0.114 D_fake: 0.258 G: 1.315 NCE: 1.198 NCE_Y: 0.842 
(epoch: 52, iters: 2060, time: 0.052, data: 0.001) G_GAN: 0.962 D_real: 0.051 D_fake: 0.076 G: 1.953 NCE: 1.166 NCE_Y: 0.814 
(epoch: 52, iters: 2160, time: 0.052, data: 0.001) G_GAN: 1.323 D_real: 0.010 D_fake: 0.041 G: 2.304 NCE: 1.147 NCE_Y: 0.814 
(epoch: 52, iters: 2260, time: 0.053, data: 0.001) G_GAN: 0.549 D_real: 0.009 D_fake: 0.156 G: 1.481 NCE: 1.066 NCE_Y: 0.798 
(epoch: 52, iters: 2360, time: 0.053, data: 0.001) G_GAN: 1.038 D_real: 0.018 D_fake: 0.013 G: 2.007 NCE: 1.140 NCE_Y: 0.798 
(epoch: 52, iters: 2460, time: 0.052, data: 0.001) G_GAN: 0.660 D_real: 0.053 D_fake: 0.280 G: 1.686 NCE: 1.214 NCE_Y: 0.839 
(epoch: 52, iters: 2560, time: 0.053, data: 0.001) G_GAN: 1.274 D_real: 0.024 D_fake: 0.029 G: 2.234 NCE: 1.136 NCE_Y: 0.785 
(epoch: 52, iters: 2660, time: 0.052, data: 0.002) G_GAN: 0.867 D_real: 0.073 D_fake: 0.025 G: 1.840 NCE: 1.156 NCE_Y: 0.790 
(epoch: 52, iters: 2760, time: 0.052, data: 0.001) G_GAN: 0.328 D_real: 0.169 D_fake: 0.226 G: 1.279 NCE: 1.080 NCE_Y: 0.823 
(epoch: 52, iters: 2860, time: 0.052, data: 0.001) G_GAN: 0.993 D_real: 0.041 D_fake: 0.007 G: 1.978 NCE: 1.141 NCE_Y: 0.828 
(epoch: 52, iters: 2960, time: 0.052, data: 0.001) G_GAN: 0.709 D_real: 0.009 D_fake: 0.058 G: 1.696 NCE: 1.143 NCE_Y: 0.831 
(epoch: 52, iters: 3060, time: 0.052, data: 0.001) G_GAN: 0.318 D_real: 0.236 D_fake: 0.188 G: 1.310 NCE: 1.199 NCE_Y: 0.786 
(epoch: 52, iters: 3160, time: 0.052, data: 0.001) G_GAN: 0.408 D_real: 0.148 D_fake: 0.151 G: 1.381 NCE: 1.124 NCE_Y: 0.822 
(epoch: 52, iters: 3260, time: 0.052, data: 0.001) G_GAN: 0.382 D_real: 0.158 D_fake: 0.177 G: 1.337 NCE: 1.106 NCE_Y: 0.803 
(epoch: 52, iters: 3360, time: 0.053, data: 0.002) G_GAN: 0.262 D_real: 0.132 D_fake: 0.303 G: 1.258 NCE: 1.129 NCE_Y: 0.862 
(epoch: 52, iters: 3460, time: 0.053, data: 0.001) G_GAN: 0.324 D_real: 0.199 D_fake: 0.248 G: 1.252 NCE: 1.075 NCE_Y: 0.779 
(epoch: 52, iters: 3560, time: 0.053, data: 0.002) G_GAN: 0.362 D_real: 0.301 D_fake: 0.140 G: 1.306 NCE: 1.074 NCE_Y: 0.814 
(epoch: 52, iters: 3660, time: 0.053, data: 0.001) G_GAN: 0.197 D_real: 0.117 D_fake: 0.391 G: 1.192 NCE: 1.192 NCE_Y: 0.798 
(epoch: 52, iters: 3760, time: 0.053, data: 0.001) G_GAN: 0.390 D_real: 0.143 D_fake: 0.164 G: 1.378 NCE: 1.151 NCE_Y: 0.825 
(epoch: 52, iters: 3860, time: 0.053, data: 0.001) G_GAN: 0.453 D_real: 0.030 D_fake: 0.174 G: 1.380 NCE: 1.073 NCE_Y: 0.781 
(epoch: 52, iters: 3960, time: 0.053, data: 0.001) G_GAN: 0.179 D_real: 0.165 D_fake: 0.374 G: 1.187 NCE: 1.214 NCE_Y: 0.801 
(epoch: 52, iters: 4060, time: 0.052, data: 0.001) G_GAN: 0.257 D_real: 0.282 D_fake: 0.245 G: 1.176 NCE: 1.016 NCE_Y: 0.822 
(epoch: 52, iters: 4160, time: 0.053, data: 0.002) G_GAN: 0.348 D_real: 0.015 D_fake: 0.277 G: 1.347 NCE: 1.223 NCE_Y: 0.777 
(epoch: 52, iters: 4260, time: 0.053, data: 0.002) G_GAN: 0.335 D_real: 0.289 D_fake: 0.171 G: 1.254 NCE: 1.054 NCE_Y: 0.784 
(epoch: 52, iters: 4360, time: 0.053, data: 0.001) G_GAN: 0.323 D_real: 0.338 D_fake: 0.157 G: 1.305 NCE: 1.170 NCE_Y: 0.794 
(epoch: 52, iters: 4460, time: 0.053, data: 0.001) G_GAN: 0.217 D_real: 0.159 D_fake: 0.323 G: 1.186 NCE: 1.156 NCE_Y: 0.782 
(epoch: 52, iters: 4560, time: 0.052, data: 0.001) G_GAN: 0.289 D_real: 0.175 D_fake: 0.243 G: 1.247 NCE: 1.120 NCE_Y: 0.797 
(epoch: 52, iters: 4660, time: 0.052, data: 0.002) G_GAN: 0.268 D_real: 0.184 D_fake: 0.326 G: 1.261 NCE: 1.189 NCE_Y: 0.796 
(epoch: 52, iters: 4760, time: 0.052, data: 0.001) G_GAN: 0.276 D_real: 0.279 D_fake: 0.228 G: 1.256 NCE: 1.166 NCE_Y: 0.794 
(epoch: 52, iters: 4860, time: 0.052, data: 0.001) G_GAN: 0.262 D_real: 0.389 D_fake: 0.220 G: 1.248 NCE: 1.166 NCE_Y: 0.806 
(epoch: 52, iters: 4960, time: 0.053, data: 0.001) G_GAN: 0.182 D_real: 0.337 D_fake: 0.371 G: 1.176 NCE: 1.170 NCE_Y: 0.818 
saving the latest model (epoch 52, total_iters 415000)
doctr_SELFF_to_SD_fixed_nl2
(epoch: 52, iters: 5060, time: 0.053, data: 0.001) G_GAN: 0.819 D_real: 0.034 D_fake: 0.033 G: 1.804 NCE: 1.151 NCE_Y: 0.819 
(epoch: 52, iters: 5160, time: 0.053, data: 0.001) G_GAN: 0.995 D_real: 0.010 D_fake: 0.007 G: 2.094 NCE: 1.292 NCE_Y: 0.906 
(epoch: 52, iters: 5260, time: 0.053, data: 0.001) G_GAN: 1.031 D_real: 0.016 D_fake: 0.015 G: 2.202 NCE: 1.413 NCE_Y: 0.929 
(epoch: 52, iters: 5360, time: 0.053, data: 0.001) G_GAN: 0.950 D_real: 0.009 D_fake: 0.010 G: 2.176 NCE: 1.525 NCE_Y: 0.927 
(epoch: 52, iters: 5460, time: 0.052, data: 0.002) G_GAN: 1.004 D_real: 0.005 D_fake: 0.012 G: 2.157 NCE: 1.415 NCE_Y: 0.890 
(epoch: 52, iters: 5560, time: 0.053, data: 0.001) G_GAN: 1.000 D_real: 0.004 D_fake: 0.011 G: 2.162 NCE: 1.424 NCE_Y: 0.900 
(epoch: 52, iters: 5660, time: 0.053, data: 0.001) G_GAN: 1.013 D_real: 0.004 D_fake: 0.010 G: 2.168 NCE: 1.438 NCE_Y: 0.873 
(epoch: 52, iters: 5760, time: 0.053, data: 0.002) G_GAN: 1.043 D_real: 0.008 D_fake: 0.022 G: 2.241 NCE: 1.495 NCE_Y: 0.901 
(epoch: 52, iters: 5860, time: 0.053, data: 0.001) G_GAN: 1.190 D_real: 0.002 D_fake: 0.037 G: 2.321 NCE: 1.394 NCE_Y: 0.868 
(epoch: 52, iters: 5960, time: 0.053, data: 0.001) G_GAN: 0.929 D_real: 0.006 D_fake: 0.008 G: 2.086 NCE: 1.435 NCE_Y: 0.878 
(epoch: 52, iters: 6060, time: 0.052, data: 0.001) G_GAN: 0.990 D_real: 0.005 D_fake: 0.007 G: 2.153 NCE: 1.477 NCE_Y: 0.851 
(epoch: 52, iters: 6160, time: 0.052, data: 0.001) G_GAN: 0.976 D_real: 0.004 D_fake: 0.007 G: 2.140 NCE: 1.507 NCE_Y: 0.822 
(epoch: 52, iters: 6260, time: 0.052, data: 0.001) G_GAN: 0.988 D_real: 0.002 D_fake: 0.004 G: 2.143 NCE: 1.464 NCE_Y: 0.846 
(epoch: 52, iters: 6360, time: 0.053, data: 0.002) G_GAN: 1.023 D_real: 0.003 D_fake: 0.005 G: 2.210 NCE: 1.543 NCE_Y: 0.830 
(epoch: 52, iters: 6460, time: 0.053, data: 0.002) G_GAN: 1.009 D_real: 0.001 D_fake: 0.004 G: 2.187 NCE: 1.520 NCE_Y: 0.835 
(epoch: 52, iters: 6560, time: 0.053, data: 0.001) G_GAN: 0.968 D_real: 0.001 D_fake: 0.005 G: 2.143 NCE: 1.520 NCE_Y: 0.830 
(epoch: 52, iters: 6660, time: 0.052, data: 0.002) G_GAN: 1.013 D_real: 0.002 D_fake: 0.004 G: 2.179 NCE: 1.502 NCE_Y: 0.829 
(epoch: 52, iters: 6760, time: 0.053, data: 0.001) G_GAN: 0.979 D_real: 0.001 D_fake: 0.004 G: 2.128 NCE: 1.481 NCE_Y: 0.819 
(epoch: 52, iters: 6860, time: 0.053, data: 0.002) G_GAN: 0.994 D_real: 0.003 D_fake: 0.004 G: 2.129 NCE: 1.449 NCE_Y: 0.821 
(epoch: 52, iters: 6960, time: 0.053, data: 0.002) G_GAN: 1.016 D_real: 0.003 D_fake: 0.003 G: 2.126 NCE: 1.405 NCE_Y: 0.815 
(epoch: 52, iters: 7060, time: 0.052, data: 0.001) G_GAN: 0.992 D_real: 0.002 D_fake: 0.006 G: 2.147 NCE: 1.470 NCE_Y: 0.840 
(epoch: 52, iters: 7160, time: 0.053, data: 0.002) G_GAN: 1.009 D_real: 0.004 D_fake: 0.003 G: 2.178 NCE: 1.464 NCE_Y: 0.874 
(epoch: 52, iters: 7260, time: 0.053, data: 0.001) G_GAN: 0.988 D_real: 0.002 D_fake: 0.007 G: 2.124 NCE: 1.448 NCE_Y: 0.824 
(epoch: 52, iters: 7360, time: 0.054, data: 0.001) G_GAN: 1.036 D_real: 0.003 D_fake: 0.013 G: 2.167 NCE: 1.463 NCE_Y: 0.800 
(epoch: 52, iters: 7460, time: 0.054, data: 0.001) G_GAN: 0.993 D_real: 0.004 D_fake: 0.020 G: 2.173 NCE: 1.528 NCE_Y: 0.831 
(epoch: 52, iters: 7560, time: 0.054, data: 0.001) G_GAN: 0.989 D_real: 0.003 D_fake: 0.015 G: 2.094 NCE: 1.378 NCE_Y: 0.832 
(epoch: 52, iters: 7660, time: 0.053, data: 0.001) G_GAN: 1.345 D_real: 0.005 D_fake: 0.074 G: 2.440 NCE: 1.370 NCE_Y: 0.821 
(epoch: 52, iters: 7760, time: 0.053, data: 0.002) G_GAN: 0.942 D_real: 0.006 D_fake: 0.014 G: 2.013 NCE: 1.333 NCE_Y: 0.810 
(epoch: 52, iters: 7860, time: 0.054, data: 0.001) G_GAN: 0.915 D_real: 0.006 D_fake: 0.011 G: 2.050 NCE: 1.445 NCE_Y: 0.826 
(epoch: 52, iters: 7960, time: 0.054, data: 0.001) G_GAN: 1.081 D_real: 0.002 D_fake: 0.010 G: 2.186 NCE: 1.383 NCE_Y: 0.827 
End of epoch 52 / 60 	 Time Taken: 440 sec
learning rate = 0.0000516
(epoch: 53, iters: 20, time: 0.053, data: 0.001) G_GAN: 1.022 D_real: 0.003 D_fake: 0.012 G: 2.117 NCE: 1.353 NCE_Y: 0.838 
(epoch: 53, iters: 120, time: 0.054, data: 0.001) G_GAN: 1.022 D_real: 0.002 D_fake: 0.005 G: 2.121 NCE: 1.363 NCE_Y: 0.835 
(epoch: 53, iters: 220, time: 0.054, data: 0.002) G_GAN: 0.973 D_real: 0.004 D_fake: 0.009 G: 2.063 NCE: 1.339 NCE_Y: 0.839 
(epoch: 53, iters: 320, time: 0.053, data: 0.001) G_GAN: 0.987 D_real: 0.005 D_fake: 0.010 G: 2.104 NCE: 1.381 NCE_Y: 0.853 
(epoch: 53, iters: 420, time: 0.053, data: 0.002) G_GAN: 0.962 D_real: 0.003 D_fake: 0.011 G: 2.083 NCE: 1.377 NCE_Y: 0.867 
(epoch: 53, iters: 520, time: 0.053, data: 0.005) G_GAN: 1.074 D_real: 0.002 D_fake: 0.011 G: 2.204 NCE: 1.444 NCE_Y: 0.817 
(epoch: 53, iters: 620, time: 0.053, data: 0.001) G_GAN: 0.999 D_real: 0.001 D_fake: 0.007 G: 2.125 NCE: 1.391 NCE_Y: 0.860 
(epoch: 53, iters: 720, time: 0.053, data: 0.001) G_GAN: 1.010 D_real: 0.001 D_fake: 0.006 G: 2.136 NCE: 1.418 NCE_Y: 0.835 
(epoch: 53, iters: 820, time: 0.053, data: 0.001) G_GAN: 1.052 D_real: 0.002 D_fake: 0.009 G: 2.150 NCE: 1.387 NCE_Y: 0.810 
(epoch: 53, iters: 920, time: 0.053, data: 0.001) G_GAN: 1.034 D_real: 0.001 D_fake: 0.006 G: 2.114 NCE: 1.363 NCE_Y: 0.797 
(epoch: 53, iters: 1020, time: 0.053, data: 0.001) G_GAN: 0.964 D_real: 0.004 D_fake: 0.006 G: 2.126 NCE: 1.473 NCE_Y: 0.851 
(epoch: 53, iters: 1120, time: 0.053, data: 0.001) G_GAN: 1.009 D_real: 0.001 D_fake: 0.005 G: 2.092 NCE: 1.373 NCE_Y: 0.793 
(epoch: 53, iters: 1220, time: 0.053, data: 0.001) G_GAN: 1.000 D_real: 0.001 D_fake: 0.003 G: 2.092 NCE: 1.373 NCE_Y: 0.812 
(epoch: 53, iters: 1320, time: 0.053, data: 0.002) G_GAN: 1.074 D_real: 0.002 D_fake: 0.007 G: 2.179 NCE: 1.385 NCE_Y: 0.825 
(epoch: 53, iters: 1420, time: 0.053, data: 0.001) G_GAN: 1.060 D_real: 0.001 D_fake: 0.010 G: 2.152 NCE: 1.375 NCE_Y: 0.809 
(epoch: 53, iters: 1520, time: 0.053, data: 0.001) G_GAN: 1.038 D_real: 0.003 D_fake: 0.008 G: 2.155 NCE: 1.402 NCE_Y: 0.833 
(epoch: 53, iters: 1620, time: 0.053, data: 0.001) G_GAN: 0.950 D_real: 0.003 D_fake: 0.006 G: 2.066 NCE: 1.392 NCE_Y: 0.840 
(epoch: 53, iters: 1720, time: 0.053, data: 0.001) G_GAN: 0.997 D_real: 0.003 D_fake: 0.003 G: 2.081 NCE: 1.372 NCE_Y: 0.796 
(epoch: 53, iters: 1820, time: 0.053, data: 0.002) G_GAN: 1.049 D_real: 0.003 D_fake: 0.006 G: 2.179 NCE: 1.390 NCE_Y: 0.869 
(epoch: 53, iters: 1920, time: 0.053, data: 0.001) G_GAN: 1.024 D_real: 0.001 D_fake: 0.004 G: 2.113 NCE: 1.367 NCE_Y: 0.811 
saving the latest model (epoch 53, total_iters 420000)
doctr_SELFF_to_SD_fixed_nl2
(epoch: 53, iters: 2020, time: 0.053, data: 0.001) G_GAN: 0.980 D_real: 0.003 D_fake: 0.004 G: 2.086 NCE: 1.425 NCE_Y: 0.788 
(epoch: 53, iters: 2120, time: 0.053, data: 0.001) G_GAN: 1.010 D_real: 0.005 D_fake: 0.006 G: 2.116 NCE: 1.358 NCE_Y: 0.854 
(epoch: 53, iters: 2220, time: 0.052, data: 0.001) G_GAN: 0.979 D_real: 0.002 D_fake: 0.004 G: 2.118 NCE: 1.452 NCE_Y: 0.826 
(epoch: 53, iters: 2320, time: 0.052, data: 0.001) G_GAN: 1.002 D_real: 0.002 D_fake: 0.003 G: 2.079 NCE: 1.347 NCE_Y: 0.807 
(epoch: 53, iters: 2420, time: 0.053, data: 0.001) G_GAN: 0.963 D_real: 0.004 D_fake: 0.006 G: 2.061 NCE: 1.345 NCE_Y: 0.852 
(epoch: 53, iters: 2520, time: 0.053, data: 0.001) G_GAN: 1.033 D_real: 0.002 D_fake: 0.005 G: 2.162 NCE: 1.417 NCE_Y: 0.842 
(epoch: 53, iters: 2620, time: 0.053, data: 0.001) G_GAN: 1.019 D_real: 0.002 D_fake: 0.004 G: 2.070 NCE: 1.312 NCE_Y: 0.790 
(epoch: 53, iters: 2720, time: 0.053, data: 0.002) G_GAN: 0.983 D_real: 0.003 D_fake: 0.003 G: 2.063 NCE: 1.324 NCE_Y: 0.836 
(epoch: 53, iters: 2820, time: 0.053, data: 0.001) G_GAN: 0.985 D_real: 0.001 D_fake: 0.004 G: 2.070 NCE: 1.300 NCE_Y: 0.869 
(epoch: 53, iters: 2920, time: 0.053, data: 0.001) G_GAN: 1.001 D_real: 0.002 D_fake: 0.002 G: 2.084 NCE: 1.344 NCE_Y: 0.821 
(epoch: 53, iters: 3020, time: 0.053, data: 0.001) G_GAN: 1.007 D_real: 0.002 D_fake: 0.003 G: 2.090 NCE: 1.350 NCE_Y: 0.816 
(epoch: 53, iters: 3120, time: 0.053, data: 0.007) G_GAN: 1.017 D_real: 0.003 D_fake: 0.004 G: 2.130 NCE: 1.398 NCE_Y: 0.827 
(epoch: 53, iters: 3220, time: 0.053, data: 0.001) G_GAN: 1.004 D_real: 0.001 D_fake: 0.004 G: 2.056 NCE: 1.323 NCE_Y: 0.780 
(epoch: 53, iters: 3320, time: 0.053, data: 0.001) G_GAN: 1.015 D_real: 0.003 D_fake: 0.002 G: 2.081 NCE: 1.320 NCE_Y: 0.814 
(epoch: 53, iters: 3420, time: 0.054, data: 0.001) G_GAN: 1.009 D_real: 0.001 D_fake: 0.002 G: 2.069 NCE: 1.310 NCE_Y: 0.811 
(epoch: 53, iters: 3520, time: 0.054, data: 0.001) G_GAN: 0.999 D_real: 0.001 D_fake: 0.003 G: 2.060 NCE: 1.327 NCE_Y: 0.795 
(epoch: 53, iters: 3620, time: 0.054, data: 0.001) G_GAN: 0.957 D_real: 0.003 D_fake: 0.003 G: 2.036 NCE: 1.338 NCE_Y: 0.821 
(epoch: 53, iters: 3720, time: 0.053, data: 0.003) G_GAN: 0.993 D_real: 0.001 D_fake: 0.003 G: 2.056 NCE: 1.321 NCE_Y: 0.805 
(epoch: 53, iters: 3820, time: 0.053, data: 0.001) G_GAN: 0.987 D_real: 0.001 D_fake: 0.004 G: 2.047 NCE: 1.313 NCE_Y: 0.805 
(epoch: 53, iters: 3920, time: 0.054, data: 0.001) G_GAN: 0.974 D_real: 0.001 D_fake: 0.002 G: 2.050 NCE: 1.342 NCE_Y: 0.810 
(epoch: 53, iters: 4020, time: 0.053, data: 0.001) G_GAN: 1.005 D_real: 0.002 D_fake: 0.002 G: 2.085 NCE: 1.310 NCE_Y: 0.850 
(epoch: 53, iters: 4120, time: 0.054, data: 0.001) G_GAN: 1.029 D_real: 0.001 D_fake: 0.002 G: 2.104 NCE: 1.355 NCE_Y: 0.793 
(epoch: 53, iters: 4220, time: 0.054, data: 0.001) G_GAN: 0.988 D_real: 0.003 D_fake: 0.003 G: 2.057 NCE: 1.308 NCE_Y: 0.831 
(epoch: 53, iters: 4320, time: 0.053, data: 0.001) G_GAN: 1.008 D_real: 0.001 D_fake: 0.002 G: 2.148 NCE: 1.487 NCE_Y: 0.793 
(epoch: 53, iters: 4420, time: 0.053, data: 0.001) G_GAN: 1.022 D_real: 0.002 D_fake: 0.004 G: 2.063 NCE: 1.303 NCE_Y: 0.779 
(epoch: 53, iters: 4520, time: 0.053, data: 0.001) G_GAN: 0.971 D_real: 0.002 D_fake: 0.002 G: 2.082 NCE: 1.380 NCE_Y: 0.841 
(epoch: 53, iters: 4620, time: 0.053, data: 0.001) G_GAN: 1.033 D_real: 0.001 D_fake: 0.002 G: 2.074 NCE: 1.296 NCE_Y: 0.787 
(epoch: 53, iters: 4720, time: 0.053, data: 0.001) G_GAN: 0.995 D_real: 0.002 D_fake: 0.003 G: 2.054 NCE: 1.293 NCE_Y: 0.824 
(epoch: 53, iters: 4820, time: 0.053, data: 0.001) G_GAN: 1.007 D_real: 0.002 D_fake: 0.002 G: 2.066 NCE: 1.311 NCE_Y: 0.808 
(epoch: 53, iters: 4920, time: 0.053, data: 0.001) G_GAN: 1.013 D_real: 0.003 D_fake: 0.002 G: 2.075 NCE: 1.328 NCE_Y: 0.798 
(epoch: 53, iters: 5020, time: 0.052, data: 0.001) G_GAN: 1.011 D_real: 0.001 D_fake: 0.002 G: 2.050 NCE: 1.278 NCE_Y: 0.800 
(epoch: 53, iters: 5120, time: 0.052, data: 0.001) G_GAN: 1.009 D_real: 0.001 D_fake: 0.002 G: 2.080 NCE: 1.270 NCE_Y: 0.870 
(epoch: 53, iters: 5220, time: 0.053, data: 0.001) G_GAN: 1.006 D_real: 0.002 D_fake: 0.003 G: 2.052 NCE: 1.294 NCE_Y: 0.798 
(epoch: 53, iters: 5320, time: 0.053, data: 0.001) G_GAN: 1.007 D_real: 0.002 D_fake: 0.001 G: 2.037 NCE: 1.260 NCE_Y: 0.799 
(epoch: 53, iters: 5420, time: 0.054, data: 0.001) G_GAN: 1.001 D_real: 0.001 D_fake: 0.002 G: 2.037 NCE: 1.273 NCE_Y: 0.799 
(epoch: 53, iters: 5520, time: 0.053, data: 0.001) G_GAN: 1.035 D_real: 0.005 D_fake: 0.002 G: 2.058 NCE: 1.244 NCE_Y: 0.801 
(epoch: 53, iters: 5620, time: 0.053, data: 0.002) G_GAN: 0.993 D_real: 0.002 D_fake: 0.001 G: 2.032 NCE: 1.272 NCE_Y: 0.806 
(epoch: 53, iters: 5720, time: 0.053, data: 0.001) G_GAN: 1.014 D_real: 0.001 D_fake: 0.001 G: 2.073 NCE: 1.283 NCE_Y: 0.835 
(epoch: 53, iters: 5820, time: 0.052, data: 0.001) G_GAN: 1.003 D_real: 0.002 D_fake: 0.002 G: 2.034 NCE: 1.258 NCE_Y: 0.804 
(epoch: 53, iters: 5920, time: 0.053, data: 0.001) G_GAN: 1.000 D_real: 0.001 D_fake: 0.001 G: 2.005 NCE: 1.225 NCE_Y: 0.785 
(epoch: 53, iters: 6020, time: 0.053, data: 0.002) G_GAN: 1.020 D_real: 0.001 D_fake: 0.001 G: 2.053 NCE: 1.250 NCE_Y: 0.817 
(epoch: 53, iters: 6120, time: 0.052, data: 0.001) G_GAN: 1.012 D_real: 0.001 D_fake: 0.001 G: 2.049 NCE: 1.271 NCE_Y: 0.802 
(epoch: 53, iters: 6220, time: 0.053, data: 0.001) G_GAN: 0.994 D_real: 0.001 D_fake: 0.000 G: 2.026 NCE: 1.237 NCE_Y: 0.828 
(epoch: 53, iters: 6320, time: 0.053, data: 0.001) G_GAN: 0.992 D_real: 0.001 D_fake: 0.000 G: 2.011 NCE: 1.235 NCE_Y: 0.803 
(epoch: 53, iters: 6420, time: 0.053, data: 0.002) G_GAN: 0.995 D_real: 0.001 D_fake: 0.001 G: 2.059 NCE: 1.277 NCE_Y: 0.851 
(epoch: 53, iters: 6520, time: 0.053, data: 0.001) G_GAN: 0.984 D_real: 0.001 D_fake: 0.001 G: 1.993 NCE: 1.223 NCE_Y: 0.795 
(epoch: 53, iters: 6620, time: 0.053, data: 0.001) G_GAN: 1.013 D_real: 0.053 D_fake: 0.023 G: 2.046 NCE: 1.251 NCE_Y: 0.814 
(epoch: 53, iters: 6720, time: 0.053, data: 0.001) G_GAN: 0.993 D_real: 0.001 D_fake: 0.001 G: 2.059 NCE: 1.255 NCE_Y: 0.877 
(epoch: 53, iters: 6820, time: 0.052, data: 0.002) G_GAN: 1.004 D_real: 0.001 D_fake: 0.001 G: 2.021 NCE: 1.236 NCE_Y: 0.798 
(epoch: 53, iters: 6920, time: 0.053, data: 0.001) G_GAN: 1.001 D_real: 0.001 D_fake: 0.001 G: 2.044 NCE: 1.239 NCE_Y: 0.848 
saving the latest model (epoch 53, total_iters 425000)
doctr_SELFF_to_SD_fixed_nl2
(epoch: 53, iters: 7020, time: 0.053, data: 0.001) G_GAN: 0.998 D_real: 0.000 D_fake: 0.001 G: 2.015 NCE: 1.238 NCE_Y: 0.796 
(epoch: 53, iters: 7120, time: 0.053, data: 0.002) G_GAN: 0.994 D_real: 0.001 D_fake: 0.001 G: 2.031 NCE: 1.242 NCE_Y: 0.833 
(epoch: 53, iters: 7220, time: 0.053, data: 0.001) G_GAN: 1.007 D_real: 0.000 D_fake: 0.001 G: 2.014 NCE: 1.231 NCE_Y: 0.783 
(epoch: 53, iters: 7320, time: 0.053, data: 0.002) G_GAN: 0.996 D_real: 0.001 D_fake: 0.000 G: 2.026 NCE: 1.248 NCE_Y: 0.811 
(epoch: 53, iters: 7420, time: 0.053, data: 0.001) G_GAN: 1.009 D_real: 0.001 D_fake: 0.001 G: 2.039 NCE: 1.253 NCE_Y: 0.807 
(epoch: 53, iters: 7520, time: 0.052, data: 0.002) G_GAN: 0.994 D_real: 0.001 D_fake: 0.001 G: 2.033 NCE: 1.238 NCE_Y: 0.839 
(epoch: 53, iters: 7620, time: 0.053, data: 0.001) G_GAN: 1.016 D_real: 0.001 D_fake: 0.001 G: 2.037 NCE: 1.227 NCE_Y: 0.813 
(epoch: 53, iters: 7720, time: 0.052, data: 0.001) G_GAN: 0.993 D_real: 0.001 D_fake: 0.001 G: 2.021 NCE: 1.244 NCE_Y: 0.811 
(epoch: 53, iters: 7820, time: 0.052, data: 0.001) G_GAN: 1.000 D_real: 0.001 D_fake: 0.001 G: 2.030 NCE: 1.241 NCE_Y: 0.819 
(epoch: 53, iters: 7920, time: 0.052, data: 0.001) G_GAN: 0.988 D_real: 0.002 D_fake: 0.001 G: 2.005 NCE: 1.226 NCE_Y: 0.808 
(epoch: 53, iters: 8020, time: 0.052, data: 0.001) G_GAN: 1.006 D_real: 0.001 D_fake: 0.001 G: 2.030 NCE: 1.243 NCE_Y: 0.805 
End of epoch 53 / 60 	 Time Taken: 443 sec
learning rate = 0.0000452
(epoch: 54, iters: 80, time: 0.052, data: 0.001) G_GAN: 1.002 D_real: 0.001 D_fake: 0.000 G: 2.021 NCE: 1.239 NCE_Y: 0.798 
(epoch: 54, iters: 180, time: 0.052, data: 0.001) G_GAN: 1.008 D_real: 0.001 D_fake: 0.001 G: 2.049 NCE: 1.241 NCE_Y: 0.840 
(epoch: 54, iters: 280, time: 0.053, data: 0.001) G_GAN: 1.007 D_real: 0.001 D_fake: 0.001 G: 2.051 NCE: 1.247 NCE_Y: 0.841 
(epoch: 54, iters: 380, time: 0.053, data: 0.001) G_GAN: 0.988 D_real: 0.001 D_fake: 0.001 G: 2.021 NCE: 1.254 NCE_Y: 0.813 
(epoch: 54, iters: 480, time: 0.053, data: 0.002) G_GAN: 0.992 D_real: 0.002 D_fake: 0.001 G: 2.038 NCE: 1.313 NCE_Y: 0.780 
(epoch: 54, iters: 580, time: 0.053, data: 0.001) G_GAN: 1.012 D_real: 0.001 D_fake: 0.001 G: 2.020 NCE: 1.241 NCE_Y: 0.776 
(epoch: 54, iters: 680, time: 0.053, data: 0.001) G_GAN: 1.008 D_real: 0.001 D_fake: 0.007 G: 2.075 NCE: 1.320 NCE_Y: 0.813 
(epoch: 54, iters: 780, time: 0.052, data: 0.001) G_GAN: 1.000 D_real: 0.001 D_fake: 0.001 G: 2.033 NCE: 1.275 NCE_Y: 0.791 
(epoch: 54, iters: 880, time: 0.053, data: 0.001) G_GAN: 0.985 D_real: 0.001 D_fake: 0.001 G: 2.035 NCE: 1.307 NCE_Y: 0.793 
(epoch: 54, iters: 980, time: 0.053, data: 0.001) G_GAN: 0.996 D_real: 0.001 D_fake: 0.001 G: 2.035 NCE: 1.266 NCE_Y: 0.812 
(epoch: 54, iters: 1080, time: 0.052, data: 0.001) G_GAN: 0.992 D_real: 0.001 D_fake: 0.001 G: 2.010 NCE: 1.260 NCE_Y: 0.774 
(epoch: 54, iters: 1180, time: 0.051, data: 0.002) G_GAN: 1.015 D_real: 0.001 D_fake: 0.002 G: 2.033 NCE: 1.249 NCE_Y: 0.788 
(epoch: 54, iters: 1280, time: 0.051, data: 0.001) G_GAN: 1.007 D_real: 0.001 D_fake: 0.002 G: 2.028 NCE: 1.255 NCE_Y: 0.787 
(epoch: 54, iters: 1380, time: 0.052, data: 0.001) G_GAN: 0.987 D_real: 0.001 D_fake: 0.001 G: 2.018 NCE: 1.252 NCE_Y: 0.811 
(epoch: 54, iters: 1480, time: 0.052, data: 0.001) G_GAN: 1.011 D_real: 0.000 D_fake: 0.002 G: 2.028 NCE: 1.250 NCE_Y: 0.784 
(epoch: 54, iters: 1580, time: 0.053, data: 0.001) G_GAN: 1.013 D_real: 0.001 D_fake: 0.002 G: 2.055 NCE: 1.277 NCE_Y: 0.807 
(epoch: 54, iters: 1680, time: 0.052, data: 0.005) G_GAN: 1.018 D_real: 0.002 D_fake: 0.001 G: 2.054 NCE: 1.264 NCE_Y: 0.808 
(epoch: 54, iters: 1780, time: 0.052, data: 0.002) G_GAN: 1.012 D_real: 0.001 D_fake: 0.002 G: 2.044 NCE: 1.245 NCE_Y: 0.819 
(epoch: 54, iters: 1880, time: 0.052, data: 0.001) G_GAN: 0.997 D_real: 0.001 D_fake: 0.001 G: 2.056 NCE: 1.287 NCE_Y: 0.830 
(epoch: 54, iters: 1980, time: 0.052, data: 0.001) G_GAN: 0.999 D_real: 0.001 D_fake: 0.001 G: 2.030 NCE: 1.261 NCE_Y: 0.803 
(epoch: 54, iters: 2080, time: 0.052, data: 0.001) G_GAN: 1.012 D_real: 0.001 D_fake: 0.001 G: 2.042 NCE: 1.277 NCE_Y: 0.784 
(epoch: 54, iters: 2180, time: 0.052, data: 0.001) G_GAN: 0.995 D_real: 0.001 D_fake: 0.001 G: 2.028 NCE: 1.279 NCE_Y: 0.788 
(epoch: 54, iters: 2280, time: 0.052, data: 0.001) G_GAN: 1.022 D_real: 0.001 D_fake: 0.001 G: 2.052 NCE: 1.283 NCE_Y: 0.776 
(epoch: 54, iters: 2380, time: 0.052, data: 0.001) G_GAN: 1.000 D_real: 0.001 D_fake: 0.001 G: 2.043 NCE: 1.283 NCE_Y: 0.801 
(epoch: 54, iters: 2480, time: 0.052, data: 0.001) G_GAN: 0.999 D_real: 0.001 D_fake: 0.001 G: 2.016 NCE: 1.258 NCE_Y: 0.776 
(epoch: 54, iters: 2580, time: 0.052, data: 0.001) G_GAN: 1.010 D_real: 0.001 D_fake: 0.001 G: 2.057 NCE: 1.320 NCE_Y: 0.774 
(epoch: 54, iters: 2680, time: 0.052, data: 0.002) G_GAN: 1.003 D_real: 0.001 D_fake: 0.001 G: 2.044 NCE: 1.254 NCE_Y: 0.828 
(epoch: 54, iters: 2780, time: 0.053, data: 0.001) G_GAN: 1.048 D_real: 0.003 D_fake: 0.001 G: 2.139 NCE: 1.351 NCE_Y: 0.830 
(epoch: 54, iters: 2880, time: 0.053, data: 0.002) G_GAN: 0.992 D_real: 0.001 D_fake: 0.001 G: 2.043 NCE: 1.294 NCE_Y: 0.807 
(epoch: 54, iters: 2980, time: 0.053, data: 0.001) G_GAN: 1.019 D_real: 0.001 D_fake: 0.001 G: 2.037 NCE: 1.264 NCE_Y: 0.772 
(epoch: 54, iters: 3080, time: 0.052, data: 0.001) G_GAN: 0.993 D_real: 0.001 D_fake: 0.001 G: 2.042 NCE: 1.305 NCE_Y: 0.792 
(epoch: 54, iters: 3180, time: 0.052, data: 0.001) G_GAN: 1.001 D_real: 0.000 D_fake: 0.001 G: 2.028 NCE: 1.242 NCE_Y: 0.813 
(epoch: 54, iters: 3280, time: 0.053, data: 0.001) G_GAN: 1.001 D_real: 0.001 D_fake: 0.001 G: 2.072 NCE: 1.301 NCE_Y: 0.841 
(epoch: 54, iters: 3380, time: 0.053, data: 0.001) G_GAN: 0.987 D_real: 0.001 D_fake: 0.001 G: 2.051 NCE: 1.343 NCE_Y: 0.787 
(epoch: 54, iters: 3480, time: 0.053, data: 0.001) G_GAN: 0.989 D_real: 0.000 D_fake: 0.001 G: 2.029 NCE: 1.268 NCE_Y: 0.813 
(epoch: 54, iters: 3580, time: 0.053, data: 0.001) G_GAN: 1.002 D_real: 0.001 D_fake: 0.001 G: 2.067 NCE: 1.314 NCE_Y: 0.817 
(epoch: 54, iters: 3680, time: 0.053, data: 0.001) G_GAN: 0.989 D_real: 0.001 D_fake: 0.001 G: 2.051 NCE: 1.329 NCE_Y: 0.796 
(epoch: 54, iters: 3780, time: 0.053, data: 0.001) G_GAN: 1.004 D_real: 0.001 D_fake: 0.002 G: 2.053 NCE: 1.324 NCE_Y: 0.775 
(epoch: 54, iters: 3880, time: 0.053, data: 0.001) G_GAN: 0.988 D_real: 0.001 D_fake: 0.001 G: 2.073 NCE: 1.393 NCE_Y: 0.776 
saving the latest model (epoch 54, total_iters 430000)
doctr_SELFF_to_SD_fixed_nl2
(epoch: 54, iters: 3980, time: 0.052, data: 0.001) G_GAN: 1.014 D_real: 0.001 D_fake: 0.003 G: 2.064 NCE: 1.290 NCE_Y: 0.810 
(epoch: 54, iters: 4080, time: 0.051, data: 0.001) G_GAN: 1.007 D_real: 0.001 D_fake: 0.004 G: 2.106 NCE: 1.350 NCE_Y: 0.848 
(epoch: 54, iters: 4180, time: 0.051, data: 0.001) G_GAN: 1.006 D_real: 0.000 D_fake: 0.002 G: 2.070 NCE: 1.354 NCE_Y: 0.773 
(epoch: 54, iters: 4280, time: 0.051, data: 0.001) G_GAN: 1.008 D_real: 0.000 D_fake: 0.001 G: 2.048 NCE: 1.255 NCE_Y: 0.824 
(epoch: 54, iters: 4380, time: 0.051, data: 0.001) G_GAN: 0.987 D_real: 0.000 D_fake: 0.001 G: 2.010 NCE: 1.265 NCE_Y: 0.783 
(epoch: 54, iters: 4480, time: 0.052, data: 0.001) G_GAN: 1.004 D_real: 0.001 D_fake: 0.001 G: 2.039 NCE: 1.287 NCE_Y: 0.784 
(epoch: 54, iters: 4580, time: 0.053, data: 0.002) G_GAN: 0.982 D_real: 0.001 D_fake: 0.001 G: 2.040 NCE: 1.317 NCE_Y: 0.799 
(epoch: 54, iters: 4680, time: 0.053, data: 0.002) G_GAN: 0.989 D_real: 0.000 D_fake: 0.001 G: 2.060 NCE: 1.303 NCE_Y: 0.839 
(epoch: 54, iters: 4780, time: 0.053, data: 0.001) G_GAN: 0.986 D_real: 0.000 D_fake: 0.001 G: 2.056 NCE: 1.339 NCE_Y: 0.801 
(epoch: 54, iters: 4880, time: 0.053, data: 0.001) G_GAN: 1.005 D_real: 0.000 D_fake: 0.002 G: 2.036 NCE: 1.279 NCE_Y: 0.784 
(epoch: 54, iters: 4980, time: 0.053, data: 0.001) G_GAN: 1.007 D_real: 0.001 D_fake: 0.001 G: 2.045 NCE: 1.277 NCE_Y: 0.799 
(epoch: 54, iters: 5080, time: 0.053, data: 0.002) G_GAN: 0.995 D_real: 0.001 D_fake: 0.001 G: 2.039 NCE: 1.288 NCE_Y: 0.800 
(epoch: 54, iters: 5180, time: 0.053, data: 0.001) G_GAN: 0.984 D_real: 0.001 D_fake: 0.001 G: 2.024 NCE: 1.282 NCE_Y: 0.796 
(epoch: 54, iters: 5280, time: 0.054, data: 0.001) G_GAN: 1.002 D_real: 0.000 D_fake: 0.001 G: 2.031 NCE: 1.272 NCE_Y: 0.786 
(epoch: 54, iters: 5380, time: 0.054, data: 0.001) G_GAN: 1.008 D_real: 0.000 D_fake: 0.002 G: 2.049 NCE: 1.286 NCE_Y: 0.795 
(epoch: 54, iters: 5480, time: 0.053, data: 0.001) G_GAN: 0.997 D_real: 0.001 D_fake: 0.001 G: 2.059 NCE: 1.280 NCE_Y: 0.843 
(epoch: 54, iters: 5580, time: 0.053, data: 0.002) G_GAN: 0.987 D_real: 0.001 D_fake: 0.002 G: 2.005 NCE: 1.246 NCE_Y: 0.789 
(epoch: 54, iters: 5680, time: 0.053, data: 0.001) G_GAN: 0.997 D_real: 0.000 D_fake: 0.001 G: 2.029 NCE: 1.268 NCE_Y: 0.798 
(epoch: 54, iters: 5780, time: 0.052, data: 0.001) G_GAN: 0.997 D_real: 0.000 D_fake: 0.001 G: 2.039 NCE: 1.247 NCE_Y: 0.838 
(epoch: 54, iters: 5880, time: 0.053, data: 0.001) G_GAN: 0.999 D_real: 0.000 D_fake: 0.002 G: 2.100 NCE: 1.423 NCE_Y: 0.779 
(epoch: 54, iters: 5980, time: 0.053, data: 0.001) G_GAN: 1.009 D_real: 0.000 D_fake: 0.001 G: 2.075 NCE: 1.340 NCE_Y: 0.792 
(epoch: 54, iters: 6080, time: 0.053, data: 0.001) G_GAN: 0.999 D_real: 0.001 D_fake: 0.002 G: 2.017 NCE: 1.250 NCE_Y: 0.786 
(epoch: 54, iters: 6180, time: 0.053, data: 0.001) G_GAN: 1.003 D_real: 0.000 D_fake: 0.002 G: 2.010 NCE: 1.227 NCE_Y: 0.787 
(epoch: 54, iters: 6280, time: 0.052, data: 0.001) G_GAN: 0.996 D_real: 0.000 D_fake: 0.001 G: 2.009 NCE: 1.232 NCE_Y: 0.794 
(epoch: 54, iters: 6380, time: 0.053, data: 0.001) G_GAN: 1.000 D_real: 0.001 D_fake: 0.001 G: 2.001 NCE: 1.231 NCE_Y: 0.771 
(epoch: 54, iters: 6480, time: 0.053, data: 0.001) G_GAN: 0.987 D_real: 0.001 D_fake: 0.001 G: 2.011 NCE: 1.242 NCE_Y: 0.807 
(epoch: 54, iters: 6580, time: 0.053, data: 0.001) G_GAN: 1.005 D_real: 0.000 D_fake: 0.001 G: 2.037 NCE: 1.285 NCE_Y: 0.778 
(epoch: 54, iters: 6680, time: 0.053, data: 0.001) G_GAN: 1.012 D_real: 0.000 D_fake: 0.001 G: 2.011 NCE: 1.218 NCE_Y: 0.781 
(epoch: 54, iters: 6780, time: 0.052, data: 0.001) G_GAN: 1.018 D_real: 0.001 D_fake: 0.001 G: 2.035 NCE: 1.233 NCE_Y: 0.802 
(epoch: 54, iters: 6880, time: 0.052, data: 0.002) G_GAN: 1.003 D_real: 0.000 D_fake: 0.002 G: 2.019 NCE: 1.222 NCE_Y: 0.810 
(epoch: 54, iters: 6980, time: 0.053, data: 0.001) G_GAN: 0.977 D_real: 0.001 D_fake: 0.002 G: 2.009 NCE: 1.261 NCE_Y: 0.803 
(epoch: 54, iters: 7080, time: 0.053, data: 0.001) G_GAN: 0.996 D_real: 0.001 D_fake: 0.001 G: 2.010 NCE: 1.256 NCE_Y: 0.773 
(epoch: 54, iters: 7180, time: 0.053, data: 0.001) G_GAN: 0.994 D_real: 0.000 D_fake: 0.001 G: 2.011 NCE: 1.229 NCE_Y: 0.805 
(epoch: 54, iters: 7280, time: 0.053, data: 0.001) G_GAN: 0.996 D_real: 0.000 D_fake: 0.002 G: 2.066 NCE: 1.336 NCE_Y: 0.805 
(epoch: 54, iters: 7380, time: 0.053, data: 0.001) G_GAN: 0.991 D_real: 0.000 D_fake: 0.000 G: 1.992 NCE: 1.216 NCE_Y: 0.785 
(epoch: 54, iters: 7480, time: 0.053, data: 0.002) G_GAN: 0.992 D_real: 0.001 D_fake: 0.000 G: 1.994 NCE: 1.209 NCE_Y: 0.793 
(epoch: 54, iters: 7580, time: 0.053, data: 0.001) G_GAN: 1.017 D_real: 0.001 D_fake: 0.001 G: 2.034 NCE: 1.264 NCE_Y: 0.769 
(epoch: 54, iters: 7680, time: 0.053, data: 0.001) G_GAN: 1.006 D_real: 0.000 D_fake: 0.001 G: 2.005 NCE: 1.230 NCE_Y: 0.768 
(epoch: 54, iters: 7780, time: 0.052, data: 0.001) G_GAN: 0.990 D_real: 0.001 D_fake: 0.001 G: 1.995 NCE: 1.205 NCE_Y: 0.804 
(epoch: 54, iters: 7880, time: 0.052, data: 0.001) G_GAN: 1.000 D_real: 0.001 D_fake: 0.001 G: 2.050 NCE: 1.244 NCE_Y: 0.856 
(epoch: 54, iters: 7980, time: 0.052, data: 0.002) G_GAN: 0.992 D_real: 0.000 D_fake: 0.000 G: 2.011 NCE: 1.249 NCE_Y: 0.790 
End of epoch 54 / 60 	 Time Taken: 440 sec
learning rate = 0.0000387
(epoch: 55, iters: 40, time: 0.053, data: 0.001) G_GAN: 0.992 D_real: 0.000 D_fake: 0.001 G: 1.992 NCE: 1.225 NCE_Y: 0.774 
(epoch: 55, iters: 140, time: 0.053, data: 0.001) G_GAN: 1.003 D_real: 0.000 D_fake: 0.000 G: 2.030 NCE: 1.249 NCE_Y: 0.804 
(epoch: 55, iters: 240, time: 0.054, data: 0.001) G_GAN: 1.003 D_real: 0.001 D_fake: 0.000 G: 2.018 NCE: 1.227 NCE_Y: 0.803 
(epoch: 55, iters: 340, time: 0.053, data: 0.002) G_GAN: 1.003 D_real: 0.001 D_fake: 0.001 G: 2.014 NCE: 1.248 NCE_Y: 0.775 
(epoch: 55, iters: 440, time: 0.053, data: 0.001) G_GAN: 0.992 D_real: 0.000 D_fake: 0.000 G: 2.004 NCE: 1.230 NCE_Y: 0.795 
(epoch: 55, iters: 540, time: 0.053, data: 0.001) G_GAN: 1.004 D_real: 0.000 D_fake: 0.001 G: 2.017 NCE: 1.243 NCE_Y: 0.785 
(epoch: 55, iters: 640, time: 0.053, data: 0.001) G_GAN: 1.007 D_real: 0.001 D_fake: 0.001 G: 1.989 NCE: 1.199 NCE_Y: 0.766 
(epoch: 55, iters: 740, time: 0.053, data: 0.001) G_GAN: 1.004 D_real: 0.000 D_fake: 0.001 G: 2.006 NCE: 1.229 NCE_Y: 0.775 
(epoch: 55, iters: 840, time: 0.053, data: 0.002) G_GAN: 1.003 D_real: 0.001 D_fake: 0.000 G: 2.006 NCE: 1.220 NCE_Y: 0.785 
saving the latest model (epoch 55, total_iters 435000)
doctr_SELFF_to_SD_fixed_nl2
(epoch: 55, iters: 940, time: 0.052, data: 0.001) G_GAN: 1.009 D_real: 0.000 D_fake: 0.001 G: 2.003 NCE: 1.213 NCE_Y: 0.774 
(epoch: 55, iters: 1040, time: 0.053, data: 0.001) G_GAN: 0.997 D_real: 0.000 D_fake: 0.001 G: 2.002 NCE: 1.238 NCE_Y: 0.773 
(epoch: 55, iters: 1140, time: 0.053, data: 0.002) G_GAN: 1.011 D_real: 0.000 D_fake: 0.000 G: 2.011 NCE: 1.212 NCE_Y: 0.790 
(epoch: 55, iters: 1240, time: 0.053, data: 0.001) G_GAN: 0.991 D_real: 0.001 D_fake: 0.001 G: 1.987 NCE: 1.223 NCE_Y: 0.770 
(epoch: 55, iters: 1340, time: 0.053, data: 0.001) G_GAN: 1.008 D_real: 0.000 D_fake: 0.001 G: 2.006 NCE: 1.195 NCE_Y: 0.801 
(epoch: 55, iters: 1440, time: 0.053, data: 0.001) G_GAN: 1.001 D_real: 0.000 D_fake: 0.001 G: 1.984 NCE: 1.179 NCE_Y: 0.786 
(epoch: 55, iters: 1540, time: 0.053, data: 0.001) G_GAN: 0.990 D_real: 0.001 D_fake: 0.001 G: 2.004 NCE: 1.228 NCE_Y: 0.800 
(epoch: 55, iters: 1640, time: 0.053, data: 0.001) G_GAN: 1.003 D_real: 0.001 D_fake: 0.001 G: 1.996 NCE: 1.194 NCE_Y: 0.792 
(epoch: 55, iters: 1740, time: 0.053, data: 0.001) G_GAN: 0.995 D_real: 0.000 D_fake: 0.001 G: 2.001 NCE: 1.220 NCE_Y: 0.792 
(epoch: 55, iters: 1840, time: 0.053, data: 0.001) G_GAN: 0.997 D_real: 0.000 D_fake: 0.001 G: 2.021 NCE: 1.246 NCE_Y: 0.803 
(epoch: 55, iters: 1940, time: 0.053, data: 0.001) G_GAN: 1.002 D_real: 0.000 D_fake: 0.001 G: 2.004 NCE: 1.223 NCE_Y: 0.781 
(epoch: 55, iters: 2040, time: 0.054, data: 0.001) G_GAN: 1.000 D_real: 0.000 D_fake: 0.001 G: 2.004 NCE: 1.214 NCE_Y: 0.793 
(epoch: 55, iters: 2140, time: 0.053, data: 0.001) G_GAN: 1.000 D_real: 0.000 D_fake: 0.001 G: 1.992 NCE: 1.202 NCE_Y: 0.781 
(epoch: 55, iters: 2240, time: 0.053, data: 0.001) G_GAN: 1.001 D_real: 0.001 D_fake: 0.001 G: 2.011 NCE: 1.213 NCE_Y: 0.808 
(epoch: 55, iters: 2340, time: 0.053, data: 0.002) G_GAN: 0.989 D_real: 0.001 D_fake: 0.002 G: 1.989 NCE: 1.224 NCE_Y: 0.776 
(epoch: 55, iters: 2440, time: 0.053, data: 0.001) G_GAN: 0.989 D_real: 0.001 D_fake: 0.001 G: 2.002 NCE: 1.213 NCE_Y: 0.812 
(epoch: 55, iters: 2540, time: 0.053, data: 0.001) G_GAN: 1.001 D_real: 0.000 D_fake: 0.000 G: 2.008 NCE: 1.220 NCE_Y: 0.795 
(epoch: 55, iters: 2640, time: 0.053, data: 0.001) G_GAN: 1.000 D_real: 0.000 D_fake: 0.000 G: 1.987 NCE: 1.198 NCE_Y: 0.776 
(epoch: 55, iters: 2740, time: 0.052, data: 0.001) G_GAN: 0.996 D_real: 0.001 D_fake: 0.000 G: 2.003 NCE: 1.215 NCE_Y: 0.798 
(epoch: 55, iters: 2840, time: 0.053, data: 0.001) G_GAN: 1.013 D_real: 0.001 D_fake: 0.001 G: 2.011 NCE: 1.206 NCE_Y: 0.792 
(epoch: 55, iters: 2940, time: 0.053, data: 0.001) G_GAN: 1.009 D_real: 0.001 D_fake: 0.001 G: 1.995 NCE: 1.204 NCE_Y: 0.769 
(epoch: 55, iters: 3040, time: 0.053, data: 0.001) G_GAN: 1.002 D_real: 0.000 D_fake: 0.001 G: 1.988 NCE: 1.195 NCE_Y: 0.777 
(epoch: 55, iters: 3140, time: 0.052, data: 0.001) G_GAN: 1.002 D_real: 0.000 D_fake: 0.001 G: 2.001 NCE: 1.186 NCE_Y: 0.812 
(epoch: 55, iters: 3240, time: 0.053, data: 0.001) G_GAN: 0.997 D_real: 0.000 D_fake: 0.000 G: 2.000 NCE: 1.201 NCE_Y: 0.806 
(epoch: 55, iters: 3340, time: 0.053, data: 0.001) G_GAN: 1.004 D_real: 0.001 D_fake: 0.000 G: 1.999 NCE: 1.203 NCE_Y: 0.786 
(epoch: 55, iters: 3440, time: 0.053, data: 0.001) G_GAN: 1.006 D_real: 0.000 D_fake: 0.001 G: 2.003 NCE: 1.182 NCE_Y: 0.812 
(epoch: 55, iters: 3540, time: 0.053, data: 0.001) G_GAN: 1.004 D_real: 0.000 D_fake: 0.001 G: 2.004 NCE: 1.199 NCE_Y: 0.800 
(epoch: 55, iters: 3640, time: 0.053, data: 0.001) G_GAN: 0.992 D_real: 0.001 D_fake: 0.001 G: 1.997 NCE: 1.225 NCE_Y: 0.786 
(epoch: 55, iters: 3740, time: 0.052, data: 0.004) G_GAN: 0.992 D_real: 0.001 D_fake: 0.000 G: 1.989 NCE: 1.191 NCE_Y: 0.802 
(epoch: 55, iters: 3840, time: 0.053, data: 0.001) G_GAN: 1.012 D_real: 0.001 D_fake: 0.000 G: 1.993 NCE: 1.202 NCE_Y: 0.762 
(epoch: 55, iters: 3940, time: 0.054, data: 0.001) G_GAN: 1.008 D_real: 0.000 D_fake: 0.001 G: 2.020 NCE: 1.201 NCE_Y: 0.823 
(epoch: 55, iters: 4040, time: 0.053, data: 0.001) G_GAN: 0.990 D_real: 0.000 D_fake: 0.001 G: 2.000 NCE: 1.213 NCE_Y: 0.807 
(epoch: 55, iters: 4140, time: 0.053, data: 0.001) G_GAN: 0.997 D_real: 0.001 D_fake: 0.001 G: 1.997 NCE: 1.192 NCE_Y: 0.807 
(epoch: 55, iters: 4240, time: 0.052, data: 0.001) G_GAN: 0.994 D_real: 0.000 D_fake: 0.000 G: 1.996 NCE: 1.213 NCE_Y: 0.790 
(epoch: 55, iters: 4340, time: 0.053, data: 0.001) G_GAN: 1.004 D_real: 0.000 D_fake: 0.001 G: 2.009 NCE: 1.212 NCE_Y: 0.798 
(epoch: 55, iters: 4440, time: 0.052, data: 0.001) G_GAN: 0.999 D_real: 0.000 D_fake: 0.001 G: 2.096 NCE: 1.395 NCE_Y: 0.798 
(epoch: 55, iters: 4540, time: 0.052, data: 0.002) G_GAN: 1.004 D_real: 0.000 D_fake: 0.000 G: 1.994 NCE: 1.203 NCE_Y: 0.777 
(epoch: 55, iters: 4640, time: 0.053, data: 0.001) G_GAN: 0.992 D_real: 0.000 D_fake: 0.001 G: 1.974 NCE: 1.198 NCE_Y: 0.766 
(epoch: 55, iters: 4740, time: 0.053, data: 0.001) G_GAN: 0.996 D_real: 0.000 D_fake: 0.000 G: 2.021 NCE: 1.238 NCE_Y: 0.814 
(epoch: 55, iters: 4840, time: 0.053, data: 0.001) G_GAN: 0.997 D_real: 0.001 D_fake: 0.000 G: 1.972 NCE: 1.182 NCE_Y: 0.767 
(epoch: 55, iters: 4940, time: 0.053, data: 0.001) G_GAN: 1.011 D_real: 0.001 D_fake: 0.001 G: 1.997 NCE: 1.211 NCE_Y: 0.761 
(epoch: 55, iters: 5040, time: 0.053, data: 0.001) G_GAN: 0.996 D_real: 0.000 D_fake: 0.000 G: 2.009 NCE: 1.220 NCE_Y: 0.805 
(epoch: 55, iters: 5140, time: 0.053, data: 0.002) G_GAN: 1.012 D_real: 0.000 D_fake: 0.001 G: 2.018 NCE: 1.204 NCE_Y: 0.808 
(epoch: 55, iters: 5240, time: 0.053, data: 0.002) G_GAN: 0.990 D_real: 0.000 D_fake: 0.001 G: 2.002 NCE: 1.208 NCE_Y: 0.816 
(epoch: 55, iters: 5340, time: 0.053, data: 0.001) G_GAN: 0.998 D_real: 0.000 D_fake: 0.001 G: 1.981 NCE: 1.168 NCE_Y: 0.798 
(epoch: 55, iters: 5440, time: 0.053, data: 0.001) G_GAN: 0.986 D_real: 0.000 D_fake: 0.001 G: 2.005 NCE: 1.223 NCE_Y: 0.815 
(epoch: 55, iters: 5540, time: 0.053, data: 0.001) G_GAN: 0.990 D_real: 0.000 D_fake: 0.001 G: 1.969 NCE: 1.196 NCE_Y: 0.763 
(epoch: 55, iters: 5640, time: 0.053, data: 0.001) G_GAN: 1.004 D_real: 0.000 D_fake: 0.001 G: 2.023 NCE: 1.206 NCE_Y: 0.832 
(epoch: 55, iters: 5740, time: 0.053, data: 0.001) G_GAN: 1.004 D_real: 0.001 D_fake: 0.001 G: 2.003 NCE: 1.190 NCE_Y: 0.809 
(epoch: 55, iters: 5840, time: 0.053, data: 0.001) G_GAN: 0.999 D_real: 0.000 D_fake: 0.000 G: 1.987 NCE: 1.211 NCE_Y: 0.764 
saving the latest model (epoch 55, total_iters 440000)
doctr_SELFF_to_SD_fixed_nl2
(epoch: 55, iters: 5940, time: 0.053, data: 0.001) G_GAN: 0.993 D_real: 0.000 D_fake: 0.000 G: 1.997 NCE: 1.210 NCE_Y: 0.798 
(epoch: 55, iters: 6040, time: 0.053, data: 0.001) G_GAN: 1.011 D_real: 0.000 D_fake: 0.001 G: 1.986 NCE: 1.186 NCE_Y: 0.766 
(epoch: 55, iters: 6140, time: 0.053, data: 0.001) G_GAN: 1.005 D_real: 0.001 D_fake: 0.000 G: 1.989 NCE: 1.190 NCE_Y: 0.777 
(epoch: 55, iters: 6240, time: 0.053, data: 0.001) G_GAN: 1.004 D_real: 0.000 D_fake: 0.000 G: 1.997 NCE: 1.200 NCE_Y: 0.787 
(epoch: 55, iters: 6340, time: 0.053, data: 0.001) G_GAN: 0.995 D_real: 0.000 D_fake: 0.000 G: 1.996 NCE: 1.226 NCE_Y: 0.776 
(epoch: 55, iters: 6440, time: 0.053, data: 0.001) G_GAN: 1.017 D_real: 0.002 D_fake: 0.001 G: 1.988 NCE: 1.179 NCE_Y: 0.764 
(epoch: 55, iters: 6540, time: 0.053, data: 0.001) G_GAN: 1.012 D_real: 0.001 D_fake: 0.001 G: 2.024 NCE: 1.197 NCE_Y: 0.827 
(epoch: 55, iters: 6640, time: 0.053, data: 0.001) G_GAN: 1.006 D_real: 0.000 D_fake: 0.001 G: 1.984 NCE: 1.191 NCE_Y: 0.764 
(epoch: 55, iters: 6740, time: 0.053, data: 0.001) G_GAN: 0.999 D_real: 0.001 D_fake: 0.000 G: 1.990 NCE: 1.213 NCE_Y: 0.769 
(epoch: 55, iters: 6840, time: 0.053, data: 0.002) G_GAN: 1.016 D_real: 0.001 D_fake: 0.001 G: 2.014 NCE: 1.189 NCE_Y: 0.808 
(epoch: 55, iters: 6940, time: 0.053, data: 0.001) G_GAN: 1.000 D_real: 0.000 D_fake: 0.000 G: 2.007 NCE: 1.226 NCE_Y: 0.788 
(epoch: 55, iters: 7040, time: 0.053, data: 0.001) G_GAN: 1.005 D_real: 0.000 D_fake: 0.000 G: 1.990 NCE: 1.198 NCE_Y: 0.772 
(epoch: 55, iters: 7140, time: 0.053, data: 0.001) G_GAN: 1.005 D_real: 0.000 D_fake: 0.000 G: 1.995 NCE: 1.186 NCE_Y: 0.795 
(epoch: 55, iters: 7240, time: 0.053, data: 0.001) G_GAN: 1.010 D_real: 0.001 D_fake: 0.000 G: 2.018 NCE: 1.198 NCE_Y: 0.818 
(epoch: 55, iters: 7340, time: 0.053, data: 0.001) G_GAN: 1.002 D_real: 0.000 D_fake: 0.001 G: 1.990 NCE: 1.187 NCE_Y: 0.788 
(epoch: 55, iters: 7440, time: 0.051, data: 0.001) G_GAN: 0.997 D_real: 0.000 D_fake: 0.000 G: 1.995 NCE: 1.213 NCE_Y: 0.782 
(epoch: 55, iters: 7540, time: 0.052, data: 0.001) G_GAN: 0.998 D_real: 0.000 D_fake: 0.000 G: 2.000 NCE: 1.202 NCE_Y: 0.803 
(epoch: 55, iters: 7640, time: 0.052, data: 0.001) G_GAN: 1.011 D_real: 0.000 D_fake: 0.001 G: 2.007 NCE: 1.177 NCE_Y: 0.814 
(epoch: 55, iters: 7740, time: 0.052, data: 0.002) G_GAN: 0.996 D_real: 0.000 D_fake: 0.000 G: 2.003 NCE: 1.190 NCE_Y: 0.823 
(epoch: 55, iters: 7840, time: 0.052, data: 0.001) G_GAN: 1.005 D_real: 0.000 D_fake: 0.000 G: 1.993 NCE: 1.184 NCE_Y: 0.791 
(epoch: 55, iters: 7940, time: 0.052, data: 0.002) G_GAN: 1.003 D_real: 0.000 D_fake: 0.000 G: 1.998 NCE: 1.188 NCE_Y: 0.801 
(epoch: 55, iters: 8040, time: 0.053, data: 0.002) G_GAN: 0.995 D_real: 0.001 D_fake: 0.000 G: 1.991 NCE: 1.199 NCE_Y: 0.794 
saving the model at the end of epoch 55, iters 442200
End of epoch 55 / 60 	 Time Taken: 442 sec
learning rate = 0.0000323
(epoch: 56, iters: 100, time: 0.053, data: 0.147) G_GAN: 0.999 D_real: 0.000 D_fake: 0.000 G: 1.993 NCE: 1.189 NCE_Y: 0.798 
(epoch: 56, iters: 200, time: 0.054, data: 0.002) G_GAN: 1.008 D_real: 0.000 D_fake: 0.000 G: 2.031 NCE: 1.204 NCE_Y: 0.842 
(epoch: 56, iters: 300, time: 0.053, data: 0.001) G_GAN: 1.009 D_real: 0.000 D_fake: 0.000 G: 2.076 NCE: 1.345 NCE_Y: 0.789 
(epoch: 56, iters: 400, time: 0.053, data: 0.001) G_GAN: 1.007 D_real: 0.000 D_fake: 0.000 G: 2.026 NCE: 1.233 NCE_Y: 0.805 
(epoch: 56, iters: 500, time: 0.053, data: 0.002) G_GAN: 1.012 D_real: 0.000 D_fake: 0.000 G: 2.001 NCE: 1.183 NCE_Y: 0.794 
(epoch: 56, iters: 600, time: 0.053, data: 0.001) G_GAN: 1.011 D_real: 0.000 D_fake: 0.000 G: 2.019 NCE: 1.221 NCE_Y: 0.795 
(epoch: 56, iters: 700, time: 0.053, data: 0.001) G_GAN: 1.006 D_real: 0.001 D_fake: 0.001 G: 2.003 NCE: 1.187 NCE_Y: 0.808 
(epoch: 56, iters: 800, time: 0.053, data: 0.001) G_GAN: 0.990 D_real: 0.002 D_fake: 0.001 G: 1.992 NCE: 1.192 NCE_Y: 0.813 
(epoch: 56, iters: 900, time: 0.053, data: 0.001) G_GAN: 1.006 D_real: 0.001 D_fake: 0.000 G: 2.015 NCE: 1.210 NCE_Y: 0.808 
(epoch: 56, iters: 1000, time: 0.053, data: 0.001) G_GAN: 0.992 D_real: 0.000 D_fake: 0.000 G: 1.989 NCE: 1.218 NCE_Y: 0.775 
(epoch: 56, iters: 1100, time: 0.053, data: 0.001) G_GAN: 1.006 D_real: 0.000 D_fake: 0.001 G: 2.027 NCE: 1.216 NCE_Y: 0.826 
(epoch: 56, iters: 1200, time: 0.053, data: 0.001) G_GAN: 1.000 D_real: 0.000 D_fake: 0.001 G: 1.996 NCE: 1.191 NCE_Y: 0.800 
(epoch: 56, iters: 1300, time: 0.053, data: 0.001) G_GAN: 1.016 D_real: 0.001 D_fake: 0.000 G: 2.007 NCE: 1.199 NCE_Y: 0.784 
(epoch: 56, iters: 1400, time: 0.053, data: 0.001) G_GAN: 1.000 D_real: 0.000 D_fake: 0.001 G: 2.005 NCE: 1.197 NCE_Y: 0.813 
(epoch: 56, iters: 1500, time: 0.053, data: 0.001) G_GAN: 0.995 D_real: 0.000 D_fake: 0.001 G: 1.984 NCE: 1.187 NCE_Y: 0.790 
(epoch: 56, iters: 1600, time: 0.052, data: 0.001) G_GAN: 0.996 D_real: 0.000 D_fake: 0.001 G: 1.999 NCE: 1.206 NCE_Y: 0.799 
(epoch: 56, iters: 1700, time: 0.053, data: 0.001) G_GAN: 0.997 D_real: 0.001 D_fake: 0.001 G: 1.997 NCE: 1.205 NCE_Y: 0.793 
(epoch: 56, iters: 1800, time: 0.052, data: 0.001) G_GAN: 1.000 D_real: 0.000 D_fake: 0.000 G: 1.988 NCE: 1.181 NCE_Y: 0.793 
(epoch: 56, iters: 1900, time: 0.053, data: 0.001) G_GAN: 0.988 D_real: 0.000 D_fake: 0.001 G: 1.973 NCE: 1.181 NCE_Y: 0.788 
(epoch: 56, iters: 2000, time: 0.053, data: 0.001) G_GAN: 0.990 D_real: 0.000 D_fake: 0.001 G: 2.003 NCE: 1.191 NCE_Y: 0.834 
(epoch: 56, iters: 2100, time: 0.053, data: 0.001) G_GAN: 0.992 D_real: 0.000 D_fake: 0.001 G: 1.996 NCE: 1.199 NCE_Y: 0.808 
(epoch: 56, iters: 2200, time: 0.053, data: 0.001) G_GAN: 0.979 D_real: 0.001 D_fake: 0.001 G: 1.999 NCE: 1.216 NCE_Y: 0.822 
(epoch: 56, iters: 2300, time: 0.053, data: 0.001) G_GAN: 0.997 D_real: 0.000 D_fake: 0.000 G: 2.024 NCE: 1.218 NCE_Y: 0.837 
(epoch: 56, iters: 2400, time: 0.053, data: 0.001) G_GAN: 0.990 D_real: 0.001 D_fake: 0.001 G: 2.007 NCE: 1.217 NCE_Y: 0.817 
(epoch: 56, iters: 2500, time: 0.053, data: 0.001) G_GAN: 0.993 D_real: 0.001 D_fake: 0.001 G: 1.988 NCE: 1.196 NCE_Y: 0.794 
(epoch: 56, iters: 2600, time: 0.053, data: 0.001) G_GAN: 1.010 D_real: 0.001 D_fake: 0.001 G: 2.026 NCE: 1.221 NCE_Y: 0.812 
(epoch: 56, iters: 2700, time: 0.053, data: 0.001) G_GAN: 0.988 D_real: 0.000 D_fake: 0.001 G: 1.986 NCE: 1.199 NCE_Y: 0.799 
(epoch: 56, iters: 2800, time: 0.052, data: 0.001) G_GAN: 0.994 D_real: 0.000 D_fake: 0.001 G: 1.997 NCE: 1.210 NCE_Y: 0.795 
saving the latest model (epoch 56, total_iters 445000)
doctr_SELFF_to_SD_fixed_nl2
(epoch: 56, iters: 2900, time: 0.053, data: 0.001) G_GAN: 1.003 D_real: 0.000 D_fake: 0.001 G: 2.023 NCE: 1.217 NCE_Y: 0.823 
(epoch: 56, iters: 3000, time: 0.054, data: 0.001) G_GAN: 1.003 D_real: 0.000 D_fake: 0.001 G: 2.006 NCE: 1.196 NCE_Y: 0.811 
(epoch: 56, iters: 3100, time: 0.054, data: 0.001) G_GAN: 1.004 D_real: 0.000 D_fake: 0.001 G: 2.037 NCE: 1.257 NCE_Y: 0.810 
(epoch: 56, iters: 3200, time: 0.053, data: 0.001) G_GAN: 1.012 D_real: 0.000 D_fake: 0.002 G: 2.019 NCE: 1.188 NCE_Y: 0.825 
(epoch: 56, iters: 3300, time: 0.053, data: 0.001) G_GAN: 1.017 D_real: 0.001 D_fake: 0.003 G: 2.033 NCE: 1.211 NCE_Y: 0.820 
(epoch: 56, iters: 3400, time: 0.052, data: 0.001) G_GAN: 0.985 D_real: 0.001 D_fake: 0.002 G: 1.985 NCE: 1.205 NCE_Y: 0.795 
(epoch: 56, iters: 3500, time: 0.052, data: 0.001) G_GAN: 1.003 D_real: 0.001 D_fake: 0.002 G: 2.020 NCE: 1.194 NCE_Y: 0.839 
(epoch: 56, iters: 3600, time: 0.052, data: 0.001) G_GAN: 0.995 D_real: 0.001 D_fake: 0.002 G: 1.988 NCE: 1.194 NCE_Y: 0.792 
(epoch: 56, iters: 3700, time: 0.052, data: 0.001) G_GAN: 0.990 D_real: 0.001 D_fake: 0.002 G: 2.009 NCE: 1.214 NCE_Y: 0.824 
(epoch: 56, iters: 3800, time: 0.053, data: 0.001) G_GAN: 0.969 D_real: 0.001 D_fake: 0.002 G: 1.982 NCE: 1.204 NCE_Y: 0.823 
(epoch: 56, iters: 3900, time: 0.053, data: 0.001) G_GAN: 1.004 D_real: 0.000 D_fake: 0.001 G: 2.017 NCE: 1.199 NCE_Y: 0.826 
(epoch: 56, iters: 4000, time: 0.052, data: 0.002) G_GAN: 0.990 D_real: 0.000 D_fake: 0.003 G: 1.996 NCE: 1.193 NCE_Y: 0.819 
(epoch: 56, iters: 4100, time: 0.052, data: 0.001) G_GAN: 0.987 D_real: 0.001 D_fake: 0.001 G: 1.992 NCE: 1.195 NCE_Y: 0.815 
(epoch: 56, iters: 4200, time: 0.052, data: 0.001) G_GAN: 1.030 D_real: 0.001 D_fake: 0.003 G: 2.035 NCE: 1.216 NCE_Y: 0.794 
(epoch: 56, iters: 4300, time: 0.053, data: 0.001) G_GAN: 1.017 D_real: 0.001 D_fake: 0.003 G: 2.028 NCE: 1.223 NCE_Y: 0.799 
(epoch: 56, iters: 4400, time: 0.053, data: 0.002) G_GAN: 1.004 D_real: 0.001 D_fake: 0.003 G: 2.018 NCE: 1.220 NCE_Y: 0.807 
(epoch: 56, iters: 4500, time: 0.052, data: 0.001) G_GAN: 0.969 D_real: 0.000 D_fake: 0.002 G: 1.974 NCE: 1.207 NCE_Y: 0.801 
(epoch: 56, iters: 4600, time: 0.053, data: 0.001) G_GAN: 0.983 D_real: 0.000 D_fake: 0.002 G: 1.980 NCE: 1.176 NCE_Y: 0.820 
(epoch: 56, iters: 4700, time: 0.053, data: 0.001) G_GAN: 0.980 D_real: 0.000 D_fake: 0.002 G: 1.985 NCE: 1.219 NCE_Y: 0.793 
(epoch: 56, iters: 4800, time: 0.053, data: 0.001) G_GAN: 1.009 D_real: 0.002 D_fake: 0.003 G: 2.000 NCE: 1.197 NCE_Y: 0.784 
(epoch: 56, iters: 4900, time: 0.053, data: 0.001) G_GAN: 1.016 D_real: 0.000 D_fake: 0.001 G: 2.013 NCE: 1.198 NCE_Y: 0.796 
(epoch: 56, iters: 5000, time: 0.053, data: 0.001) G_GAN: 0.986 D_real: 0.000 D_fake: 0.002 G: 1.989 NCE: 1.204 NCE_Y: 0.801 
(epoch: 56, iters: 5100, time: 0.053, data: 0.001) G_GAN: 1.016 D_real: 0.001 D_fake: 0.002 G: 2.018 NCE: 1.217 NCE_Y: 0.788 
(epoch: 56, iters: 5200, time: 0.053, data: 0.002) G_GAN: 0.993 D_real: 0.001 D_fake: 0.001 G: 2.012 NCE: 1.247 NCE_Y: 0.792 
(epoch: 56, iters: 5300, time: 0.053, data: 0.001) G_GAN: 1.022 D_real: 0.000 D_fake: 0.002 G: 2.032 NCE: 1.230 NCE_Y: 0.790 
(epoch: 56, iters: 5400, time: 0.053, data: 0.001) G_GAN: 1.023 D_real: 0.001 D_fake: 0.003 G: 2.016 NCE: 1.223 NCE_Y: 0.763 
(epoch: 56, iters: 5500, time: 0.053, data: 0.001) G_GAN: 0.988 D_real: 0.001 D_fake: 0.002 G: 1.981 NCE: 1.210 NCE_Y: 0.776 
(epoch: 56, iters: 5600, time: 0.053, data: 0.001) G_GAN: 1.014 D_real: 0.000 D_fake: 0.002 G: 2.029 NCE: 1.222 NCE_Y: 0.807 
(epoch: 56, iters: 5700, time: 0.053, data: 0.001) G_GAN: 0.987 D_real: 0.000 D_fake: 0.002 G: 1.973 NCE: 1.214 NCE_Y: 0.760 
(epoch: 56, iters: 5800, time: 0.053, data: 0.001) G_GAN: 0.989 D_real: 0.001 D_fake: 0.002 G: 1.987 NCE: 1.220 NCE_Y: 0.776 
(epoch: 56, iters: 5900, time: 0.053, data: 0.002) G_GAN: 0.986 D_real: 0.000 D_fake: 0.001 G: 1.967 NCE: 1.207 NCE_Y: 0.755 
(epoch: 56, iters: 6000, time: 0.052, data: 0.001) G_GAN: 1.007 D_real: 0.000 D_fake: 0.001 G: 2.010 NCE: 1.242 NCE_Y: 0.763 
(epoch: 56, iters: 6100, time: 0.052, data: 0.001) G_GAN: 1.008 D_real: 0.000 D_fake: 0.002 G: 2.013 NCE: 1.211 NCE_Y: 0.799 
(epoch: 56, iters: 6200, time: 0.053, data: 0.002) G_GAN: 0.990 D_real: 0.000 D_fake: 0.001 G: 1.992 NCE: 1.194 NCE_Y: 0.809 
(epoch: 56, iters: 6300, time: 0.053, data: 0.002) G_GAN: 0.992 D_real: 0.000 D_fake: 0.001 G: 1.984 NCE: 1.201 NCE_Y: 0.784 
(epoch: 56, iters: 6400, time: 0.053, data: 0.001) G_GAN: 0.985 D_real: 0.000 D_fake: 0.002 G: 1.979 NCE: 1.212 NCE_Y: 0.776 
(epoch: 56, iters: 6500, time: 0.053, data: 0.001) G_GAN: 0.985 D_real: 0.000 D_fake: 0.002 G: 1.978 NCE: 1.213 NCE_Y: 0.773 
(epoch: 56, iters: 6600, time: 0.053, data: 0.001) G_GAN: 0.973 D_real: 0.001 D_fake: 0.002 G: 1.995 NCE: 1.228 NCE_Y: 0.815 
(epoch: 56, iters: 6700, time: 0.053, data: 0.001) G_GAN: 1.011 D_real: 0.000 D_fake: 0.002 G: 2.004 NCE: 1.221 NCE_Y: 0.764 
(epoch: 56, iters: 6800, time: 0.053, data: 0.001) G_GAN: 0.985 D_real: 0.001 D_fake: 0.001 G: 2.000 NCE: 1.215 NCE_Y: 0.814 
(epoch: 56, iters: 6900, time: 0.053, data: 0.002) G_GAN: 1.015 D_real: 0.000 D_fake: 0.001 G: 2.014 NCE: 1.221 NCE_Y: 0.778 
(epoch: 56, iters: 7000, time: 0.053, data: 0.001) G_GAN: 1.008 D_real: 0.001 D_fake: 0.002 G: 1.987 NCE: 1.202 NCE_Y: 0.756 
(epoch: 56, iters: 7100, time: 0.053, data: 0.001) G_GAN: 1.007 D_real: 0.000 D_fake: 0.001 G: 2.012 NCE: 1.236 NCE_Y: 0.774 
(epoch: 56, iters: 7200, time: 0.053, data: 0.001) G_GAN: 1.004 D_real: 0.000 D_fake: 0.001 G: 1.995 NCE: 1.206 NCE_Y: 0.776 
(epoch: 56, iters: 7300, time: 0.053, data: 0.001) G_GAN: 0.996 D_real: 0.000 D_fake: 0.001 G: 1.992 NCE: 1.207 NCE_Y: 0.784 
(epoch: 56, iters: 7400, time: 0.053, data: 0.001) G_GAN: 1.005 D_real: 0.000 D_fake: 0.001 G: 2.005 NCE: 1.208 NCE_Y: 0.793 
(epoch: 56, iters: 7500, time: 0.053, data: 0.002) G_GAN: 0.999 D_real: 0.000 D_fake: 0.001 G: 2.004 NCE: 1.229 NCE_Y: 0.781 
(epoch: 56, iters: 7600, time: 0.053, data: 0.001) G_GAN: 0.982 D_real: 0.002 D_fake: 0.001 G: 2.012 NCE: 1.220 NCE_Y: 0.841 
(epoch: 56, iters: 7700, time: 0.053, data: 0.001) G_GAN: 0.989 D_real: 0.001 D_fake: 0.001 G: 2.025 NCE: 1.277 NCE_Y: 0.794 
(epoch: 56, iters: 7800, time: 0.053, data: 0.001) G_GAN: 0.999 D_real: 0.000 D_fake: 0.001 G: 1.988 NCE: 1.227 NCE_Y: 0.752 
saving the latest model (epoch 56, total_iters 450000)
doctr_SELFF_to_SD_fixed_nl2
(epoch: 56, iters: 7900, time: 0.053, data: 0.001) G_GAN: 1.012 D_real: 0.000 D_fake: 0.002 G: 2.013 NCE: 1.232 NCE_Y: 0.771 
(epoch: 56, iters: 8000, time: 0.053, data: 0.001) G_GAN: 0.991 D_real: 0.000 D_fake: 0.001 G: 2.000 NCE: 1.262 NCE_Y: 0.756 
End of epoch 56 / 60 	 Time Taken: 443 sec
learning rate = 0.0000258
(epoch: 57, iters: 60, time: 0.053, data: 0.001) G_GAN: 0.978 D_real: 0.000 D_fake: 0.002 G: 1.988 NCE: 1.251 NCE_Y: 0.768 
(epoch: 57, iters: 160, time: 0.053, data: 0.001) G_GAN: 1.007 D_real: 0.000 D_fake: 0.001 G: 1.998 NCE: 1.232 NCE_Y: 0.751 
(epoch: 57, iters: 260, time: 0.052, data: 0.001) G_GAN: 1.010 D_real: 0.000 D_fake: 0.001 G: 1.985 NCE: 1.209 NCE_Y: 0.741 
(epoch: 57, iters: 360, time: 0.053, data: 0.001) G_GAN: 1.016 D_real: 0.000 D_fake: 0.002 G: 1.995 NCE: 1.215 NCE_Y: 0.743 
(epoch: 57, iters: 460, time: 0.054, data: 0.001) G_GAN: 0.993 D_real: 0.000 D_fake: 0.001 G: 1.997 NCE: 1.208 NCE_Y: 0.799 
(epoch: 57, iters: 560, time: 0.053, data: 0.001) G_GAN: 0.999 D_real: 0.001 D_fake: 0.001 G: 1.984 NCE: 1.224 NCE_Y: 0.745 
(epoch: 57, iters: 660, time: 0.053, data: 0.001) G_GAN: 1.014 D_real: 0.000 D_fake: 0.000 G: 2.003 NCE: 1.231 NCE_Y: 0.747 
(epoch: 57, iters: 760, time: 0.053, data: 0.001) G_GAN: 1.002 D_real: 0.000 D_fake: 0.001 G: 1.999 NCE: 1.221 NCE_Y: 0.774 
(epoch: 57, iters: 860, time: 0.052, data: 0.001) G_GAN: 0.980 D_real: 0.000 D_fake: 0.001 G: 1.988 NCE: 1.223 NCE_Y: 0.792 
(epoch: 57, iters: 960, time: 0.052, data: 0.001) G_GAN: 1.010 D_real: 0.000 D_fake: 0.001 G: 2.020 NCE: 1.265 NCE_Y: 0.755 
(epoch: 57, iters: 1060, time: 0.052, data: 0.001) G_GAN: 1.010 D_real: 0.000 D_fake: 0.001 G: 2.001 NCE: 1.231 NCE_Y: 0.751 
(epoch: 57, iters: 1160, time: 0.052, data: 0.001) G_GAN: 0.994 D_real: 0.000 D_fake: 0.001 G: 2.013 NCE: 1.217 NCE_Y: 0.821 
(epoch: 57, iters: 1260, time: 0.053, data: 0.001) G_GAN: 1.008 D_real: 0.000 D_fake: 0.001 G: 1.979 NCE: 1.198 NCE_Y: 0.745 
(epoch: 57, iters: 1360, time: 0.053, data: 0.001) G_GAN: 0.996 D_real: 0.000 D_fake: 0.000 G: 1.961 NCE: 1.195 NCE_Y: 0.736 
(epoch: 57, iters: 1460, time: 0.053, data: 0.002) G_GAN: 0.992 D_real: 0.001 D_fake: 0.002 G: 1.970 NCE: 1.206 NCE_Y: 0.750 
(epoch: 57, iters: 1560, time: 0.053, data: 0.001) G_GAN: 1.007 D_real: 0.000 D_fake: 0.001 G: 1.983 NCE: 1.213 NCE_Y: 0.741 
(epoch: 57, iters: 1660, time: 0.053, data: 0.001) G_GAN: 1.009 D_real: 0.000 D_fake: 0.001 G: 2.027 NCE: 1.220 NCE_Y: 0.815 
(epoch: 57, iters: 1760, time: 0.053, data: 0.001) G_GAN: 0.994 D_real: 0.000 D_fake: 0.001 G: 1.994 NCE: 1.237 NCE_Y: 0.763 
(epoch: 57, iters: 1860, time: 0.054, data: 0.001) G_GAN: 1.023 D_real: 0.000 D_fake: 0.001 G: 2.005 NCE: 1.218 NCE_Y: 0.746 
(epoch: 57, iters: 1960, time: 0.054, data: 0.001) G_GAN: 1.006 D_real: 0.000 D_fake: 0.001 G: 1.973 NCE: 1.196 NCE_Y: 0.738 
(epoch: 57, iters: 2060, time: 0.054, data: 0.001) G_GAN: 1.000 D_real: 0.000 D_fake: 0.001 G: 2.007 NCE: 1.258 NCE_Y: 0.755 
(epoch: 57, iters: 2160, time: 0.053, data: 0.001) G_GAN: 0.993 D_real: 0.001 D_fake: 0.001 G: 2.012 NCE: 1.215 NCE_Y: 0.823 
(epoch: 57, iters: 2260, time: 0.053, data: 0.002) G_GAN: 0.996 D_real: 0.000 D_fake: 0.001 G: 1.972 NCE: 1.208 NCE_Y: 0.744 
(epoch: 57, iters: 2360, time: 0.053, data: 0.001) G_GAN: 1.006 D_real: 0.000 D_fake: 0.001 G: 2.007 NCE: 1.242 NCE_Y: 0.761 
(epoch: 57, iters: 2460, time: 0.052, data: 0.001) G_GAN: 0.996 D_real: 0.000 D_fake: 0.001 G: 1.971 NCE: 1.197 NCE_Y: 0.753 
(epoch: 57, iters: 2560, time: 0.052, data: 0.001) G_GAN: 1.008 D_real: 0.001 D_fake: 0.001 G: 1.997 NCE: 1.233 NCE_Y: 0.744 
(epoch: 57, iters: 2660, time: 0.052, data: 0.001) G_GAN: 0.995 D_real: 0.000 D_fake: 0.001 G: 1.979 NCE: 1.190 NCE_Y: 0.778 
(epoch: 57, iters: 2760, time: 0.052, data: 0.001) G_GAN: 1.013 D_real: 0.000 D_fake: 0.002 G: 1.999 NCE: 1.209 NCE_Y: 0.765 
(epoch: 57, iters: 2860, time: 0.052, data: 0.001) G_GAN: 1.010 D_real: 0.000 D_fake: 0.001 G: 2.029 NCE: 1.261 NCE_Y: 0.776 
(epoch: 57, iters: 2960, time: 0.053, data: 0.001) G_GAN: 1.001 D_real: 0.000 D_fake: 0.001 G: 1.995 NCE: 1.218 NCE_Y: 0.769 
(epoch: 57, iters: 3060, time: 0.053, data: 0.001) G_GAN: 0.989 D_real: 0.000 D_fake: 0.001 G: 1.991 NCE: 1.225 NCE_Y: 0.779 
(epoch: 57, iters: 3160, time: 0.052, data: 0.001) G_GAN: 1.009 D_real: 0.000 D_fake: 0.001 G: 2.005 NCE: 1.244 NCE_Y: 0.748 
(epoch: 57, iters: 3260, time: 0.053, data: 0.001) G_GAN: 1.004 D_real: 0.000 D_fake: 0.001 G: 1.986 NCE: 1.207 NCE_Y: 0.756 
(epoch: 57, iters: 3360, time: 0.053, data: 0.001) G_GAN: 0.999 D_real: 0.000 D_fake: 0.001 G: 1.980 NCE: 1.216 NCE_Y: 0.745 
(epoch: 57, iters: 3460, time: 0.053, data: 0.001) G_GAN: 0.992 D_real: 0.000 D_fake: 0.001 G: 1.988 NCE: 1.216 NCE_Y: 0.776 
(epoch: 57, iters: 3560, time: 0.053, data: 0.001) G_GAN: 1.009 D_real: 0.000 D_fake: 0.001 G: 2.001 NCE: 1.223 NCE_Y: 0.761 
(epoch: 57, iters: 3660, time: 0.053, data: 0.001) G_GAN: 1.007 D_real: 0.000 D_fake: 0.001 G: 1.978 NCE: 1.189 NCE_Y: 0.753 
(epoch: 57, iters: 3760, time: 0.053, data: 0.001) G_GAN: 1.030 D_real: 0.000 D_fake: 0.002 G: 2.042 NCE: 1.244 NCE_Y: 0.780 
(epoch: 57, iters: 3860, time: 0.052, data: 0.001) G_GAN: 1.008 D_real: 0.000 D_fake: 0.001 G: 1.975 NCE: 1.193 NCE_Y: 0.741 
(epoch: 57, iters: 3960, time: 0.053, data: 0.001) G_GAN: 1.019 D_real: 0.000 D_fake: 0.001 G: 2.002 NCE: 1.222 NCE_Y: 0.744 
(epoch: 57, iters: 4060, time: 0.053, data: 0.001) G_GAN: 0.998 D_real: 0.000 D_fake: 0.001 G: 2.005 NCE: 1.195 NCE_Y: 0.818 
(epoch: 57, iters: 4160, time: 0.053, data: 0.002) G_GAN: 1.012 D_real: 0.000 D_fake: 0.001 G: 2.028 NCE: 1.222 NCE_Y: 0.809 
(epoch: 57, iters: 4260, time: 0.053, data: 0.001) G_GAN: 1.008 D_real: 0.001 D_fake: 0.001 G: 1.999 NCE: 1.205 NCE_Y: 0.776 
(epoch: 57, iters: 4360, time: 0.053, data: 0.001) G_GAN: 0.994 D_real: 0.000 D_fake: 0.001 G: 2.017 NCE: 1.225 NCE_Y: 0.821 
(epoch: 57, iters: 4460, time: 0.053, data: 0.001) G_GAN: 0.993 D_real: 0.000 D_fake: 0.001 G: 1.968 NCE: 1.197 NCE_Y: 0.751 
(epoch: 57, iters: 4560, time: 0.053, data: 0.001) G_GAN: 1.011 D_real: 0.000 D_fake: 0.001 G: 2.007 NCE: 1.232 NCE_Y: 0.760 
(epoch: 57, iters: 4660, time: 0.053, data: 0.001) G_GAN: 0.989 D_real: 0.000 D_fake: 0.001 G: 1.972 NCE: 1.188 NCE_Y: 0.778 
(epoch: 57, iters: 4760, time: 0.053, data: 0.001) G_GAN: 1.001 D_real: 0.001 D_fake: 0.001 G: 1.982 NCE: 1.183 NCE_Y: 0.780 
saving the latest model (epoch 57, total_iters 455000)
doctr_SELFF_to_SD_fixed_nl2
(epoch: 57, iters: 4860, time: 0.053, data: 0.001) G_GAN: 1.015 D_real: 0.000 D_fake: 0.001 G: 2.009 NCE: 1.209 NCE_Y: 0.780 
(epoch: 57, iters: 4960, time: 0.053, data: 0.001) G_GAN: 0.989 D_real: 0.001 D_fake: 0.001 G: 1.974 NCE: 1.216 NCE_Y: 0.754 
(epoch: 57, iters: 5060, time: 0.053, data: 0.001) G_GAN: 0.999 D_real: 0.000 D_fake: 0.001 G: 1.983 NCE: 1.202 NCE_Y: 0.767 
(epoch: 57, iters: 5160, time: 0.053, data: 0.002) G_GAN: 1.001 D_real: 0.000 D_fake: 0.001 G: 1.987 NCE: 1.191 NCE_Y: 0.781 
(epoch: 57, iters: 5260, time: 0.053, data: 0.001) G_GAN: 0.992 D_real: 0.000 D_fake: 0.001 G: 1.970 NCE: 1.191 NCE_Y: 0.764 
(epoch: 57, iters: 5360, time: 0.053, data: 0.001) G_GAN: 0.991 D_real: 0.000 D_fake: 0.001 G: 2.041 NCE: 1.306 NCE_Y: 0.794 
(epoch: 57, iters: 5460, time: 0.053, data: 0.001) G_GAN: 1.010 D_real: 0.000 D_fake: 0.001 G: 2.007 NCE: 1.228 NCE_Y: 0.766 
(epoch: 57, iters: 5560, time: 0.053, data: 0.001) G_GAN: 0.989 D_real: 0.000 D_fake: 0.001 G: 1.968 NCE: 1.212 NCE_Y: 0.745 
(epoch: 57, iters: 5660, time: 0.053, data: 0.002) G_GAN: 1.000 D_real: 0.000 D_fake: 0.001 G: 1.988 NCE: 1.218 NCE_Y: 0.758 
(epoch: 57, iters: 5760, time: 0.053, data: 0.001) G_GAN: 0.997 D_real: 0.001 D_fake: 0.001 G: 1.999 NCE: 1.205 NCE_Y: 0.798 
(epoch: 57, iters: 5860, time: 0.053, data: 0.001) G_GAN: 1.005 D_real: 0.001 D_fake: 0.002 G: 1.988 NCE: 1.181 NCE_Y: 0.784 
(epoch: 57, iters: 5960, time: 0.053, data: 0.001) G_GAN: 0.990 D_real: 0.000 D_fake: 0.002 G: 1.983 NCE: 1.202 NCE_Y: 0.785 
(epoch: 57, iters: 6060, time: 0.053, data: 0.003) G_GAN: 0.989 D_real: 0.000 D_fake: 0.001 G: 1.964 NCE: 1.180 NCE_Y: 0.771 
(epoch: 57, iters: 6160, time: 0.053, data: 0.002) G_GAN: 1.018 D_real: 0.000 D_fake: 0.001 G: 2.035 NCE: 1.217 NCE_Y: 0.817 
(epoch: 57, iters: 6260, time: 0.054, data: 0.001) G_GAN: 0.997 D_real: 0.000 D_fake: 0.001 G: 1.981 NCE: 1.200 NCE_Y: 0.767 
(epoch: 57, iters: 6360, time: 0.053, data: 0.001) G_GAN: 0.993 D_real: 0.000 D_fake: 0.001 G: 1.968 NCE: 1.195 NCE_Y: 0.754 
(epoch: 57, iters: 6460, time: 0.052, data: 0.001) G_GAN: 1.030 D_real: 0.000 D_fake: 0.001 G: 2.025 NCE: 1.217 NCE_Y: 0.774 
(epoch: 57, iters: 6560, time: 0.052, data: 0.001) G_GAN: 0.994 D_real: 0.000 D_fake: 0.001 G: 1.994 NCE: 1.212 NCE_Y: 0.788 
(epoch: 57, iters: 6660, time: 0.053, data: 0.001) G_GAN: 1.005 D_real: 0.000 D_fake: 0.001 G: 1.977 NCE: 1.178 NCE_Y: 0.766 
(epoch: 57, iters: 6760, time: 0.053, data: 0.001) G_GAN: 0.992 D_real: 0.000 D_fake: 0.001 G: 1.972 NCE: 1.189 NCE_Y: 0.771 
(epoch: 57, iters: 6860, time: 0.053, data: 0.001) G_GAN: 0.992 D_real: 0.000 D_fake: 0.001 G: 2.037 NCE: 1.336 NCE_Y: 0.753 
(epoch: 57, iters: 6960, time: 0.053, data: 0.001) G_GAN: 1.015 D_real: 0.001 D_fake: 0.001 G: 1.982 NCE: 1.174 NCE_Y: 0.758 
(epoch: 57, iters: 7060, time: 0.053, data: 0.001) G_GAN: 1.030 D_real: 0.000 D_fake: 0.001 G: 2.034 NCE: 1.181 NCE_Y: 0.827 
(epoch: 57, iters: 7160, time: 0.053, data: 0.001) G_GAN: 0.984 D_real: 0.001 D_fake: 0.001 G: 1.974 NCE: 1.184 NCE_Y: 0.796 
(epoch: 57, iters: 7260, time: 0.053, data: 0.001) G_GAN: 1.013 D_real: 0.000 D_fake: 0.001 G: 1.995 NCE: 1.187 NCE_Y: 0.776 
(epoch: 57, iters: 7360, time: 0.053, data: 0.002) G_GAN: 1.011 D_real: 0.000 D_fake: 0.001 G: 2.003 NCE: 1.216 NCE_Y: 0.769 
(epoch: 57, iters: 7460, time: 0.053, data: 0.001) G_GAN: 1.001 D_real: 0.001 D_fake: 0.001 G: 1.990 NCE: 1.182 NCE_Y: 0.795 
(epoch: 57, iters: 7560, time: 0.053, data: 0.001) G_GAN: 1.018 D_real: 0.000 D_fake: 0.001 G: 2.000 NCE: 1.203 NCE_Y: 0.762 
(epoch: 57, iters: 7660, time: 0.053, data: 0.001) G_GAN: 0.995 D_real: 0.000 D_fake: 0.001 G: 1.977 NCE: 1.179 NCE_Y: 0.785 
(epoch: 57, iters: 7760, time: 0.053, data: 0.001) G_GAN: 1.003 D_real: 0.001 D_fake: 0.001 G: 1.984 NCE: 1.187 NCE_Y: 0.776 
(epoch: 57, iters: 7860, time: 0.053, data: 0.001) G_GAN: 1.006 D_real: 0.000 D_fake: 0.000 G: 1.982 NCE: 1.167 NCE_Y: 0.785 
(epoch: 57, iters: 7960, time: 0.053, data: 0.001) G_GAN: 1.000 D_real: 0.000 D_fake: 0.001 G: 2.017 NCE: 1.194 NCE_Y: 0.839 
End of epoch 57 / 60 	 Time Taken: 442 sec
learning rate = 0.0000194
(epoch: 58, iters: 20, time: 0.053, data: 0.001) G_GAN: 0.992 D_real: 0.000 D_fake: 0.001 G: 1.992 NCE: 1.203 NCE_Y: 0.799 
(epoch: 58, iters: 120, time: 0.053, data: 0.001) G_GAN: 0.990 D_real: 0.000 D_fake: 0.001 G: 1.989 NCE: 1.208 NCE_Y: 0.790 
(epoch: 58, iters: 220, time: 0.053, data: 0.001) G_GAN: 0.994 D_real: 0.000 D_fake: 0.002 G: 1.988 NCE: 1.202 NCE_Y: 0.786 
(epoch: 58, iters: 320, time: 0.053, data: 0.001) G_GAN: 1.009 D_real: 0.000 D_fake: 0.001 G: 2.018 NCE: 1.219 NCE_Y: 0.798 
(epoch: 58, iters: 420, time: 0.053, data: 0.001) G_GAN: 1.008 D_real: 0.000 D_fake: 0.001 G: 1.975 NCE: 1.159 NCE_Y: 0.777 
(epoch: 58, iters: 520, time: 0.053, data: 0.002) G_GAN: 0.993 D_real: 0.000 D_fake: 0.001 G: 1.989 NCE: 1.201 NCE_Y: 0.791 
(epoch: 58, iters: 620, time: 0.053, data: 0.002) G_GAN: 1.022 D_real: 0.000 D_fake: 0.001 G: 2.000 NCE: 1.166 NCE_Y: 0.789 
(epoch: 58, iters: 720, time: 0.052, data: 0.001) G_GAN: 1.007 D_real: 0.000 D_fake: 0.001 G: 1.990 NCE: 1.196 NCE_Y: 0.770 
(epoch: 58, iters: 820, time: 0.052, data: 0.001) G_GAN: 0.994 D_real: 0.001 D_fake: 0.001 G: 2.000 NCE: 1.202 NCE_Y: 0.811 
(epoch: 58, iters: 920, time: 0.052, data: 0.001) G_GAN: 0.996 D_real: 0.000 D_fake: 0.001 G: 1.985 NCE: 1.171 NCE_Y: 0.807 
(epoch: 58, iters: 1020, time: 0.053, data: 0.001) G_GAN: 1.001 D_real: 0.000 D_fake: 0.001 G: 1.984 NCE: 1.177 NCE_Y: 0.790 
(epoch: 58, iters: 1120, time: 0.053, data: 0.002) G_GAN: 1.000 D_real: 0.000 D_fake: 0.001 G: 1.986 NCE: 1.214 NCE_Y: 0.758 
(epoch: 58, iters: 1220, time: 0.053, data: 0.001) G_GAN: 1.000 D_real: 0.001 D_fake: 0.001 G: 2.020 NCE: 1.198 NCE_Y: 0.843 
(epoch: 58, iters: 1320, time: 0.053, data: 0.002) G_GAN: 1.012 D_real: 0.000 D_fake: 0.001 G: 2.015 NCE: 1.200 NCE_Y: 0.806 
(epoch: 58, iters: 1420, time: 0.053, data: 0.002) G_GAN: 0.993 D_real: 0.000 D_fake: 0.001 G: 1.984 NCE: 1.210 NCE_Y: 0.772 
(epoch: 58, iters: 1520, time: 0.053, data: 0.002) G_GAN: 1.000 D_real: 0.000 D_fake: 0.001 G: 1.995 NCE: 1.188 NCE_Y: 0.801 
(epoch: 58, iters: 1620, time: 0.053, data: 0.002) G_GAN: 0.985 D_real: 0.000 D_fake: 0.001 G: 1.969 NCE: 1.202 NCE_Y: 0.767 
(epoch: 58, iters: 1720, time: 0.053, data: 0.001) G_GAN: 1.013 D_real: 0.000 D_fake: 0.001 G: 2.045 NCE: 1.276 NCE_Y: 0.788 
saving the latest model (epoch 58, total_iters 460000)
doctr_SELFF_to_SD_fixed_nl2
(epoch: 58, iters: 1820, time: 0.053, data: 0.002) G_GAN: 1.010 D_real: 0.001 D_fake: 0.002 G: 2.023 NCE: 1.193 NCE_Y: 0.832 
(epoch: 58, iters: 1920, time: 0.053, data: 0.001) G_GAN: 1.014 D_real: 0.000 D_fake: 0.001 G: 1.994 NCE: 1.177 NCE_Y: 0.782 
(epoch: 58, iters: 2020, time: 0.053, data: 0.001) G_GAN: 0.980 D_real: 0.000 D_fake: 0.001 G: 1.995 NCE: 1.217 NCE_Y: 0.814 
(epoch: 58, iters: 2120, time: 0.053, data: 0.002) G_GAN: 0.986 D_real: 0.000 D_fake: 0.001 G: 1.989 NCE: 1.205 NCE_Y: 0.802 
(epoch: 58, iters: 2220, time: 0.053, data: 0.005) G_GAN: 1.021 D_real: 0.001 D_fake: 0.001 G: 1.994 NCE: 1.169 NCE_Y: 0.778 
(epoch: 58, iters: 2320, time: 0.053, data: 0.001) G_GAN: 1.013 D_real: 0.000 D_fake: 0.000 G: 2.017 NCE: 1.210 NCE_Y: 0.798 
(epoch: 58, iters: 2420, time: 0.053, data: 0.002) G_GAN: 1.006 D_real: 0.000 D_fake: 0.000 G: 2.043 NCE: 1.224 NCE_Y: 0.850 
(epoch: 58, iters: 2520, time: 0.053, data: 0.001) G_GAN: 1.004 D_real: 0.000 D_fake: 0.001 G: 2.007 NCE: 1.203 NCE_Y: 0.803 
(epoch: 58, iters: 2620, time: 0.052, data: 0.001) G_GAN: 0.979 D_real: 0.000 D_fake: 0.001 G: 2.000 NCE: 1.204 NCE_Y: 0.838 
(epoch: 58, iters: 2720, time: 0.052, data: 0.001) G_GAN: 1.031 D_real: 0.000 D_fake: 0.001 G: 2.037 NCE: 1.199 NCE_Y: 0.813 
(epoch: 58, iters: 2820, time: 0.052, data: 0.001) G_GAN: 0.994 D_real: 0.000 D_fake: 0.002 G: 1.978 NCE: 1.175 NCE_Y: 0.794 
(epoch: 58, iters: 2920, time: 0.052, data: 0.001) G_GAN: 0.980 D_real: 0.001 D_fake: 0.001 G: 1.976 NCE: 1.198 NCE_Y: 0.795 
(epoch: 58, iters: 3020, time: 0.052, data: 0.002) G_GAN: 0.979 D_real: 0.000 D_fake: 0.002 G: 1.984 NCE: 1.219 NCE_Y: 0.791 
(epoch: 58, iters: 3120, time: 0.053, data: 0.003) G_GAN: 0.987 D_real: 0.000 D_fake: 0.001 G: 1.999 NCE: 1.211 NCE_Y: 0.812 
(epoch: 58, iters: 3220, time: 0.053, data: 0.002) G_GAN: 0.987 D_real: 0.000 D_fake: 0.001 G: 1.971 NCE: 1.190 NCE_Y: 0.778 
(epoch: 58, iters: 3320, time: 0.053, data: 0.001) G_GAN: 1.004 D_real: 0.000 D_fake: 0.001 G: 2.004 NCE: 1.236 NCE_Y: 0.763 
(epoch: 58, iters: 3420, time: 0.053, data: 0.001) G_GAN: 1.019 D_real: 0.000 D_fake: 0.002 G: 2.023 NCE: 1.216 NCE_Y: 0.794 
(epoch: 58, iters: 3520, time: 0.053, data: 0.001) G_GAN: 0.972 D_real: 0.001 D_fake: 0.002 G: 1.958 NCE: 1.178 NCE_Y: 0.793 
(epoch: 58, iters: 3620, time: 0.053, data: 0.001) G_GAN: 0.944 D_real: 0.001 D_fake: 0.003 G: 1.930 NCE: 1.196 NCE_Y: 0.776 
(epoch: 58, iters: 3720, time: 0.053, data: 0.001) G_GAN: 1.003 D_real: 0.000 D_fake: 0.001 G: 2.023 NCE: 1.229 NCE_Y: 0.812 
(epoch: 58, iters: 3820, time: 0.053, data: 0.001) G_GAN: 0.984 D_real: 0.001 D_fake: 0.002 G: 1.973 NCE: 1.187 NCE_Y: 0.792 
(epoch: 58, iters: 3920, time: 0.053, data: 0.002) G_GAN: 0.993 D_real: 0.000 D_fake: 0.002 G: 1.988 NCE: 1.218 NCE_Y: 0.773 
(epoch: 58, iters: 4020, time: 0.053, data: 0.001) G_GAN: 0.970 D_real: 0.001 D_fake: 0.002 G: 1.991 NCE: 1.206 NCE_Y: 0.836 
(epoch: 58, iters: 4120, time: 0.053, data: 0.001) G_GAN: 0.978 D_real: 0.001 D_fake: 0.002 G: 1.989 NCE: 1.219 NCE_Y: 0.802 
(epoch: 58, iters: 4220, time: 0.053, data: 0.001) G_GAN: 0.986 D_real: 0.001 D_fake: 0.001 G: 1.976 NCE: 1.193 NCE_Y: 0.787 
(epoch: 58, iters: 4320, time: 0.053, data: 0.001) G_GAN: 1.060 D_real: 0.001 D_fake: 0.005 G: 2.065 NCE: 1.226 NCE_Y: 0.785 
(epoch: 58, iters: 4420, time: 0.053, data: 0.001) G_GAN: 1.042 D_real: 0.002 D_fake: 0.004 G: 2.068 NCE: 1.212 NCE_Y: 0.839 
(epoch: 58, iters: 4520, time: 0.052, data: 0.001) G_GAN: 1.118 D_real: 0.001 D_fake: 0.006 G: 2.145 NCE: 1.228 NCE_Y: 0.825 
(epoch: 58, iters: 4620, time: 0.053, data: 0.001) G_GAN: 1.024 D_real: 0.001 D_fake: 0.002 G: 2.038 NCE: 1.230 NCE_Y: 0.798 
(epoch: 58, iters: 4720, time: 0.052, data: 0.001) G_GAN: 0.952 D_real: 0.001 D_fake: 0.004 G: 1.959 NCE: 1.207 NCE_Y: 0.807 
(epoch: 58, iters: 4820, time: 0.053, data: 0.001) G_GAN: 0.833 D_real: 0.004 D_fake: 0.021 G: 1.884 NCE: 1.297 NCE_Y: 0.805 
(epoch: 58, iters: 4920, time: 0.053, data: 0.001) G_GAN: 0.903 D_real: 0.019 D_fake: 0.007 G: 1.935 NCE: 1.261 NCE_Y: 0.804 
(epoch: 58, iters: 5020, time: 0.052, data: 0.001) G_GAN: 1.139 D_real: 0.003 D_fake: 0.013 G: 2.193 NCE: 1.283 NCE_Y: 0.825 
(epoch: 58, iters: 5120, time: 0.052, data: 0.001) G_GAN: 0.822 D_real: 0.002 D_fake: 0.034 G: 1.855 NCE: 1.240 NCE_Y: 0.827 
(epoch: 58, iters: 5220, time: 0.052, data: 0.003) G_GAN: 0.970 D_real: 0.004 D_fake: 0.004 G: 2.000 NCE: 1.222 NCE_Y: 0.838 
(epoch: 58, iters: 5320, time: 0.053, data: 0.001) G_GAN: 0.897 D_real: 0.005 D_fake: 0.014 G: 1.966 NCE: 1.289 NCE_Y: 0.850 
(epoch: 58, iters: 5420, time: 0.053, data: 0.001) G_GAN: 0.994 D_real: 0.003 D_fake: 0.003 G: 2.055 NCE: 1.311 NCE_Y: 0.810 
(epoch: 58, iters: 5520, time: 0.053, data: 0.001) G_GAN: 1.012 D_real: 0.021 D_fake: 0.004 G: 2.056 NCE: 1.290 NCE_Y: 0.798 
(epoch: 58, iters: 5620, time: 0.053, data: 0.001) G_GAN: 0.859 D_real: 0.005 D_fake: 0.016 G: 1.883 NCE: 1.249 NCE_Y: 0.799 
(epoch: 58, iters: 5720, time: 0.053, data: 0.001) G_GAN: 1.000 D_real: 0.013 D_fake: 0.003 G: 2.008 NCE: 1.215 NCE_Y: 0.801 
(epoch: 58, iters: 5820, time: 0.053, data: 0.002) G_GAN: 1.083 D_real: 0.006 D_fake: 0.005 G: 2.122 NCE: 1.273 NCE_Y: 0.805 
(epoch: 58, iters: 5920, time: 0.053, data: 0.001) G_GAN: 0.941 D_real: 0.021 D_fake: 0.004 G: 1.993 NCE: 1.238 NCE_Y: 0.866 
(epoch: 58, iters: 6020, time: 0.053, data: 0.001) G_GAN: 0.893 D_real: 0.011 D_fake: 0.007 G: 1.982 NCE: 1.280 NCE_Y: 0.899 
(epoch: 58, iters: 6120, time: 0.052, data: 0.001) G_GAN: 1.053 D_real: 0.003 D_fake: 0.003 G: 2.087 NCE: 1.246 NCE_Y: 0.823 
(epoch: 58, iters: 6220, time: 0.052, data: 0.004) G_GAN: 0.947 D_real: 0.004 D_fake: 0.003 G: 1.976 NCE: 1.248 NCE_Y: 0.810 
(epoch: 58, iters: 6320, time: 0.053, data: 0.001) G_GAN: 1.093 D_real: 0.005 D_fake: 0.006 G: 2.138 NCE: 1.276 NCE_Y: 0.813 
(epoch: 58, iters: 6420, time: 0.053, data: 0.001) G_GAN: 1.138 D_real: 0.022 D_fake: 0.011 G: 2.214 NCE: 1.298 NCE_Y: 0.854 
(epoch: 58, iters: 6520, time: 0.053, data: 0.001) G_GAN: 0.983 D_real: 0.005 D_fake: 0.001 G: 2.032 NCE: 1.269 NCE_Y: 0.828 
(epoch: 58, iters: 6620, time: 0.053, data: 0.002) G_GAN: 0.925 D_real: 0.003 D_fake: 0.005 G: 1.943 NCE: 1.240 NCE_Y: 0.797 
(epoch: 58, iters: 6720, time: 0.053, data: 0.001) G_GAN: 1.077 D_real: 0.004 D_fake: 0.005 G: 2.146 NCE: 1.320 NCE_Y: 0.818 
saving the latest model (epoch 58, total_iters 465000)
doctr_SELFF_to_SD_fixed_nl2
(epoch: 58, iters: 6820, time: 0.053, data: 0.001) G_GAN: 1.001 D_real: 0.017 D_fake: 0.002 G: 2.097 NCE: 1.335 NCE_Y: 0.857 
(epoch: 58, iters: 6920, time: 0.053, data: 0.001) G_GAN: 0.941 D_real: 0.004 D_fake: 0.003 G: 2.006 NCE: 1.245 NCE_Y: 0.885 
(epoch: 58, iters: 7020, time: 0.053, data: 0.001) G_GAN: 1.053 D_real: 0.008 D_fake: 0.003 G: 2.101 NCE: 1.256 NCE_Y: 0.840 
(epoch: 58, iters: 7120, time: 0.053, data: 0.001) G_GAN: 0.963 D_real: 0.003 D_fake: 0.004 G: 1.982 NCE: 1.238 NCE_Y: 0.801 
(epoch: 58, iters: 7220, time: 0.052, data: 0.001) G_GAN: 0.977 D_real: 0.004 D_fake: 0.002 G: 2.008 NCE: 1.251 NCE_Y: 0.812 
(epoch: 58, iters: 7320, time: 0.052, data: 0.001) G_GAN: 0.855 D_real: 0.003 D_fake: 0.012 G: 1.876 NCE: 1.231 NCE_Y: 0.811 
(epoch: 58, iters: 7420, time: 0.053, data: 0.002) G_GAN: 1.070 D_real: 0.004 D_fake: 0.003 G: 2.098 NCE: 1.229 NCE_Y: 0.826 
(epoch: 58, iters: 7520, time: 0.053, data: 0.001) G_GAN: 1.027 D_real: 0.007 D_fake: 0.004 G: 2.066 NCE: 1.262 NCE_Y: 0.817 
(epoch: 58, iters: 7620, time: 0.053, data: 0.001) G_GAN: 0.833 D_real: 0.016 D_fake: 0.009 G: 1.904 NCE: 1.306 NCE_Y: 0.837 
(epoch: 58, iters: 7720, time: 0.053, data: 0.001) G_GAN: 0.835 D_real: 0.006 D_fake: 0.016 G: 1.915 NCE: 1.321 NCE_Y: 0.839 
(epoch: 58, iters: 7820, time: 0.053, data: 0.001) G_GAN: 1.050 D_real: 0.009 D_fake: 0.003 G: 2.101 NCE: 1.274 NCE_Y: 0.826 
(epoch: 58, iters: 7920, time: 0.053, data: 0.002) G_GAN: 0.997 D_real: 0.009 D_fake: 0.002 G: 2.092 NCE: 1.289 NCE_Y: 0.901 
(epoch: 58, iters: 8020, time: 0.053, data: 0.002) G_GAN: 0.941 D_real: 0.008 D_fake: 0.003 G: 1.989 NCE: 1.250 NCE_Y: 0.844 
End of epoch 58 / 60 	 Time Taken: 442 sec
learning rate = 0.0000129
(epoch: 59, iters: 80, time: 0.053, data: 0.001) G_GAN: 0.987 D_real: 0.003 D_fake: 0.003 G: 2.041 NCE: 1.297 NCE_Y: 0.811 
(epoch: 59, iters: 180, time: 0.053, data: 0.001) G_GAN: 1.018 D_real: 0.006 D_fake: 0.002 G: 2.069 NCE: 1.248 NCE_Y: 0.856 
(epoch: 59, iters: 280, time: 0.053, data: 0.001) G_GAN: 0.950 D_real: 0.003 D_fake: 0.002 G: 2.004 NCE: 1.268 NCE_Y: 0.840 
(epoch: 59, iters: 380, time: 0.053, data: 0.001) G_GAN: 0.986 D_real: 0.003 D_fake: 0.003 G: 2.051 NCE: 1.300 NCE_Y: 0.829 
(epoch: 59, iters: 480, time: 0.053, data: 0.001) G_GAN: 1.166 D_real: 0.004 D_fake: 0.013 G: 2.226 NCE: 1.283 NCE_Y: 0.838 
(epoch: 59, iters: 580, time: 0.054, data: 0.001) G_GAN: 0.798 D_real: 0.011 D_fake: 0.020 G: 1.861 NCE: 1.266 NCE_Y: 0.860 
(epoch: 59, iters: 680, time: 0.054, data: 0.001) G_GAN: 0.978 D_real: 0.010 D_fake: 0.004 G: 2.046 NCE: 1.268 NCE_Y: 0.868 
(epoch: 59, iters: 780, time: 0.053, data: 0.001) G_GAN: 0.819 D_real: 0.006 D_fake: 0.017 G: 1.866 NCE: 1.250 NCE_Y: 0.845 
(epoch: 59, iters: 880, time: 0.053, data: 0.001) G_GAN: 1.057 D_real: 0.042 D_fake: 0.009 G: 2.142 NCE: 1.263 NCE_Y: 0.907 
(epoch: 59, iters: 980, time: 0.053, data: 0.001) G_GAN: 0.888 D_real: 0.006 D_fake: 0.009 G: 1.968 NCE: 1.292 NCE_Y: 0.869 
(epoch: 59, iters: 1080, time: 0.053, data: 0.001) G_GAN: 0.939 D_real: 0.008 D_fake: 0.005 G: 2.029 NCE: 1.361 NCE_Y: 0.820 
(epoch: 59, iters: 1180, time: 0.053, data: 0.002) G_GAN: 0.903 D_real: 0.005 D_fake: 0.010 G: 1.950 NCE: 1.255 NCE_Y: 0.840 
(epoch: 59, iters: 1280, time: 0.053, data: 0.001) G_GAN: 1.115 D_real: 0.005 D_fake: 0.007 G: 2.190 NCE: 1.315 NCE_Y: 0.834 
(epoch: 59, iters: 1380, time: 0.053, data: 0.001) G_GAN: 0.960 D_real: 0.005 D_fake: 0.004 G: 2.030 NCE: 1.290 NCE_Y: 0.852 
(epoch: 59, iters: 1480, time: 0.053, data: 0.002) G_GAN: 1.119 D_real: 0.005 D_fake: 0.009 G: 2.217 NCE: 1.343 NCE_Y: 0.853 
(epoch: 59, iters: 1580, time: 0.053, data: 0.001) G_GAN: 0.986 D_real: 0.009 D_fake: 0.003 G: 2.020 NCE: 1.224 NCE_Y: 0.845 
(epoch: 59, iters: 1680, time: 0.053, data: 0.001) G_GAN: 0.921 D_real: 0.013 D_fake: 0.009 G: 1.983 NCE: 1.257 NCE_Y: 0.867 
(epoch: 59, iters: 1780, time: 0.053, data: 0.001) G_GAN: 0.987 D_real: 0.007 D_fake: 0.004 G: 2.013 NCE: 1.229 NCE_Y: 0.824 
(epoch: 59, iters: 1880, time: 0.053, data: 0.001) G_GAN: 0.903 D_real: 0.009 D_fake: 0.011 G: 2.093 NCE: 1.490 NCE_Y: 0.890 
(epoch: 59, iters: 1980, time: 0.053, data: 0.001) G_GAN: 1.092 D_real: 0.005 D_fake: 0.007 G: 2.196 NCE: 1.364 NCE_Y: 0.842 
(epoch: 59, iters: 2080, time: 0.053, data: 0.001) G_GAN: 0.880 D_real: 0.007 D_fake: 0.019 G: 1.904 NCE: 1.235 NCE_Y: 0.812 
(epoch: 59, iters: 2180, time: 0.053, data: 0.001) G_GAN: 0.974 D_real: 0.004 D_fake: 0.005 G: 2.043 NCE: 1.279 NCE_Y: 0.859 
(epoch: 59, iters: 2280, time: 0.053, data: 0.001) G_GAN: 1.138 D_real: 0.005 D_fake: 0.011 G: 2.255 NCE: 1.377 NCE_Y: 0.855 
(epoch: 59, iters: 2380, time: 0.053, data: 0.001) G_GAN: 0.933 D_real: 0.005 D_fake: 0.004 G: 2.016 NCE: 1.280 NCE_Y: 0.887 
(epoch: 59, iters: 2480, time: 0.053, data: 0.001) G_GAN: 0.792 D_real: 0.026 D_fake: 0.017 G: 1.856 NCE: 1.255 NCE_Y: 0.872 
(epoch: 59, iters: 2580, time: 0.053, data: 0.001) G_GAN: 0.969 D_real: 0.007 D_fake: 0.003 G: 2.039 NCE: 1.253 NCE_Y: 0.886 
(epoch: 59, iters: 2680, time: 0.053, data: 0.001) G_GAN: 0.950 D_real: 0.004 D_fake: 0.005 G: 1.995 NCE: 1.239 NCE_Y: 0.851 
(epoch: 59, iters: 2780, time: 0.053, data: 0.001) G_GAN: 1.016 D_real: 0.005 D_fake: 0.004 G: 2.096 NCE: 1.343 NCE_Y: 0.817 
(epoch: 59, iters: 2880, time: 0.053, data: 0.003) G_GAN: 0.807 D_real: 0.007 D_fake: 0.018 G: 1.865 NCE: 1.266 NCE_Y: 0.850 
(epoch: 59, iters: 2980, time: 0.053, data: 0.001) G_GAN: 1.007 D_real: 0.025 D_fake: 0.003 G: 2.074 NCE: 1.259 NCE_Y: 0.875 
(epoch: 59, iters: 3080, time: 0.052, data: 0.001) G_GAN: 0.908 D_real: 0.005 D_fake: 0.007 G: 1.961 NCE: 1.258 NCE_Y: 0.848 
(epoch: 59, iters: 3180, time: 0.053, data: 0.001) G_GAN: 0.941 D_real: 0.005 D_fake: 0.003 G: 1.979 NCE: 1.222 NCE_Y: 0.853 
(epoch: 59, iters: 3280, time: 0.052, data: 0.001) G_GAN: 0.907 D_real: 0.003 D_fake: 0.007 G: 1.984 NCE: 1.306 NCE_Y: 0.848 
(epoch: 59, iters: 3380, time: 0.052, data: 0.001) G_GAN: 1.053 D_real: 0.005 D_fake: 0.005 G: 2.108 NCE: 1.277 NCE_Y: 0.834 
(epoch: 59, iters: 3480, time: 0.052, data: 0.001) G_GAN: 0.940 D_real: 0.013 D_fake: 0.005 G: 2.007 NCE: 1.249 NCE_Y: 0.886 
(epoch: 59, iters: 3580, time: 0.052, data: 0.002) G_GAN: 0.876 D_real: 0.006 D_fake: 0.011 G: 1.964 NCE: 1.326 NCE_Y: 0.849 
(epoch: 59, iters: 3680, time: 0.053, data: 0.001) G_GAN: 0.974 D_real: 0.006 D_fake: 0.003 G: 2.021 NCE: 1.277 NCE_Y: 0.817 
saving the latest model (epoch 59, total_iters 470000)
doctr_SELFF_to_SD_fixed_nl2
(epoch: 59, iters: 3780, time: 0.053, data: 0.001) G_GAN: 0.971 D_real: 0.005 D_fake: 0.006 G: 2.028 NCE: 1.256 NCE_Y: 0.857 
(epoch: 59, iters: 3880, time: 0.053, data: 0.001) G_GAN: 0.894 D_real: 0.010 D_fake: 0.009 G: 1.960 NCE: 1.243 NCE_Y: 0.889 
(epoch: 59, iters: 3980, time: 0.053, data: 0.001) G_GAN: 0.980 D_real: 0.005 D_fake: 0.004 G: 2.090 NCE: 1.378 NCE_Y: 0.842 
(epoch: 59, iters: 4080, time: 0.053, data: 0.002) G_GAN: 1.123 D_real: 0.006 D_fake: 0.008 G: 2.172 NCE: 1.239 NCE_Y: 0.859 
(epoch: 59, iters: 4180, time: 0.053, data: 0.001) G_GAN: 0.910 D_real: 0.005 D_fake: 0.010 G: 1.993 NCE: 1.309 NCE_Y: 0.856 
(epoch: 59, iters: 4280, time: 0.053, data: 0.001) G_GAN: 1.050 D_real: 0.004 D_fake: 0.007 G: 2.167 NCE: 1.368 NCE_Y: 0.867 
(epoch: 59, iters: 4380, time: 0.053, data: 0.001) G_GAN: 0.936 D_real: 0.006 D_fake: 0.005 G: 2.012 NCE: 1.296 NCE_Y: 0.857 
(epoch: 59, iters: 4480, time: 0.053, data: 0.002) G_GAN: 0.834 D_real: 0.006 D_fake: 0.014 G: 1.919 NCE: 1.328 NCE_Y: 0.841 
(epoch: 59, iters: 4580, time: 0.053, data: 0.001) G_GAN: 0.970 D_real: 0.006 D_fake: 0.003 G: 2.060 NCE: 1.310 NCE_Y: 0.871 
(epoch: 59, iters: 4680, time: 0.053, data: 0.001) G_GAN: 0.934 D_real: 0.025 D_fake: 0.004 G: 1.990 NCE: 1.224 NCE_Y: 0.886 
(epoch: 59, iters: 4780, time: 0.053, data: 0.001) G_GAN: 1.013 D_real: 0.005 D_fake: 0.004 G: 2.043 NCE: 1.221 NCE_Y: 0.839 
(epoch: 59, iters: 4880, time: 0.054, data: 0.001) G_GAN: 1.041 D_real: 0.040 D_fake: 0.004 G: 2.082 NCE: 1.218 NCE_Y: 0.864 
(epoch: 59, iters: 4980, time: 0.054, data: 0.001) G_GAN: 0.971 D_real: 0.007 D_fake: 0.004 G: 2.044 NCE: 1.309 NCE_Y: 0.838 
(epoch: 59, iters: 5080, time: 0.054, data: 0.001) G_GAN: 0.924 D_real: 0.006 D_fake: 0.007 G: 1.995 NCE: 1.295 NCE_Y: 0.846 
(epoch: 59, iters: 5180, time: 0.053, data: 0.001) G_GAN: 0.861 D_real: 0.007 D_fake: 0.007 G: 1.932 NCE: 1.286 NCE_Y: 0.856 
(epoch: 59, iters: 5280, time: 0.053, data: 0.001) G_GAN: 1.024 D_real: 0.004 D_fake: 0.003 G: 2.089 NCE: 1.272 NCE_Y: 0.857 
(epoch: 59, iters: 5380, time: 0.053, data: 0.006) G_GAN: 0.947 D_real: 0.012 D_fake: 0.004 G: 2.005 NCE: 1.256 NCE_Y: 0.861 
(epoch: 59, iters: 5480, time: 0.053, data: 0.001) G_GAN: 0.899 D_real: 0.006 D_fake: 0.007 G: 1.977 NCE: 1.312 NCE_Y: 0.845 
(epoch: 59, iters: 5580, time: 0.052, data: 0.001) G_GAN: 0.885 D_real: 0.007 D_fake: 0.010 G: 1.917 NCE: 1.235 NCE_Y: 0.829 
(epoch: 59, iters: 5680, time: 0.052, data: 0.001) G_GAN: 1.031 D_real: 0.014 D_fake: 0.003 G: 2.097 NCE: 1.285 NCE_Y: 0.846 
(epoch: 59, iters: 5780, time: 0.052, data: 0.001) G_GAN: 0.831 D_real: 0.004 D_fake: 0.021 G: 1.894 NCE: 1.290 NCE_Y: 0.837 
(epoch: 59, iters: 5880, time: 0.052, data: 0.001) G_GAN: 0.915 D_real: 0.004 D_fake: 0.006 G: 1.969 NCE: 1.259 NCE_Y: 0.849 
(epoch: 59, iters: 5980, time: 0.053, data: 0.001) G_GAN: 0.942 D_real: 0.008 D_fake: 0.005 G: 1.998 NCE: 1.218 NCE_Y: 0.893 
(epoch: 59, iters: 6080, time: 0.052, data: 0.001) G_GAN: 0.881 D_real: 0.009 D_fake: 0.010 G: 1.906 NCE: 1.193 NCE_Y: 0.857 
(epoch: 59, iters: 6180, time: 0.053, data: 0.001) G_GAN: 0.941 D_real: 0.013 D_fake: 0.006 G: 2.015 NCE: 1.287 NCE_Y: 0.861 
(epoch: 59, iters: 6280, time: 0.053, data: 0.001) G_GAN: 1.068 D_real: 0.005 D_fake: 0.004 G: 2.085 NCE: 1.200 NCE_Y: 0.833 
(epoch: 59, iters: 6380, time: 0.053, data: 0.001) G_GAN: 0.988 D_real: 0.006 D_fake: 0.006 G: 2.051 NCE: 1.273 NCE_Y: 0.852 
(epoch: 59, iters: 6480, time: 0.053, data: 0.001) G_GAN: 0.960 D_real: 0.007 D_fake: 0.006 G: 2.017 NCE: 1.282 NCE_Y: 0.832 
(epoch: 59, iters: 6580, time: 0.053, data: 0.001) G_GAN: 0.936 D_real: 0.008 D_fake: 0.007 G: 1.976 NCE: 1.245 NCE_Y: 0.835 
(epoch: 59, iters: 6680, time: 0.053, data: 0.001) G_GAN: 1.018 D_real: 0.011 D_fake: 0.004 G: 2.091 NCE: 1.257 NCE_Y: 0.887 
(epoch: 59, iters: 6780, time: 0.053, data: 0.002) G_GAN: 0.887 D_real: 0.004 D_fake: 0.009 G: 1.937 NCE: 1.245 NCE_Y: 0.857 
(epoch: 59, iters: 6880, time: 0.053, data: 0.001) G_GAN: 0.917 D_real: 0.004 D_fake: 0.008 G: 1.971 NCE: 1.262 NCE_Y: 0.847 
(epoch: 59, iters: 6980, time: 0.053, data: 0.001) G_GAN: 1.047 D_real: 0.011 D_fake: 0.006 G: 2.127 NCE: 1.236 NCE_Y: 0.925 
(epoch: 59, iters: 7080, time: 0.053, data: 0.001) G_GAN: 0.908 D_real: 0.007 D_fake: 0.009 G: 1.937 NCE: 1.220 NCE_Y: 0.837 
(epoch: 59, iters: 7180, time: 0.053, data: 0.001) G_GAN: 0.983 D_real: 0.005 D_fake: 0.003 G: 2.003 NCE: 1.193 NCE_Y: 0.847 
(epoch: 59, iters: 7280, time: 0.053, data: 0.001) G_GAN: 1.223 D_real: 0.007 D_fake: 0.025 G: 2.272 NCE: 1.254 NCE_Y: 0.844 
(epoch: 59, iters: 7380, time: 0.053, data: 0.001) G_GAN: 1.074 D_real: 0.006 D_fake: 0.007 G: 2.102 NCE: 1.237 NCE_Y: 0.818 
(epoch: 59, iters: 7480, time: 0.053, data: 0.001) G_GAN: 1.236 D_real: 0.017 D_fake: 0.032 G: 2.317 NCE: 1.325 NCE_Y: 0.836 
(epoch: 59, iters: 7580, time: 0.053, data: 0.001) G_GAN: 0.955 D_real: 0.009 D_fake: 0.006 G: 1.982 NCE: 1.214 NCE_Y: 0.839 
(epoch: 59, iters: 7680, time: 0.053, data: 0.001) G_GAN: 0.925 D_real: 0.004 D_fake: 0.006 G: 1.952 NCE: 1.199 NCE_Y: 0.856 
(epoch: 59, iters: 7780, time: 0.053, data: 0.002) G_GAN: 1.016 D_real: 0.007 D_fake: 0.005 G: 2.063 NCE: 1.252 NCE_Y: 0.842 
(epoch: 59, iters: 7880, time: 0.052, data: 0.001) G_GAN: 0.995 D_real: 0.005 D_fake: 0.005 G: 2.073 NCE: 1.320 NCE_Y: 0.836 
(epoch: 59, iters: 7980, time: 0.053, data: 0.001) G_GAN: 1.092 D_real: 0.006 D_fake: 0.007 G: 2.135 NCE: 1.254 NCE_Y: 0.831 
End of epoch 59 / 60 	 Time Taken: 443 sec
learning rate = 0.0000065
(epoch: 60, iters: 40, time: 0.053, data: 0.001) G_GAN: 0.924 D_real: 0.005 D_fake: 0.005 G: 1.935 NCE: 1.205 NCE_Y: 0.815 
(epoch: 60, iters: 140, time: 0.053, data: 0.001) G_GAN: 0.853 D_real: 0.005 D_fake: 0.011 G: 1.854 NCE: 1.182 NCE_Y: 0.821 
(epoch: 60, iters: 240, time: 0.053, data: 0.001) G_GAN: 0.944 D_real: 0.010 D_fake: 0.006 G: 1.995 NCE: 1.226 NCE_Y: 0.877 
(epoch: 60, iters: 340, time: 0.053, data: 0.001) G_GAN: 1.035 D_real: 0.007 D_fake: 0.003 G: 2.074 NCE: 1.236 NCE_Y: 0.842 
(epoch: 60, iters: 440, time: 0.053, data: 0.001) G_GAN: 0.926 D_real: 0.006 D_fake: 0.005 G: 1.937 NCE: 1.176 NCE_Y: 0.845 
(epoch: 60, iters: 540, time: 0.053, data: 0.001) G_GAN: 0.957 D_real: 0.005 D_fake: 0.004 G: 2.053 NCE: 1.385 NCE_Y: 0.805 
(epoch: 60, iters: 640, time: 0.053, data: 0.002) G_GAN: 1.097 D_real: 0.012 D_fake: 0.006 G: 2.266 NCE: 1.439 NCE_Y: 0.899 
saving the latest model (epoch 60, total_iters 475000)
doctr_SELFF_to_SD_fixed_nl2
(epoch: 60, iters: 740, time: 0.052, data: 0.001) G_GAN: 0.982 D_real: 0.010 D_fake: 0.004 G: 2.058 NCE: 1.264 NCE_Y: 0.889 
(epoch: 60, iters: 840, time: 0.052, data: 0.001) G_GAN: 0.867 D_real: 0.023 D_fake: 0.007 G: 1.925 NCE: 1.237 NCE_Y: 0.878 
(epoch: 60, iters: 940, time: 0.053, data: 0.001) G_GAN: 0.871 D_real: 0.015 D_fake: 0.010 G: 1.894 NCE: 1.234 NCE_Y: 0.814 
(epoch: 60, iters: 1040, time: 0.053, data: 0.001) G_GAN: 0.924 D_real: 0.005 D_fake: 0.005 G: 1.960 NCE: 1.253 NCE_Y: 0.819 
(epoch: 60, iters: 1140, time: 0.053, data: 0.001) G_GAN: 0.940 D_real: 0.006 D_fake: 0.006 G: 1.961 NCE: 1.200 NCE_Y: 0.842 
(epoch: 60, iters: 1240, time: 0.053, data: 0.001) G_GAN: 0.893 D_real: 0.005 D_fake: 0.008 G: 1.906 NCE: 1.207 NCE_Y: 0.820 
(epoch: 60, iters: 1340, time: 0.053, data: 0.006) G_GAN: 1.059 D_real: 0.008 D_fake: 0.005 G: 2.105 NCE: 1.251 NCE_Y: 0.840 
(epoch: 60, iters: 1440, time: 0.053, data: 0.001) G_GAN: 0.907 D_real: 0.004 D_fake: 0.006 G: 1.935 NCE: 1.195 NCE_Y: 0.861 
(epoch: 60, iters: 1540, time: 0.054, data: 0.001) G_GAN: 1.005 D_real: 0.010 D_fake: 0.004 G: 2.037 NCE: 1.237 NCE_Y: 0.826 
(epoch: 60, iters: 1640, time: 0.053, data: 0.001) G_GAN: 0.985 D_real: 0.008 D_fake: 0.004 G: 2.050 NCE: 1.245 NCE_Y: 0.884 
(epoch: 60, iters: 1740, time: 0.053, data: 0.001) G_GAN: 0.981 D_real: 0.005 D_fake: 0.004 G: 2.086 NCE: 1.335 NCE_Y: 0.874 
(epoch: 60, iters: 1840, time: 0.053, data: 0.001) G_GAN: 0.914 D_real: 0.008 D_fake: 0.006 G: 1.948 NCE: 1.208 NCE_Y: 0.859 
(epoch: 60, iters: 1940, time: 0.053, data: 0.001) G_GAN: 1.050 D_real: 0.006 D_fake: 0.005 G: 2.035 NCE: 1.141 NCE_Y: 0.830 
(epoch: 60, iters: 2040, time: 0.053, data: 0.001) G_GAN: 0.826 D_real: 0.005 D_fake: 0.014 G: 1.833 NCE: 1.179 NCE_Y: 0.834 
(epoch: 60, iters: 2140, time: 0.053, data: 0.001) G_GAN: 1.012 D_real: 0.015 D_fake: 0.003 G: 2.025 NCE: 1.154 NCE_Y: 0.873 
(epoch: 60, iters: 2240, time: 0.053, data: 0.001) G_GAN: 1.000 D_real: 0.004 D_fake: 0.004 G: 2.025 NCE: 1.217 NCE_Y: 0.832 
(epoch: 60, iters: 2340, time: 0.053, data: 0.001) G_GAN: 0.968 D_real: 0.006 D_fake: 0.005 G: 2.007 NCE: 1.226 NCE_Y: 0.853 
(epoch: 60, iters: 2440, time: 0.053, data: 0.001) G_GAN: 0.827 D_real: 0.007 D_fake: 0.016 G: 1.858 NCE: 1.181 NCE_Y: 0.882 
(epoch: 60, iters: 2540, time: 0.053, data: 0.001) G_GAN: 0.897 D_real: 0.006 D_fake: 0.007 G: 1.919 NCE: 1.216 NCE_Y: 0.827 
(epoch: 60, iters: 2640, time: 0.053, data: 0.001) G_GAN: 0.978 D_real: 0.007 D_fake: 0.005 G: 2.002 NCE: 1.184 NCE_Y: 0.864 
(epoch: 60, iters: 2740, time: 0.053, data: 0.001) G_GAN: 0.926 D_real: 0.012 D_fake: 0.005 G: 1.994 NCE: 1.286 NCE_Y: 0.850 
(epoch: 60, iters: 2840, time: 0.053, data: 0.001) G_GAN: 0.932 D_real: 0.006 D_fake: 0.005 G: 1.937 NCE: 1.162 NCE_Y: 0.847 
(epoch: 60, iters: 2940, time: 0.053, data: 0.002) G_GAN: 0.911 D_real: 0.008 D_fake: 0.005 G: 1.922 NCE: 1.180 NCE_Y: 0.843 
(epoch: 60, iters: 3040, time: 0.053, data: 0.002) G_GAN: 0.962 D_real: 0.009 D_fake: 0.004 G: 2.000 NCE: 1.177 NCE_Y: 0.899 
(epoch: 60, iters: 3140, time: 0.053, data: 0.001) G_GAN: 0.958 D_real: 0.010 D_fake: 0.006 G: 2.016 NCE: 1.246 NCE_Y: 0.872 
(epoch: 60, iters: 3240, time: 0.052, data: 0.001) G_GAN: 0.900 D_real: 0.010 D_fake: 0.008 G: 1.923 NCE: 1.215 NCE_Y: 0.830 
(epoch: 60, iters: 3340, time: 0.053, data: 0.001) G_GAN: 0.950 D_real: 0.007 D_fake: 0.004 G: 1.970 NCE: 1.194 NCE_Y: 0.847 
(epoch: 60, iters: 3440, time: 0.053, data: 0.001) G_GAN: 0.885 D_real: 0.013 D_fake: 0.008 G: 1.905 NCE: 1.196 NCE_Y: 0.844 
(epoch: 60, iters: 3540, time: 0.053, data: 0.001) G_GAN: 0.865 D_real: 0.007 D_fake: 0.010 G: 1.874 NCE: 1.153 NCE_Y: 0.865 
(epoch: 60, iters: 3640, time: 0.052, data: 0.001) G_GAN: 0.920 D_real: 0.022 D_fake: 0.005 G: 1.968 NCE: 1.251 NCE_Y: 0.845 
(epoch: 60, iters: 3740, time: 0.052, data: 0.001) G_GAN: 0.909 D_real: 0.006 D_fake: 0.006 G: 1.936 NCE: 1.174 NCE_Y: 0.881 
(epoch: 60, iters: 3840, time: 0.052, data: 0.001) G_GAN: 1.043 D_real: 0.007 D_fake: 0.005 G: 2.147 NCE: 1.287 NCE_Y: 0.922 
(epoch: 60, iters: 3940, time: 0.052, data: 0.001) G_GAN: 0.983 D_real: 0.009 D_fake: 0.004 G: 2.005 NCE: 1.215 NCE_Y: 0.827 
(epoch: 60, iters: 4040, time: 0.052, data: 0.001) G_GAN: 0.886 D_real: 0.005 D_fake: 0.009 G: 1.898 NCE: 1.194 NCE_Y: 0.831 
(epoch: 60, iters: 4140, time: 0.052, data: 0.001) G_GAN: 0.913 D_real: 0.012 D_fake: 0.003 G: 1.991 NCE: 1.287 NCE_Y: 0.868 
(epoch: 60, iters: 4240, time: 0.052, data: 0.001) G_GAN: 1.065 D_real: 0.011 D_fake: 0.005 G: 2.144 NCE: 1.237 NCE_Y: 0.921 
(epoch: 60, iters: 4340, time: 0.052, data: 0.001) G_GAN: 1.040 D_real: 0.009 D_fake: 0.003 G: 2.150 NCE: 1.319 NCE_Y: 0.900 
(epoch: 60, iters: 4440, time: 0.053, data: 0.001) G_GAN: 0.891 D_real: 0.005 D_fake: 0.009 G: 1.932 NCE: 1.228 NCE_Y: 0.855 
(epoch: 60, iters: 4540, time: 0.052, data: 0.001) G_GAN: 0.981 D_real: 0.010 D_fake: 0.005 G: 2.017 NCE: 1.237 NCE_Y: 0.835 
(epoch: 60, iters: 4640, time: 0.053, data: 0.002) G_GAN: 0.923 D_real: 0.005 D_fake: 0.005 G: 1.962 NCE: 1.220 NCE_Y: 0.859 
(epoch: 60, iters: 4740, time: 0.053, data: 0.001) G_GAN: 0.891 D_real: 0.006 D_fake: 0.008 G: 1.951 NCE: 1.225 NCE_Y: 0.895 
(epoch: 60, iters: 4840, time: 0.053, data: 0.001) G_GAN: 0.858 D_real: 0.020 D_fake: 0.013 G: 1.928 NCE: 1.228 NCE_Y: 0.912 
(epoch: 60, iters: 4940, time: 0.053, data: 0.002) G_GAN: 0.886 D_real: 0.009 D_fake: 0.011 G: 1.944 NCE: 1.239 NCE_Y: 0.877 
(epoch: 60, iters: 5040, time: 0.053, data: 0.001) G_GAN: 0.999 D_real: 0.008 D_fake: 0.005 G: 2.046 NCE: 1.248 NCE_Y: 0.847 
(epoch: 60, iters: 5140, time: 0.052, data: 0.001) G_GAN: 1.077 D_real: 0.007 D_fake: 0.004 G: 2.136 NCE: 1.219 NCE_Y: 0.900 
(epoch: 60, iters: 5240, time: 0.052, data: 0.001) G_GAN: 0.957 D_real: 0.004 D_fake: 0.005 G: 2.013 NCE: 1.244 NCE_Y: 0.867 
(epoch: 60, iters: 5340, time: 0.053, data: 0.001) G_GAN: 0.929 D_real: 0.016 D_fake: 0.006 G: 1.968 NCE: 1.240 NCE_Y: 0.838 
(epoch: 60, iters: 5440, time: 0.053, data: 0.001) G_GAN: 0.869 D_real: 0.011 D_fake: 0.009 G: 1.933 NCE: 1.228 NCE_Y: 0.900 
(epoch: 60, iters: 5540, time: 0.053, data: 0.001) G_GAN: 0.930 D_real: 0.006 D_fake: 0.006 G: 1.971 NCE: 1.256 NCE_Y: 0.826 
(epoch: 60, iters: 5640, time: 0.053, data: 0.001) G_GAN: 0.894 D_real: 0.007 D_fake: 0.010 G: 1.986 NCE: 1.342 NCE_Y: 0.841 
saving the latest model (epoch 60, total_iters 480000)
doctr_SELFF_to_SD_fixed_nl2
(epoch: 60, iters: 5740, time: 0.053, data: 0.001) G_GAN: 1.058 D_real: 0.007 D_fake: 0.005 G: 2.102 NCE: 1.221 NCE_Y: 0.865 
(epoch: 60, iters: 5840, time: 0.054, data: 0.002) G_GAN: 0.877 D_real: 0.006 D_fake: 0.006 G: 1.903 NCE: 1.192 NCE_Y: 0.860 
(epoch: 60, iters: 5940, time: 0.053, data: 0.002) G_GAN: 0.872 D_real: 0.010 D_fake: 0.010 G: 1.909 NCE: 1.188 NCE_Y: 0.887 
(epoch: 60, iters: 6040, time: 0.053, data: 0.002) G_GAN: 1.036 D_real: 0.009 D_fake: 0.004 G: 2.062 NCE: 1.176 NCE_Y: 0.877 
(epoch: 60, iters: 6140, time: 0.053, data: 0.002) G_GAN: 1.207 D_real: 0.011 D_fake: 0.019 G: 2.278 NCE: 1.279 NCE_Y: 0.862 
(epoch: 60, iters: 6240, time: 0.053, data: 0.001) G_GAN: 0.950 D_real: 0.005 D_fake: 0.004 G: 1.962 NCE: 1.194 NCE_Y: 0.832 
(epoch: 60, iters: 6340, time: 0.052, data: 0.001) G_GAN: 0.877 D_real: 0.009 D_fake: 0.009 G: 1.946 NCE: 1.304 NCE_Y: 0.835 
(epoch: 60, iters: 6440, time: 0.052, data: 0.001) G_GAN: 0.891 D_real: 0.017 D_fake: 0.005 G: 1.921 NCE: 1.233 NCE_Y: 0.828 
(epoch: 60, iters: 6540, time: 0.053, data: 0.001) G_GAN: 1.056 D_real: 0.009 D_fake: 0.005 G: 2.127 NCE: 1.226 NCE_Y: 0.916 
(epoch: 60, iters: 6640, time: 0.052, data: 0.001) G_GAN: 0.832 D_real: 0.006 D_fake: 0.015 G: 1.816 NCE: 1.156 NCE_Y: 0.814 
(epoch: 60, iters: 6740, time: 0.052, data: 0.002) G_GAN: 1.137 D_real: 0.006 D_fake: 0.015 G: 2.198 NCE: 1.267 NCE_Y: 0.855 
(epoch: 60, iters: 6840, time: 0.052, data: 0.001) G_GAN: 0.873 D_real: 0.007 D_fake: 0.010 G: 1.930 NCE: 1.220 NCE_Y: 0.895 
(epoch: 60, iters: 6940, time: 0.052, data: 0.001) G_GAN: 0.902 D_real: 0.007 D_fake: 0.010 G: 1.947 NCE: 1.220 NCE_Y: 0.868 
(epoch: 60, iters: 7040, time: 0.053, data: 0.001) G_GAN: 1.042 D_real: 0.004 D_fake: 0.005 G: 2.064 NCE: 1.212 NCE_Y: 0.833 
(epoch: 60, iters: 7140, time: 0.053, data: 0.001) G_GAN: 0.855 D_real: 0.005 D_fake: 0.008 G: 1.932 NCE: 1.288 NCE_Y: 0.866 
(epoch: 60, iters: 7240, time: 0.053, data: 0.001) G_GAN: 0.972 D_real: 0.005 D_fake: 0.004 G: 1.983 NCE: 1.203 NCE_Y: 0.819 
(epoch: 60, iters: 7340, time: 0.053, data: 0.001) G_GAN: 0.993 D_real: 0.007 D_fake: 0.003 G: 2.035 NCE: 1.252 NCE_Y: 0.832 
(epoch: 60, iters: 7440, time: 0.053, data: 0.001) G_GAN: 0.877 D_real: 0.008 D_fake: 0.006 G: 1.916 NCE: 1.197 NCE_Y: 0.880 
(epoch: 60, iters: 7540, time: 0.053, data: 0.001) G_GAN: 0.935 D_real: 0.006 D_fake: 0.005 G: 2.032 NCE: 1.329 NCE_Y: 0.867 
(epoch: 60, iters: 7640, time: 0.053, data: 0.002) G_GAN: 0.921 D_real: 0.014 D_fake: 0.003 G: 1.971 NCE: 1.222 NCE_Y: 0.878 
(epoch: 60, iters: 7740, time: 0.053, data: 0.001) G_GAN: 0.917 D_real: 0.006 D_fake: 0.006 G: 1.950 NCE: 1.221 NCE_Y: 0.843 
(epoch: 60, iters: 7840, time: 0.052, data: 0.001) G_GAN: 0.887 D_real: 0.005 D_fake: 0.007 G: 1.904 NCE: 1.213 NCE_Y: 0.821 
(epoch: 60, iters: 7940, time: 0.052, data: 0.002) G_GAN: 0.964 D_real: 0.007 D_fake: 0.003 G: 1.952 NCE: 1.159 NCE_Y: 0.815 
(epoch: 60, iters: 8040, time: 0.053, data: 0.001) G_GAN: 0.940 D_real: 0.004 D_fake: 0.003 G: 1.978 NCE: 1.229 NCE_Y: 0.848 
saving the model at the end of epoch 60, iters 482400
End of epoch 60 / 60 	 Time Taken: 442 sec
learning rate = 0.0000000
